:0200000460009A
:100000004643464200000156000000000103030081
:1000100000000000000000000000000000000000E0
:1000200000000000000000000000000000000000D0
:1000300000000000000000000000000000000000C0
:1000400000000000010408000000000000000000A3
:100050000000800000000000000000000000000020
:100060000000000000000000000000000000000090
:100070000000000000000000000000000000000080
:10008000EB04180A063204260000000000000000FD
:10009000050404240000000000000000000000002F
:1000A0000000000000000000000000000000000050
:1000B0000604000000000000000000000000000036
:1000C0000000000000000000000000000000000030
:1000D00020041808000000000000000000000000DC
:1000E0000000000000000000000000000000000010
:1000F0000000000000000000000000000000000000
:10010000D8041808000000000000000000000000F3
:100110000204180804200000000000000000000095
:1001200000000000000000000000000000000000CF
:10013000600400000000000000000000000000005B
:1001400000000000000000000000000000000000AF
:10015000000000000000000000000000000000009F
:10016000000000000000000000000000000000008F
:10017000000000000000000000000000000000007F
:10018000000000000000000000000000000000006F
:10019000000000000000000000000000000000005F
:1001A000000000000000000000000000000000004F
:1001B000000000000000000000000000000000003F
:1001C000000100000010000001000000000000001D
:1001D000000001000000000000000000000000001E
:1001E000000000000000000000000000000000000F
:1001F00000000000000000000000000000000000FF
:10020000FFFFFFFFFFFFFFFFFFFFFFFFFFFFFFFFFE
:10021000FFFFFFFFFFFFFFFFFFFFFFFFFFFFFFFFEE
:10022000FFFFFFFFFFFFFFFFFFFFFFFFFFFFFFFFDE
:10023000FFFFFFFFFFFFFFFFFFFFFFFFFFFFFFFFCE
:10024000FFFFFFFFFFFFFFFFFFFFFFFFFFFFFFFFBE
:10025000FFFFFFFFFFFFFFFFFFFFFFFFFFFFFFFFAE
:10026000FFFFFFFFFFFFFFFFFFFFFFFFFFFFFFFF9E
:10027000FFFFFFFFFFFFFFFFFFFFFFFFFFFFFFFF8E
:10028000FFFFFFFFFFFFFFFFFFFFFFFFFFFFFFFF7E
:10029000FFFFFFFFFFFFFFFFFFFFFFFFFFFFFFFF6E
:1002A000FFFFFFFFFFFFFFFFFFFFFFFFFFFFFFFF5E
:1002B000FFFFFFFFFFFFFFFFFFFFFFFFFFFFFFFF4E
:1002C000FFFFFFFFFFFFFFFFFFFFFFFFFFFFFFFF3E
:1002D000FFFFFFFFFFFFFFFFFFFFFFFFFFFFFFFF2E
:1002E000FFFFFFFFFFFFFFFFFFFFFFFFFFFFFFFF1E
:1002F000FFFFFFFFFFFFFFFFFFFFFFFFFFFFFFFF0E
:10030000FFFFFFFFFFFFFFFFFFFFFFFFFFFFFFFFFD
:10031000FFFFFFFFFFFFFFFFFFFFFFFFFFFFFFFFED
:10032000FFFFFFFFFFFFFFFFFFFFFFFFFFFFFFFFDD
:10033000FFFFFFFFFFFFFFFFFFFFFFFFFFFFFFFFCD
:10034000FFFFFFFFFFFFFFFFFFFFFFFFFFFFFFFFBD
:10035000FFFFFFFFFFFFFFFFFFFFFFFFFFFFFFFFAD
:10036000FFFFFFFFFFFFFFFFFFFFFFFFFFFFFFFF9D
:10037000FFFFFFFFFFFFFFFFFFFFFFFFFFFFFFFF8D
:10038000FFFFFFFFFFFFFFFFFFFFFFFFFFFFFFFF7D
:10039000FFFFFFFFFFFFFFFFFFFFFFFFFFFFFFFF6D
:1003A000FFFFFFFFFFFFFFFFFFFFFFFFFFFFFFFF5D
:1003B000FFFFFFFFFFFFFFFFFFFFFFFFFFFFFFFF4D
:1003C000FFFFFFFFFFFFFFFFFFFFFFFFFFFFFFFF3D
:1003D000FFFFFFFFFFFFFFFFFFFFFFFFFFFFFFFF2D
:1003E000FFFFFFFFFFFFFFFFFFFFFFFFFFFFFFFF1D
:1003F000FFFFFFFFFFFFFFFFFFFFFFFFFFFFFFFF0D
:10040000FFFFFFFFFFFFFFFFFFFFFFFFFFFFFFFFFC
:10041000FFFFFFFFFFFFFFFFFFFFFFFFFFFFFFFFEC
:10042000FFFFFFFFFFFFFFFFFFFFFFFFFFFFFFFFDC
:10043000FFFFFFFFFFFFFFFFFFFFFFFFFFFFFFFFCC
:10044000FFFFFFFFFFFFFFFFFFFFFFFFFFFFFFFFBC
:10045000FFFFFFFFFFFFFFFFFFFFFFFFFFFFFFFFAC
:10046000FFFFFFFFFFFFFFFFFFFFFFFFFFFFFFFF9C
:10047000FFFFFFFFFFFFFFFFFFFFFFFFFFFFFFFF8C
:10048000FFFFFFFFFFFFFFFFFFFFFFFFFFFFFFFF7C
:10049000FFFFFFFFFFFFFFFFFFFFFFFFFFFFFFFF6C
:1004A000FFFFFFFFFFFFFFFFFFFFFFFFFFFFFFFF5C
:1004B000FFFFFFFFFFFFFFFFFFFFFFFFFFFFFFFF4C
:1004C000FFFFFFFFFFFFFFFFFFFFFFFFFFFFFFFF3C
:1004D000FFFFFFFFFFFFFFFFFFFFFFFFFFFFFFFF2C
:1004E000FFFFFFFFFFFFFFFFFFFFFFFFFFFFFFFF1C
:1004F000FFFFFFFFFFFFFFFFFFFFFFFFFFFFFFFF0C
:10050000FFFFFFFFFFFFFFFFFFFFFFFFFFFFFFFFFB
:10051000FFFFFFFFFFFFFFFFFFFFFFFFFFFFFFFFEB
:10052000FFFFFFFFFFFFFFFFFFFFFFFFFFFFFFFFDB
:10053000FFFFFFFFFFFFFFFFFFFFFFFFFFFFFFFFCB
:10054000FFFFFFFFFFFFFFFFFFFFFFFFFFFFFFFFBB
:10055000FFFFFFFFFFFFFFFFFFFFFFFFFFFFFFFFAB
:10056000FFFFFFFFFFFFFFFFFFFFFFFFFFFFFFFF9B
:10057000FFFFFFFFFFFFFFFFFFFFFFFFFFFFFFFF8B
:10058000FFFFFFFFFFFFFFFFFFFFFFFFFFFFFFFF7B
:10059000FFFFFFFFFFFFFFFFFFFFFFFFFFFFFFFF6B
:1005A000FFFFFFFFFFFFFFFFFFFFFFFFFFFFFFFF5B
:1005B000FFFFFFFFFFFFFFFFFFFFFFFFFFFFFFFF4B
:1005C000FFFFFFFFFFFFFFFFFFFFFFFFFFFFFFFF3B
:1005D000FFFFFFFFFFFFFFFFFFFFFFFFFFFFFFFF2B
:1005E000FFFFFFFFFFFFFFFFFFFFFFFFFFFFFFFF1B
:1005F000FFFFFFFFFFFFFFFFFFFFFFFFFFFFFFFF0B
:10060000FFFFFFFFFFFFFFFFFFFFFFFFFFFFFFFFFA
:10061000FFFFFFFFFFFFFFFFFFFFFFFFFFFFFFFFEA
:10062000FFFFFFFFFFFFFFFFFFFFFFFFFFFFFFFFDA
:10063000FFFFFFFFFFFFFFFFFFFFFFFFFFFFFFFFCA
:10064000FFFFFFFFFFFFFFFFFFFFFFFFFFFFFFFFBA
:10065000FFFFFFFFFFFFFFFFFFFFFFFFFFFFFFFFAA
:10066000FFFFFFFFFFFFFFFFFFFFFFFFFFFFFFFF9A
:10067000FFFFFFFFFFFFFFFFFFFFFFFFFFFFFFFF8A
:10068000FFFFFFFFFFFFFFFFFFFFFFFFFFFFFFFF7A
:10069000FFFFFFFFFFFFFFFFFFFFFFFFFFFFFFFF6A
:1006A000FFFFFFFFFFFFFFFFFFFFFFFFFFFFFFFF5A
:1006B000FFFFFFFFFFFFFFFFFFFFFFFFFFFFFFFF4A
:1006C000FFFFFFFFFFFFFFFFFFFFFFFFFFFFFFFF3A
:1006D000FFFFFFFFFFFFFFFFFFFFFFFFFFFFFFFF2A
:1006E000FFFFFFFFFFFFFFFFFFFFFFFFFFFFFFFF1A
:1006F000FFFFFFFFFFFFFFFFFFFFFFFFFFFFFFFF0A
:10070000FFFFFFFFFFFFFFFFFFFFFFFFFFFFFFFFF9
:10071000FFFFFFFFFFFFFFFFFFFFFFFFFFFFFFFFE9
:10072000FFFFFFFFFFFFFFFFFFFFFFFFFFFFFFFFD9
:10073000FFFFFFFFFFFFFFFFFFFFFFFFFFFFFFFFC9
:10074000FFFFFFFFFFFFFFFFFFFFFFFFFFFFFFFFB9
:10075000FFFFFFFFFFFFFFFFFFFFFFFFFFFFFFFFA9
:10076000FFFFFFFFFFFFFFFFFFFFFFFFFFFFFFFF99
:10077000FFFFFFFFFFFFFFFFFFFFFFFFFFFFFFFF89
:10078000FFFFFFFFFFFFFFFFFFFFFFFFFFFFFFFF79
:10079000FFFFFFFFFFFFFFFFFFFFFFFFFFFFFFFF69
:1007A000FFFFFFFFFFFFFFFFFFFFFFFFFFFFFFFF59
:1007B000FFFFFFFFFFFFFFFFFFFFFFFFFFFFFFFF49
:1007C000FFFFFFFFFFFFFFFFFFFFFFFFFFFFFFFF39
:1007D000FFFFFFFFFFFFFFFFFFFFFFFFFFFFFFFF29
:1007E000FFFFFFFFFFFFFFFFFFFFFFFFFFFFFFFF19
:1007F000FFFFFFFFFFFFFFFFFFFFFFFFFFFFFFFF09
:10080000FFFFFFFFFFFFFFFFFFFFFFFFFFFFFFFFF8
:10081000FFFFFFFFFFFFFFFFFFFFFFFFFFFFFFFFE8
:10082000FFFFFFFFFFFFFFFFFFFFFFFFFFFFFFFFD8
:10083000FFFFFFFFFFFFFFFFFFFFFFFFFFFFFFFFC8
:10084000FFFFFFFFFFFFFFFFFFFFFFFFFFFFFFFFB8
:10085000FFFFFFFFFFFFFFFFFFFFFFFFFFFFFFFFA8
:10086000FFFFFFFFFFFFFFFFFFFFFFFFFFFFFFFF98
:10087000FFFFFFFFFFFFFFFFFFFFFFFFFFFFFFFF88
:10088000FFFFFFFFFFFFFFFFFFFFFFFFFFFFFFFF78
:10089000FFFFFFFFFFFFFFFFFFFFFFFFFFFFFFFF68
:1008A000FFFFFFFFFFFFFFFFFFFFFFFFFFFFFFFF58
:1008B000FFFFFFFFFFFFFFFFFFFFFFFFFFFFFFFF48
:1008C000FFFFFFFFFFFFFFFFFFFFFFFFFFFFFFFF38
:1008D000FFFFFFFFFFFFFFFFFFFFFFFFFFFFFFFF28
:1008E000FFFFFFFFFFFFFFFFFFFFFFFFFFFFFFFF18
:1008F000FFFFFFFFFFFFFFFFFFFFFFFFFFFFFFFF08
:10090000FFFFFFFFFFFFFFFFFFFFFFFFFFFFFFFFF7
:10091000FFFFFFFFFFFFFFFFFFFFFFFFFFFFFFFFE7
:10092000FFFFFFFFFFFFFFFFFFFFFFFFFFFFFFFFD7
:10093000FFFFFFFFFFFFFFFFFFFFFFFFFFFFFFFFC7
:10094000FFFFFFFFFFFFFFFFFFFFFFFFFFFFFFFFB7
:10095000FFFFFFFFFFFFFFFFFFFFFFFFFFFFFFFFA7
:10096000FFFFFFFFFFFFFFFFFFFFFFFFFFFFFFFF97
:10097000FFFFFFFFFFFFFFFFFFFFFFFFFFFFFFFF87
:10098000FFFFFFFFFFFFFFFFFFFFFFFFFFFFFFFF77
:10099000FFFFFFFFFFFFFFFFFFFFFFFFFFFFFFFF67
:1009A000FFFFFFFFFFFFFFFFFFFFFFFFFFFFFFFF57
:1009B000FFFFFFFFFFFFFFFFFFFFFFFFFFFFFFFF47
:1009C000FFFFFFFFFFFFFFFFFFFFFFFFFFFFFFFF37
:1009D000FFFFFFFFFFFFFFFFFFFFFFFFFFFFFFFF27
:1009E000FFFFFFFFFFFFFFFFFFFFFFFFFFFFFFFF17
:1009F000FFFFFFFFFFFFFFFFFFFFFFFFFFFFFFFF07
:100A0000FFFFFFFFFFFFFFFFFFFFFFFFFFFFFFFFF6
:100A1000FFFFFFFFFFFFFFFFFFFFFFFFFFFFFFFFE6
:100A2000FFFFFFFFFFFFFFFFFFFFFFFFFFFFFFFFD6
:100A3000FFFFFFFFFFFFFFFFFFFFFFFFFFFFFFFFC6
:100A4000FFFFFFFFFFFFFFFFFFFFFFFFFFFFFFFFB6
:100A5000FFFFFFFFFFFFFFFFFFFFFFFFFFFFFFFFA6
:100A6000FFFFFFFFFFFFFFFFFFFFFFFFFFFFFFFF96
:100A7000FFFFFFFFFFFFFFFFFFFFFFFFFFFFFFFF86
:100A8000FFFFFFFFFFFFFFFFFFFFFFFFFFFFFFFF76
:100A9000FFFFFFFFFFFFFFFFFFFFFFFFFFFFFFFF66
:100AA000FFFFFFFFFFFFFFFFFFFFFFFFFFFFFFFF56
:100AB000FFFFFFFFFFFFFFFFFFFFFFFFFFFFFFFF46
:100AC000FFFFFFFFFFFFFFFFFFFFFFFFFFFFFFFF36
:100AD000FFFFFFFFFFFFFFFFFFFFFFFFFFFFFFFF26
:100AE000FFFFFFFFFFFFFFFFFFFFFFFFFFFFFFFF16
:100AF000FFFFFFFFFFFFFFFFFFFFFFFFFFFFFFFF06
:100B0000FFFFFFFFFFFFFFFFFFFFFFFFFFFFFFFFF5
:100B1000FFFFFFFFFFFFFFFFFFFFFFFFFFFFFFFFE5
:100B2000FFFFFFFFFFFFFFFFFFFFFFFFFFFFFFFFD5
:100B3000FFFFFFFFFFFFFFFFFFFFFFFFFFFFFFFFC5
:100B4000FFFFFFFFFFFFFFFFFFFFFFFFFFFFFFFFB5
:100B5000FFFFFFFFFFFFFFFFFFFFFFFFFFFFFFFFA5
:100B6000FFFFFFFFFFFFFFFFFFFFFFFFFFFFFFFF95
:100B7000FFFFFFFFFFFFFFFFFFFFFFFFFFFFFFFF85
:100B8000FFFFFFFFFFFFFFFFFFFFFFFFFFFFFFFF75
:100B9000FFFFFFFFFFFFFFFFFFFFFFFFFFFFFFFF65
:100BA000FFFFFFFFFFFFFFFFFFFFFFFFFFFFFFFF55
:100BB000FFFFFFFFFFFFFFFFFFFFFFFFFFFFFFFF45
:100BC000FFFFFFFFFFFFFFFFFFFFFFFFFFFFFFFF35
:100BD000FFFFFFFFFFFFFFFFFFFFFFFFFFFFFFFF25
:100BE000FFFFFFFFFFFFFFFFFFFFFFFFFFFFFFFF15
:100BF000FFFFFFFFFFFFFFFFFFFFFFFFFFFFFFFF05
:100C0000FFFFFFFFFFFFFFFFFFFFFFFFFFFFFFFFF4
:100C1000FFFFFFFFFFFFFFFFFFFFFFFFFFFFFFFFE4
:100C2000FFFFFFFFFFFFFFFFFFFFFFFFFFFFFFFFD4
:100C3000FFFFFFFFFFFFFFFFFFFFFFFFFFFFFFFFC4
:100C4000FFFFFFFFFFFFFFFFFFFFFFFFFFFFFFFFB4
:100C5000FFFFFFFFFFFFFFFFFFFFFFFFFFFFFFFFA4
:100C6000FFFFFFFFFFFFFFFFFFFFFFFFFFFFFFFF94
:100C7000FFFFFFFFFFFFFFFFFFFFFFFFFFFFFFFF84
:100C8000FFFFFFFFFFFFFFFFFFFFFFFFFFFFFFFF74
:100C9000FFFFFFFFFFFFFFFFFFFFFFFFFFFFFFFF64
:100CA000FFFFFFFFFFFFFFFFFFFFFFFFFFFFFFFF54
:100CB000FFFFFFFFFFFFFFFFFFFFFFFFFFFFFFFF44
:100CC000FFFFFFFFFFFFFFFFFFFFFFFFFFFFFFFF34
:100CD000FFFFFFFFFFFFFFFFFFFFFFFFFFFFFFFF24
:100CE000FFFFFFFFFFFFFFFFFFFFFFFFFFFFFFFF14
:100CF000FFFFFFFFFFFFFFFFFFFFFFFFFFFFFFFF04
:100D0000FFFFFFFFFFFFFFFFFFFFFFFFFFFFFFFFF3
:100D1000FFFFFFFFFFFFFFFFFFFFFFFFFFFFFFFFE3
:100D2000FFFFFFFFFFFFFFFFFFFFFFFFFFFFFFFFD3
:100D3000FFFFFFFFFFFFFFFFFFFFFFFFFFFFFFFFC3
:100D4000FFFFFFFFFFFFFFFFFFFFFFFFFFFFFFFFB3
:100D5000FFFFFFFFFFFFFFFFFFFFFFFFFFFFFFFFA3
:100D6000FFFFFFFFFFFFFFFFFFFFFFFFFFFFFFFF93
:100D7000FFFFFFFFFFFFFFFFFFFFFFFFFFFFFFFF83
:100D8000FFFFFFFFFFFFFFFFFFFFFFFFFFFFFFFF73
:100D9000FFFFFFFFFFFFFFFFFFFFFFFFFFFFFFFF63
:100DA000FFFFFFFFFFFFFFFFFFFFFFFFFFFFFFFF53
:100DB000FFFFFFFFFFFFFFFFFFFFFFFFFFFFFFFF43
:100DC000FFFFFFFFFFFFFFFFFFFFFFFFFFFFFFFF33
:100DD000FFFFFFFFFFFFFFFFFFFFFFFFFFFFFFFF23
:100DE000FFFFFFFFFFFFFFFFFFFFFFFFFFFFFFFF13
:100DF000FFFFFFFFFFFFFFFFFFFFFFFFFFFFFFFF03
:100E0000FFFFFFFFFFFFFFFFFFFFFFFFFFFFFFFFF2
:100E1000FFFFFFFFFFFFFFFFFFFFFFFFFFFFFFFFE2
:100E2000FFFFFFFFFFFFFFFFFFFFFFFFFFFFFFFFD2
:100E3000FFFFFFFFFFFFFFFFFFFFFFFFFFFFFFFFC2
:100E4000FFFFFFFFFFFFFFFFFFFFFFFFFFFFFFFFB2
:100E5000FFFFFFFFFFFFFFFFFFFFFFFFFFFFFFFFA2
:100E6000FFFFFFFFFFFFFFFFFFFFFFFFFFFFFFFF92
:100E7000FFFFFFFFFFFFFFFFFFFFFFFFFFFFFFFF82
:100E8000FFFFFFFFFFFFFFFFFFFFFFFFFFFFFFFF72
:100E9000FFFFFFFFFFFFFFFFFFFFFFFFFFFFFFFF62
:100EA000FFFFFFFFFFFFFFFFFFFFFFFFFFFFFFFF52
:100EB000FFFFFFFFFFFFFFFFFFFFFFFFFFFFFFFF42
:100EC000FFFFFFFFFFFFFFFFFFFFFFFFFFFFFFFF32
:100ED000FFFFFFFFFFFFFFFFFFFFFFFFFFFFFFFF22
:100EE000FFFFFFFFFFFFFFFFFFFFFFFFFFFFFFFF12
:100EF000FFFFFFFFFFFFFFFFFFFFFFFFFFFFFFFF02
:100F0000FFFFFFFFFFFFFFFFFFFFFFFFFFFFFFFFF1
:100F1000FFFFFFFFFFFFFFFFFFFFFFFFFFFFFFFFE1
:100F2000FFFFFFFFFFFFFFFFFFFFFFFFFFFFFFFFD1
:100F3000FFFFFFFFFFFFFFFFFFFFFFFFFFFFFFFFC1
:100F4000FFFFFFFFFFFFFFFFFFFFFFFFFFFFFFFFB1
:100F5000FFFFFFFFFFFFFFFFFFFFFFFFFFFFFFFFA1
:100F6000FFFFFFFFFFFFFFFFFFFFFFFFFFFFFFFF91
:100F7000FFFFFFFFFFFFFFFFFFFFFFFFFFFFFFFF81
:100F8000FFFFFFFFFFFFFFFFFFFFFFFFFFFFFFFF71
:100F9000FFFFFFFFFFFFFFFFFFFFFFFFFFFFFFFF61
:100FA000FFFFFFFFFFFFFFFFFFFFFFFFFFFFFFFF51
:100FB000FFFFFFFFFFFFFFFFFFFFFFFFFFFFFFFF41
:100FC000FFFFFFFFFFFFFFFFFFFFFFFFFFFFFFFF31
:100FD000FFFFFFFFFFFFFFFFFFFFFFFFFFFFFFFF21
:100FE000FFFFFFFFFFFFFFFFFFFFFFFFFFFFFFFF11
:100FF000FFFFFFFFFFFFFFFFFFFFFFFFFFFFFFFF01
:10100000D10020432914006000000000000000000F
:1010100020100060001000600098036000000000D5
:101020000000006000A4030000000000FFFFFFFFBD
:10103000FFFFFFFFFFFFFFFFFFFFFFFFFFFFFFFFC0
:10104000FFFFFFFFFFFFFFFFFFFFFFFFFFFFFFFFB0
:10105000FFFFFFFFFFFFFFFFFFFFFFFFFFFFFFFFA0
:10106000FFFFFFFFFFFFFFFFFFFFFFFFFFFFFFFF90
:10107000FFFFFFFFFFFFFFFFFFFFFFFFFFFFFFFF80
:10108000FFFFFFFFFFFFFFFFFFFFFFFFFFFFFFFF70
:10109000FFFFFFFFFFFFFFFFFFFFFFFFFFFFFFFF60
:1010A000FFFFFFFFFFFFFFFFFFFFFFFFFFFFFFFF50
:1010B000FFFFFFFFFFFFFFFFFFFFFFFFFFFFFFFF40
:1010C000FFFFFFFFFFFFFFFFFFFFFFFFFFFFFFFF30
:1010D000FFFFFFFFFFFFFFFFFFFFFFFFFFFFFFFF20
:1010E000FFFFFFFFFFFFFFFFFFFFFFFFFFFFFFFF10
:1010F000FFFFFFFFFFFFFFFFFFFFFFFFFFFFFFFF00
:10110000FFFFFFFFFFFFFFFFFFFFFFFFFFFFFFFFEF
:10111000FFFFFFFFFFFFFFFFFFFFFFFFFFFFFFFFDF
:10112000FFFFFFFFFFFFFFFFFFFFFFFFFFFFFFFFCF
:10113000FFFFFFFFFFFFFFFFFFFFFFFFFFFFFFFFBF
:10114000FFFFFFFFFFFFFFFFFFFFFFFFFFFFFFFFAF
:10115000FFFFFFFFFFFFFFFFFFFFFFFFFFFFFFFF9F
:10116000FFFFFFFFFFFFFFFFFFFFFFFFFFFFFFFF8F
:10117000FFFFFFFFFFFFFFFFFFFFFFFFFFFFFFFF7F
:10118000FFFFFFFFFFFFFFFFFFFFFFFFFFFFFFFF6F
:10119000FFFFFFFFFFFFFFFFFFFFFFFFFFFFFFFF5F
:1011A000FFFFFFFFFFFFFFFFFFFFFFFFFFFFFFFF4F
:1011B000FFFFFFFFFFFFFFFFFFFFFFFFFFFFFFFF3F
:1011C000FFFFFFFFFFFFFFFFFFFFFFFFFFFFFFFF2F
:1011D000FFFFFFFFFFFFFFFFFFFFFFFFFFFFFFFF1F
:1011E000FFFFFFFFFFFFFFFFFFFFFFFFFFFFFFFF0F
:1011F000FFFFFFFFFFFFFFFFFFFFFFFFFFFFFFFFFF
:10120000FFFFFFFFFFFFFFFFFFFFFFFFFFFFFFFFEE
:10121000FFFFFFFFFFFFFFFFFFFFFFFFFFFFFFFFDE
:10122000FFFFFFFFFFFFFFFFFFFFFFFFFFFFFFFFCE
:10123000FFFFFFFFFFFFFFFFFFFFFFFFFFFFFFFFBE
:10124000FFFFFFFFFFFFFFFFFFFFFFFFFFFFFFFFAE
:10125000FFFFFFFFFFFFFFFFFFFFFFFFFFFFFFFF9E
:10126000FFFFFFFFFFFFFFFFFFFFFFFFFFFFFFFF8E
:10127000FFFFFFFFFFFFFFFFFFFFFFFFFFFFFFFF7E
:10128000FFFFFFFFFFFFFFFFFFFFFFFFFFFFFFFF6E
:10129000FFFFFFFFFFFFFFFFFFFFFFFFFFFFFFFF5E
:1012A000FFFFFFFFFFFFFFFFFFFFFFFFFFFFFFFF4E
:1012B000FFFFFFFFFFFFFFFFFFFFFFFFFFFFFFFF3E
:1012C000FFFFFFFFFFFFFFFFFFFFFFFFFFFFFFFF2E
:1012D000FFFFFFFFFFFFFFFFFFFFFFFFFFFFFFFF1E
:1012E000FFFFFFFFFFFFFFFFFFFFFFFFFFFFFFFF0E
:1012F000FFFFFFFFFFFFFFFFFFFFFFFFFFFFFFFFFE
:10130000FFFFFFFFFFFFFFFFFFFFFFFFFFFFFFFFED
:10131000FFFFFFFFFFFFFFFFFFFFFFFFFFFFFFFFDD
:10132000FFFFFFFFFFFFFFFFFFFFFFFFFFFFFFFFCD
:10133000FFFFFFFFFFFFFFFFFFFFFFFFFFFFFFFFBD
:10134000FFFFFFFFFFFFFFFFFFFFFFFFFFFFFFFFAD
:10135000FFFFFFFFFFFFFFFFFFFFFFFFFFFFFFFF9D
:10136000FFFFFFFFFFFFFFFFFFFFFFFFFFFFFFFF8D
:10137000FFFFFFFFFFFFFFFFFFFFFFFFFFFFFFFF7D
:10138000FFFFFFFFFFFFFFFFFFFFFFFFFFFFFFFF6D
:10139000FFFFFFFFFFFFFFFFFFFFFFFFFFFFFFFF5D
:1013A000FFFFFFFFFFFFFFFFFFFFFFFFFFFFFFFF4D
:1013B000FFFFFFFFFFFFFFFFFFFFFFFFFFFFFFFF3D
:1013C000FFFFFFFFFFFFFFFFFFFFFFFFFFFFFFFF2D
:1013D000FFFFFFFFFFFFFFFFFFFFFFFFFFFFFFFF1D
:1013E000FFFFFFFFFFFFFFFFFFFFFFFFFFFFFFFF0D
:1013F000FFFFFFFFFFFFFFFFFFFFFFFFFFFFFFFFFD
:10140000884207D0904205D251F8043B40F8043B93
:101410008242F9D8704700BF884204D2002340F8C6
:10142000043B8142FBD87047664B4FF42A01664A61
:1014300066482DE9F0475A641864654A99639546F1
:10144000BFF34F8FBFF36F8F01F070FA614B08202D
:10145000614A6249C3F854016148FFF7D1FF614A0C
:1014600061496248FFF7CCFF61496248FFF7D4FF4A
:10147000614C62494FF470000023614A086044F8EF
:1014800023200133B02BFAD15E4B80215E4A03F852
:10149000011B9342FBD14F4D4FF080385B494FF019
:1014A000FF325B4B0026DFF8A4A1DFF8A4911C609B
:1014B000C5F80481C5F800A1C5F8F480C5F8F0901E
:1014C0000B68544F43F4E0230B60FB693D4923F064
:1014D0007F0343F04003FB617B6A23F07F0343F00B
:1014E00040037B628A66CA660A674A6701F024FA8B
:1014F000494A4A4B6320A2630321E363484A494BAC
:10150000106000F160401E6042F8041C00F6A170FB
:101510004549464AC3F8082D0B68454A43F0807395
:101520000B601368434943F00103136003680B60C9
:1015300001F052FCC5F804813F48C5F800A1C5F888
:10154000F480C5F8F09001F027FEF96E3B4A41F4B3
:1015500040513B4BF9661660C2F80861C2F8186149
:10156000C2F82861C2F838619A6BD20708D442F6F3
:101570001562344959651A659A6B42F001029A6303
:101580002F4A314C936843F00113936001F046FAFF
:1015900001F096FD01F020FE01F050FC01F0C8F9C9
:1015A0002368132BFCD901F0EBFC2368B3F5967F7D
:1015B000FBD301F0BFF901F0F3FD01F0CDFD30BF29
:1015C000FDE700BF00C00A40FFAFAAAA0700200045
:1015D0000000052000800D40D8920200F0620060FB
:1015E00000000000C09E0020CCF50260000000203A
:1015F00080C30020C09E0020009C002088ED00E0F9
:1016000079F9010000E400E0A0E400E024ED00E04E
:1016100008ED00E000C00F40E10D0200E50D020002
:1016200014E000E018E000E0FCED00E00000202005
:10163000001000E004B800200046C323004008402A
:1016400000400D400000C0560CB800201B101820B0
:101650000C0D1113084B1B6863B110B401E09B69BA
:1016600033B11C788442FAD15C688C42F7D15A615C
:101670005DF8044B704700BFB0A90020F8B50546DF
:101680001C2001F0C1FDB0B10646044669684FF068
:10169000000E2868AA68EB68084F0FC428696969BA
:1016A0003A6803C4C6F818E00AB905E01A46936917
:1016B000002BFBD19661F8BD3E60F8BDB0A90020BB
:1016C0002DE9F043424C83B08146424F04F50C783B
:1016D00002E01C3444451CD0E36801210B2BF8D0F8
:1016E000257A666828462D0101F08AFD7B197A5912
:1016F000DB6886E80C00E3680C2BEAD162686B4675
:101700001C3410685168444503C30346C3F888106D
:10171000E2D1314A0021314B314C1960D36E31484E
:1017200043F44053D366C4F828022F4D02F56C22CF
:1017300002272E4B4FF080604FF483562F704025C8
:101740001860D38B2A4823F001031B041B0CD3839E
:10175000D18096819582C4F8600226484FF4807348
:10176000254F01703B60D08B244B80B2DFF8A0E0A6
:1017700040F00100D083DA8B22F001021204120C37
:10178000DA83D9809E819D82C4F854E21C4D2022C8
:101790001C4829703A60DA8B92B242F00102DA8377
:1017A000C4F8B40299F800304846174DA3F1170366
:1017B000164CD5F80C21B3FA83F35B0923709047DC
:1017C000D5F8883001209847207803B0BDE8F08331
:1017D00090910020D007002000C00F40004008403A
:1017E000009C0020151500007AE400E00CE100E008
:1017F0005D0B000088E400E010E100E000C01D4047
:1018000085E400E0A515000034BE00204CBC00209B
:10181000850D00002DE9F047374C0F469046374EB6
:10182000237F002543F00103237756F808EC414657
:10183000627FAEF1010316F80EAC16F818CCB3FABD
:1018400083F3DFF8B490257101355B09E660484603
:10185000C4F808E063F304123369C4F814A02C360A
:10186000627784F805C02361B8470E2DDDD1244E80
:1018700000220223A9F81C2006F50C7A89F81C30F6
:1018800002E01C36B2451BD0306830F00203F8D0BD
:1018900016F8043C1C3656F8242C414616F828EC61
:1018A00005F10109636156F8143C25714D46A060AD
:1018B000E26084F805E023610F48B847B245E3D100
:1018C000104B1E6886B1F36825710135636132786B
:1018D000736962717268A26043B141460648236130
:1018E000B847B669002EEED1BDE8F087706801F008
:1018F0001BFC0346F1E700BFD8AA0020A08E002001
:101900009C910020B0A9002070B584780546012183
:101910000C3CE4B2072C1CD8174E42180023084692
:1019200056F8244001F004FCC8B10022297801F0E7
:1019300073FCE4B1AA78114B12019A582260AA787C
:1019400003EB0213DB6863606878FF3818BF01207F
:1019500070BD42180023084601F0EAFB18B9FF23C6
:1019600000206B7070BD0022297801F055FC68786A
:10197000FF3818BF012070BDCC030020D007002025
:10198000B54B1B78002B00F0E081B44BF0EE006A01
:101990009FEDB36AB3492DE9F04FB34C83B0B34F19
:1019A000A28AD7ED077A22F0300297F80052B04EA3
:1019B00077EEA66A1204120CA282AC071B68D0ED67
:1019C000407AA6FB032377EEC67A4FEA934307EEED
:1019D000103AB8EEC77A66EE876A67EE877AFCEE51
:1019E000E66AFCEEE77AC1ED026A17EE903AC1EDC5
:1019F000007A00F160819F4AC7F898209A4A9BB20A
:101A000080469D4C1380938A9C4823F080031B04DE
:101A10001B0C938293899BB29381C0F86042984BD0
:101A20004FF0005EDFF878C20E25988A4FF02C0B3D
:101A3000944C20F0300004F11806A4F50F7A00044D
:101A4000000C988209881980998A21F08001090484
:101A5000090C9982998989B2998198F81C9198F812
:101A60001B31CCF800E089EA0303009303F0040380
:101A7000DBB201932069013DB0F5801F05D00BFB5F
:101A800005A319896FF34911198116F8181C01393A
:101A90002A2946D8DFE811F006010C01450045006F
:101AA0004500090145004500450045004500450049
:101AB00045004500450045004500450045004500FE
:101AC00045004500450045004500450045004500EE
:101AD00045004500CF00CF00CF0045004500B300D2
:101AE000B300B300450045002B002B002B0098F8F5
:101AF0001C110BFB05A3019A11F0040F197A0CBFFE
:101B00004FF0010E4FF0020E002A6EF3C4010CBF1D
:101B10004FF0010E4FF0020E197219896EF3491140
:101B2000198197F8003213F0010309D0A0F58070F5
:101B30000BFB05A3B0FA80F05B7A400940EAD313AF
:101B40000BFB05A191F809E063F3C71E0B7A03F0C4
:101B5000180381F809E0A07A082B14BF03210221A1
:101B600001F04EFBA369B3F1844F00F0E2804649D7
:101B70008B4200F0E28045498B420CBF02230323D5
:101B800084F8203063691BB130687168186059604F
:101B90000BFB05A9B9F8081001F47871002940F091
:101BA000A7802C3C2C3E002D7FF464AF384C394E7E
:101BB000A4F1400594F83100FF2816D094F83210B3
:101BC00099B194F830301C2B26FA03F240F2B98018
:101BD0008B0706D0A38EB8F890201A420CBF0121C3
:101BE0000221D7F864312C4A9847103CAC42E1D12D
:101BF0002A4B4FF000521A6003B0BDE8F08F98F8FE
:101C00001C110BFB05A3009A11F0020F197A0CBFEF
:101C10004FF0010E4FF0020E12F0020F6EF3C401EE
:101C20000CBF4FF0010E4FF0020E197219896EF3BE
:101C30004911198175E798F81C110BFB05A3009A4F
:101C400011F0010F197A0CBF4FF0010E4FF0020E88
:101C500012F0010FE2E700BF4CBC002028860020F4
:101C6000CDCC4C3E68B7002000801E4034BE002022
:101C700083DE1B43B10100005D0B0000009C0020CF
:101C800000C01D40C490002000400042008000427F
:101C9000D08B002000400014E118000010E100E0AB
:101CA00090E100E0294B63613BE7294B636138E732
:101CB000284B636135E7D0ED417AF5EEC07AF1EE5D
:101CC00010FA7FF798AE77EEC67ADFED236A234AE3
:101CD000F4EE467AC7F89820F1EE10FA98BFF0EECD
:101CE000667A27EE277ABCEEC77A81ED017A85E61F
:101CF000B9F808102046C1F3441101F069FAA1694E
:101D0000E0690B68B9F80810034201F4787114BF58
:101D100001200020802989F822003FF442AF99F881
:101D2000220040290CBF014680F0010189F82210F1
:101D300037E7002384F8203024E7012384F820309B
:101D400020E7D2073FF551AF42E7704704A10020DA
:101D500034A10020FCA00020CDCCCC3EE10300004B
:101D6000934B2DE9F04F1A688FB0924C002A00F087
:101D70009882914A914B924D92E80300E5630A0CD8
:101D80001860C0B299809A71002800F08382002602
:101D90009B468C4C8C4D8D488D498E4A5E718E4B86
:101DA0004FF4806C6261F7EE007AA3618B4B8C4A32
:101DB0001B686560A2FB033A8A4BA060C4F89830A8
:101DC0004FEA9A4A884B2161C4F8A030874BDFF86C
:101DD0008892C4F8A830864BDFF88082C4F8A4301B
:101DE000844BDFF87CE2A365834B8448E365844B36
:101DF000844F6367844B854E854D8649864AA36729
:101E0000864BC4F80CB0C4F824A0C4F83890C4F8C9
:101E10002080DFF85092C4F828C0DFF84C82DFF849
:101E20004CC2C4F834E0E063DFF844E27C48C4F814
:101E30000C71C4F884607B4F7B4EC4F88850C4F8A2
:101E40008C107A4D7A49C4F89420C4F8E431794A68
:101E5000794BDFF820B2DFF820A2C4ED077AC4F88E
:101E60005090C4F84080C4F86CB0C4F84CA0C4F8DA
:101E700044C0C4F848E0C4F89C11C4F83C21C4F83C
:101E80004031C4F8DC710327C4F8D861C4F8D051DC
:101E9000C4F8980101F08CF901F066F9674E01F081
:101EA00083F9DFF8D88101F04FF90022072394F875
:101EB00000020C9211468DF8303040F07F00604BEC
:101EC000914636784FF02C0C5B680C9D05935C4B6B
:101ED000069693F800E0594B5A4E5B6884F800026E
:101EE000594804920992079203934346ADF82C2077
:101EF000ADF82820A4F8102284F8A47184F8127296
:101F00000D95C4F80C52514AC4F8C861C4F8CC010C
:101F1000069F08940BE00398002800F0B381013776
:101F20000120FFB2049001312C330E291FD00CFB8D
:101F300001800579047A45F0010544F0010405713A
:101F400004729D7A1C692801B4F5801F02EB00061B
:101F50001058F6689861DE6100F0468114F4C06F95
:101F6000D9D17646B64601312C330E29DFD1079BF5
:101F70000697089C002B40F09781B9F1000F02D022
:101F80002F4B83F800E0099B13B12C4B0399596048
:101F9000049B1BB1294B9DF8181019702C48002187
:101FA0002C4F061FDFF8D8E0BC460394334671E09F
:101FB00008B80020009C0020A40F002000A90020E9
:101FC0003D15000034BE0020AC0F0020B80F0020EB
:101FD000C00F0020E80F0020F40F00202C86002006
:101FE00083DE1B43B1010000910000004D0700009B
:101FF00035140000F91000002109000065150000EB
:10200000D114000081190060BD0A00001901000010
:1020100001120000A100000061010000390B000066
:102020007D160060ED1000007D00000015180060B6
:102030005516006091100000791000004CA7002098
:102040006CA200209D0F0000B50F0000D0070020FB
:102050009491002074A20020C116006000366E0129
:10206000490B0000350B0000050B0000110B0000B0
:10207000250B0000C1090000310B0000888E0020F4
:1020800064A200200B2D00F0138101311C301C33A1
:10209000142940D04FEAC108C1EB080506EB8505BD
:1020A00095F8109049F0020985F8109093F808907F
:1020B0005D684FEA091952F809402C6093F80890BE
:1020C0005D6802EB0919D9F80C406C60DD68092DD8
:1020D000D8D17D68002D00F0328197F8009003245C
:1020E000DFF868A3A9F16E0500F8045C93F808B066
:1020F000DAF81C50013C002D00F0F380AAF10C0A24
:10210000002CF5D109F1010987F8009001311C304C
:102110001C331429BED1C84DC849C9482F1D039C82
:1021200000F0FAFAC74905F14008C74800F072FB11
:10213000DFF864A3DFF8649301F01EF801F058F8AB
:102140000026AA78AB7962F34916FE2B46F4804646
:1021500000F00C81FF2B00F0F8806A78FF2A17D07E
:10216000EB68002B00F0D08000236A1C0120194688
:1021700000F0DEFF0646002800F0DE803A4617F841
:10218000041C01F049F817F8043C0E2B00F00681FE
:10219000103510374545D3D1AC4D05F124076E6895
:1021A0002846012E00F07C81AB78FF2B00F0E78001
:1021B0006B78FF2B01D0FFF7A7FB0C35AF42EED1B8
:1021C000A34800F0E1FFA349A34800F0FDFF01F0A0
:1021D0002BF801F011F82068A0F10A00B0FA80F0A5
:1021E00040090FB0BDE8F08F059800284ED00CFBD9
:1021F00001840EF13F0083F821E00EF10106187012
:102200000020B4F80490F6B294F808B049F4787954
:10221000A4F804904FF0010994F804A069F3C40BEA
:1022200094F805904AF0180A49F0800984F808B03B
:1022300084F804A084F80590DFF8FC9199F8064032
:10224000FF2C06D0AC4208D0013009F11009042857
:10225000F4D14FF00109B64685E6D9F80840002CC4
:10226000F2D10001744C744D0444285C84F801E000
:102270000E28E360EDD14FF00400B6464FF001099F
:10228000A07050E601200393099048E601200593D1
:102290000790ACE78346714C714D72487249734A9E
:1022A0007DE5E26B1A6064E5654B0599596064E66B
:1022B000DEF80450002D45D0C1EB08089EF8005010
:1022C00006EB880805F1010AA5F1560998F81150A6
:1022D0008EF800A045F0080588F8115000F8049C1D
:1022E000D3E69AF81A505D457FF408AF04EB440832
:1022F000564C04EB880888F8019009F10109C8F8E8
:10230000083087F8009001E7594B04E059498B42A7
:10231000A3F12C0310D01969B1F5801FF6D193F801
:1023200021109142F2D1534AEB6093427FF41CAFEB
:10233000504B002B7FF418AFFF236B7028E7CCF8CD
:102340000430CAE63F4C6360B6E7009532464A4B1C
:102350000021012000F030FF00283FF419AFB4F84D
:102360000822AB881343A4F8083211E7434B3246E6
:1023700000950021012000F01FFFAB79EAE6012162
:1023800000953F4B4FF48042084600F015FF0028AF
:102390003FF413AF2846FFF7B7FA0EE7DAF800204C
:1023A000002A40F09A80338B95F801C0C3F34413A0
:1023B000D5F80CE003F0030103290CBF0126002629
:1023C00000F08D8094F8091262F3861184F80912E6
:1023D0002C48C3F3800299F801300021007889F875
:1023E00000100121C0F3400089F802C0C9F804E0E0
:1023F00060F3000394F80002CAF8001040F01000E7
:1024000066F34103204E84F8000262F382031F4802
:102410001F4AC4F814011F4889F80130C4F810613C
:10242000C4F81C01C4F8182194F8023261F3C713F0
:1024300084F80232ACE600BFD08B002074A20020EA
:102440006CA2002064A200205CA20020108C00205E
:10245000588C0020241000204C0F002034BE002097
:10246000AC0F0020B80F0020C00F0020E80F0020A4
:10247000C4900020888E0020610F000089000000B9
:102480008D11000080970020CD0F0000390A000058
:1024900059140000210A0000A8A6002070AC0020FA
:1024A00000954FF4A032114B3146304600F084FEC7
:1024B00000283FF482AE6A1C00233146304600F00B
:1024C00037FE0022A86000283FF477AE297800F09C
:1024D000A3FE2846FFF718FA6FE60021A4E794F858
:1024E000092242F0400284F8092271E78D110000B0
:1024F0002DE9F04F067A1524354D83B03601037E61
:102500003449814605EB060E55F806C01B01324FD3
:10251000DEF80C800846DEF804A0EE18ED58CAF884
:102520000040CCF88480DCF80430726848EA030389
:10253000F6680192CCF804301460C5F884606B68CA
:10254000DFF898B033436B6009683B68ABFB03323C
:10255000920C02EB8202520003685B1A9A42FBD88B
:102560001C4A0920DFF874E09346DCF8083018EACA
:10257000030F02D0AB681E4227D1C5F888601468EB
:102580003968AEFB0131890C01EB810113681B1B1B
:102590009942FBD8C5F88460DBF800403968AEFB8F
:1025A0000131890C01EB810113681B1B9942FBD897
:1025B0000138DAD1D9F80C30019ACAF80030D9F8CC
:1025C0001C30136003B0BDE8F08F0120F2E700BFBC
:1025D000D0070020041000E02C86002083DE1B437F
:1025E0002DE9F041394C237813F001026AD1384BC0
:1025F0000121DFF814810226364F3748C8F80070F1
:1026000003605868DFF804C100F00F00334FDFF8B3
:1026100000E101FA00F038704FF43037DCF8380090
:1026200020F47C0040F48020CCF83800DEF8000074
:10263000DFF8E0C040F04070CEF800004FF6610EC9
:1026400027481E6110261A61C3F848C05962986273
:10265000DF6224489F6CD0F898511F651A62224FA0
:102660009965D0F894211961D0F88831C5F800E057
:10267000D0F88401166039601C4AC3F800E01C4B96
:10268000066047F8041CC3F8BC20D8F80030194A8B
:1026900093F82C00184D815493F82C20174E02F01B
:1026A0001F035209164801FA03F346F82230D5F801
:1026B00098319847D5F8983112489847237843F0D5
:1026C000030323702078BDE8F08100BF90A30020B1
:1026D00000C03F40C80B002008AC002071BC0020A7
:1026E000B80B0505D0070020E8841F407DB201002B
:1026F000009C002000E400E034BE002000E100E087
:10270000AC0E0020C40E002094A6002000C00F4094
:1027100080C00F403B372819F0B50E4D87B090F8B8
:1027200000E00E4647686C460FCD0FC40A4B0B4ABB
:102730007168176083F800E0094A30781160D8703A
:1027400095E8030084E80300684600F0F9FC07B050
:10275000F0BD00BF80030020C8A400207CA20020A0
:1027600084A200202DE9F84FDFF8A4908346C668C4
:102770000F46D9F80020084606F1040852084146E1
:1027800000F0EEFC00283AD0B2684FF6FE7A092439
:1027900052450FD90225D9F800206D004146384630
:1027A0000134B2FBF5F200F0DBFCB268524501D90E
:1027B0000F2CF0D1214630683B7E00F029FD00B39C
:1027C000114A9BF80430D2789A4218D90F4AC3EBC9
:1027D000C303797E126881F0010502EB83035C7C00
:1027E00065F304145C749BF80430C3EBC30302EB81
:1027F00083035A7C61F345125A74BDE8F88FBDE833
:10280000F88F0120BDE8F88F04A2002088A20020E4
:10281000288600202DE9F04F3C4E8FB00378D0F889
:1028200004E002AC33703A480A784B68394D3A4FAD
:10283000C0F800E0F2703B600FCD2D680FC402A815
:10284000256000F0A5FC00285DD0F478002C5AD05B
:1028500000213A68C4EBC404304DDFF8CCE01346E5
:1028600002EB8404084608910A910B910D91CDF872
:102870001CE009950C95597C1C33C90648BF0130F2
:10288000A342F8D10025DFF8989028210192A846AC
:1028900000F052FC2C46C9F80000019A1AE03B688F
:1028A00001201F4A2B44126842F83CE083F818804C
:1028B000D84600F0B5FC002207A9FFF753FF5046A9
:1028C0009FED180A00F07CFC0134F3781C35A3421C
:1028D00019D93A682A445FFA84FA537CDB06EED5AC
:1028E000D9F8003008F1010B0020002BE7D0117A55
:1028F00000F03EFC5146864608EB880C0028CED1FD
:102900005FFA84FADBE70FB0BDE8F08F04A2002085
:1029100080A200209803002088A200200000C84266
:1029200078AC00200000000000409C45704700BFCC
:10293000704700BF704700BFF0B5244A0020244B09
:102940004FF0100C234C1126DFF8C8E0122720604E
:102950000125C2F800C0C3F800E01660DFF8B8E057
:102960001D4EC3F800E01D4917601E6041F01501BF
:102970001B4F1C4E17601E601B4F1C4E17601E60C5
:102980001B4F11601B4E1C491F6016601B4F1960C6
:102990001B4E1C4917601E601B4F11601B4E1C49CB
:1029A0001F60166019602560BFF34F8FBFF36F8FF4
:1029B000C3F8B001BFF34F8FBFF36F8F52F8883C5D
:1029C00043F4403342F8883CF0BD00BF9CED00E08A
:1029D000A0ED00E094ED00E00900100080C30020AD
:1029E0001300200021000207140000202500081316
:1029F000090000101600202027000B1317000040CC
:102A000033001013180000602F000B07190000702E
:102A10002F000B133F00001025000803F0B58D4B6D
:102A200018228D4E01208D4948F20C7E8C4D4FF0BE
:102A3000FF378C4C83B0C3F85C12C3F8605200259A
:102A4000C3F86412C3F868424FF40054C3F86C62D0
:102A50008549C3F87062C3F87462C3F87862834E24
:102A6000DA661A675A679A67DA67C3F88020C3F88C
:102A70008420C3F8882040F20562C1F82C03C1F815
:102A80003003C1F83403C1F83803C1F83C03C1F87E
:102A900050032946B36976481840764B034376487D
:102AA000B361D6F8843043F00C03C6F884300226B4
:102AB000036833430360036803EA0E0E6F4B4EEA6C
:102AC0000303DFF8F0E103606D4B4760DEF8087048
:102AD0003B406C4F43F000538360C36823F078039E
:102AE000C360036A1F40684B3B43664F0362036A3F
:102AF0001F40654B3B43654F43628762C762DEF808
:102B0000B830634F23F03F0343F00103C0F8B830FF
:102B1000DEF8BC30DFF884E123F03F0343F001032B
:102B2000C0F8BC30056104660767C0F880204466C1
:102B30004767C0F884200468564B24F00204564AC4
:102B40000460C0F818E0C66143F8041B9342FBD14F
:102B5000494B1A68194642F001021A600B68464A4E
:102B600013F00103FAD14D4E022540F2F56440F214
:102B7000664040F299414A4F966142F20146D56162
:102B800040F23545C2F8004242F20124C2F8100278
:102B90000120C2F820121146C2F8307207F15A47DC
:102BA000C2F8346207F51377C2F840523D4E3E4DED
:102BB000C2F85072C2F85462C2F86052C2F864425D
:102BC000C2F8A030C2F8A430C2F8B0004B692A4A5B
:102BD000DD07FBD5012300244FF4803011465361FB
:102BE000C2F8A040C2F8A400C2F8B0304B69224A33
:102BF000DC07FBD5012300244FF40030114653615C
:102C0000C2F8A040C2F8A400C2F8B0304B691A4A1A
:102C1000D807FBD501230024244811465361C2F88C
:102C2000A040C2F8A400C2F8B0304B69124ADB07DA
:102C3000FBD5D2F8003145F60D5121209BB25061F1
:102C40008B4239D01A4B00221A605A609A60DA60BF
:102C500003B0F0BD00801F40F9700100F9B0010021
:102C6000F9100100F900010000841F4000C00F406E
:102C7000FFFCFF1F000300A000402A401200FFFFDE
:102C8000FF37F70000FFF07C40000080FF000F835B
:102C90006300020000422A4000432A40F05AF05AE2
:102CA0009F041830063201263806180A0400030073
:102CB00024C3002000802A4000244FF480200123F8
:102CC0001146C2F8A040C2F8A400C2F8B0304B6967
:102CD0003B4ADF07FBD501234FF4000400201146D7
:102CE0005361C2F8A040C2F8A400C2F8B0304B69EA
:102CF000334ADE07FBD501234FF400044FF4803044
:102D000011465361C2F8A040C2F8A400C2F8B03026
:102D10004B692B4ADD07FBD501234FF400044FF428
:102D2000003011465361C2F8A040C2F8A400C2F8B6
:102D3000B0304B69224ADC07FBD501234FF4000475
:102D4000204811465361C2F8A040C2F8A400C2F85E
:102D5000B0304B691A4AD807FBD5D2F8003145F696
:102D60000D5121209BB250618B4210D0164B08228E
:102D70004FF400041A7015490020154A01230090F1
:102D8000521A1448224400F02FFA03B0F0BD4FF459
:102D900000044FF4802101231046C2F8A040C2F87D
:102DA000A410C2F8B03043690549DB07FBD5012008
:102DB000054B10224FF0807448611A70DBE700BFAA
:102DC00000402A400400030058BC002000000070AE
:102DD0000000007024C30020F0B4174A40274FF4CD
:102DE00080314FF480564FF400554FF4404443F285
:102DF0004200136913F0020F06D094615161906193
:102E0000136913F0020FF8D113F4005F01D155617B
:102E1000EFE713F4805F01D15661EAE7002BE8DAAF
:102E200013F4803F01D09161E3E75B0601D4576161
:102E3000DFE7F0BC704700BF00800D40434BB3EEAE
:102E4000095A43490020DFED435ADFF828C19FEDBE
:102E5000427A2DE9F0431A680324DFF81C8122F03E
:102E60000102DFF818E13D4F1A601C61D1F8E02043
:102E70003B4ED4B2C2F30B21120D3A4D06EE904AEE
:102E8000C8F8004007EE902A3960B8EEE66A06EE10
:102E9000901AF8EEE77A3449F8EEE64A334C76EECB
:102EA000655A36EE456A77EEE47A8EED006A65EE95
:102EB000A75ACCED007A1A68C5EE866A76EEA46A47
:102EC000FCEEE66A16EE909A42EA09521A60D8EDD4
:102ED000007ADCED006AF8EE677ADEED005A97EDD5
:102EE000006AD3F8107137EEC77A77EEC57AB8EE7C
:102EF000466A27EE267A67EEA67AC7EE256A87EE3F
:102F0000A57A76EE866AFCEEE66A77EE067A16EE2B
:102F1000902AFCEEE77A06EA02463E4317EE902A34
:102F2000C3F81061C2F30B02D3F810613243C3F847
:102F300010211A6842F002021A602870C1F840415C
:102F40000B4B01221A60BDE8F08300BF80810D4069
:102F500000441F400000AA420000B442F4B0002028
:102F60000000FF0F40E400E0009C002061FB010036
:102F700008E100E000B10020F8B00020FCB0002023
:102F8000304B40F6617270B5C3F8202140F2044521
:102F900000F0F6F82C492D48D1F880202C4C42F056
:102FA00003022C4BC1F88020C0F860512268134006
:102FB0001BB9D0F8A8319A071AD0244B4FF0004122
:102FC000234A51631A46D3F8401141F00201C3F875
:102FD0004011D2F840319B07FBD44FF400301E491A
:102FE0001B4B4FF00042086019209A6300F0F8F87C
:102FF0001A4D0022164B4FF08041144C0A2699635B
:1030000028461A601146C4F8A8614FF4207200F0F7
:103010009FF84FF4810640F243114FF48000104BAB
:10302000104A2E602864C4F85851C4F84811C3F8F7
:1030300004220D4A4FF4003101231160C4F84031DD
:1030400070BD00BF00800D4000C00F4000002E404A
:1030500000900D40001C1E008CE200E000000020EB
:10306000009C00202DFD01000CE100E008B50E4B96
:103070001B6E9B0700D4FBBE72B60C4B00200C4AA3
:10308000C3F8400103F160430A49A3F55F231164CB
:103090009D46BFF34F8F084A03F5E0430749126886
:1030A000184619609368984700441F4000002E405E
:1030B00000C00A40030020001C002000000012EBAA
:1030C000114B124930B4D86E40F23765A0240A463D
:1030D00040F44030D866D86E40F44070D8664D64F5
:1030E0008C64936C1B06FCD4094B40F23760A02122
:1030F0001A4658649964936C13F08003FBD1054A17
:10310000137030BC704700BF00C00F4000400C403F
:1031100000800C4052BC0020F8B500BFF8BC08BCD1
:103120009E467047000000005FF800F0651D00003B
:103130005FF800F0417B00005FF800F0B934020056
:103140005FF800F0458300005FF800F00DF4010027
:103150005FF800F0C13E02005FF800F0B5F7010033
:103160005FF800F0CD8300005FF800F08DEE010005
:103170005FF800F0A1E101005FF800F0F9610000E4
:103180005FF800F0CD0402005FF800F0B59B01008D
:103190005FF800F0CD8200005FF800F035EF01002D
:1031A0005FF800F0393702005FF800F0558E01003B
:1031B0005FF800F0C9E901005FF800F0D57E00007B
:1031C0005FF800F065BC01005FF800F02D570100CA
:1031D0005FF800F0D11900005FF800F0650E020002
:1031E0005FF800F0F9F101005FF800F071110200E2
:1031F0005FF800F021E101005FF800F02DAE000063
:103200005FF800F029F301005FF800F0D937020001
:103210005FF800F0F1E101005FF800F0617D00006F
:103220005FF800F0B1BB01005FF800F071DE010053
:043230004500000055
:10323400010000004410002002000000B81000202B
:10324400030000003011002004000000A41100203D
:10325400050000004012002006000000A412002017
:1032640007000000D4120020080000001013002002
:10327400090000007C1300200A000000081400204C
:103284000B000000281400200C000000641400202F
:103294000D000000941400200E000000CC14002047
:1032A4000F0000000015002010000000AC150020E5
:1032B40011000000CC15002012000000DC150020D5
:1032C4000000000020160020010000002816002045
:1032D400020000003416002003000000646A00208D
:1032E40004000000401600200500000050160020D5
:1032F4000600000060160020070000007016002081
:103304000800000084160020090000009016002028
:103314000A000000A01600200B000000B0160020D8
:103324000D000000C01600200E000000D41600207E
:103334000F000000DC16002010000000EC16002036
:1033440011000000FC160020170000000C170020DC
:10335400180000001C170020190000002C17002082
:103364001A0000003C1700201B0000004417002036
:103374001C000000581700201D00000064170020E6
:103384001E0000007C1700201F0000008C17002086
:10339400200000009817002021000000A81700203A
:1033A40022000000B417002023000000BC170020F6
:1033B40024000000C817002025000000D4170020B6
:1033C40026000000E417002027000000F01700206A
:1033D40028000000F817002029000000041800202D
:1033E4002A000000101800202B00000020180020E4
:1033F4002C0000002C1800202D00000034180020A0
:103404003D000000401800203E000000501800203D
:103414003F00000060180020400000006C180020ED
:1034240041000000781800204200000084180020A9
:103434004300000090180020440000009C18002065
:1034440045000000A818002046000000B418002021
:1034540047000000C018002048000000CC180020DD
:1034640049000000D81800204A000000E418002099
:103474004B000000F01800204C000000FC18002055
:103484004D000000081900204E000000141900200F
:103494004F00000020190020500000002C190020CB
:1034A4005100000038190020520000004419002087
:1034B4005300000050190020540000005C19002043
:1034C40055000000681900205600000074190020FF
:1034D40057000000801900205800000090190020B7
:1034E40059000000A01900205A000000B019002063
:1034F4005B000000C01900205C000000D01900200F
:103504005D000000E01900205E000000F0190020BA
:103514005F000000001A002060000000081A00206C
:1035240061000000101A002062000000181A002038
:1035340063000000201A002064000000281A002004
:103544006A000000301A00206B000000381A0020C6
:103554006C000000401A00206D000000481A002092
:103564006E000000501A00206F000000581A00205E
:103574007E000000601A00207F000000701A002006
:1035840080000000801A0020810000008C1A0020B6
:1035940082000000981A002088000000A41A00206D
:1035A40075000000B01A002076000000BC1A00204C
:1035B40077000000C81A002078000000D41A002008
:1035C40079000000E01A00207A000000EC1A0020C4
:1035D4007B000000F81A00207C000000041B00207F
:1035E4007D000000101B00208A0000001C1B00202E
:1035F4008B000000281B00208C0000003C1B0020D6
:103604008D000000481B00208E000000581B002085
:103614008F0000006C1B0020900000007C1B002029
:1036240091000000841B0020920000008C1B0020ED
:1036340093000000981B002094000000A41B0020AD
:1036440095000000B01B002096000000BC1B002069
:1036540097000000C81B002098000000D41B002025
:1036640099000000E01B00209A000000EC1B0020E1
:103674009B000000F81B00209C000000041C00209C
:103684009D000000101C00209E0000001C1C002057
:103694009F000000281C0020A0000000341C002013
:1036A400A1000000401C0020A10000004C1C0020D0
:1036B400A2000000581C0020A3000000641C00208D
:1036C400A4000000701C0020A50000007C1C002049
:1036D400A6000000881C0020A7000000941C002005
:1036E400A8000000A01C0020AA000000AC1C0020C0
:1036F400AB000000C01C0020AC000000D41C002063
:10370400AD000000E81C0020AE000000FC1C0020FE
:10371400AF000000101D0020B0000000241D002098
:10372400B1000000381D0020B20000004C1D002034
:10373400B3000000501D0020B4000000581D0020FC
:10374400B5000000601D0020B6000000681D0020C8
:10375400B7000000701D0020B8000000801D00208C
:10376400B9000000941D0020BA000000A41D002030
:10377400BB000000B41D0020BC000000BC1D0020E4
:10378400BD000000C41D0020BE000000CC1D0020B0
:10379400BF000000D41D0020C0000000E01D002078
:1037A400C1000000EC1D0020C2000000FC1D002030
:1037B400C3000000081E0020C4000000101E0020EA
:1037C400C5000000181E0020C6000000201E0020B6
:1037D400C7000000301E0020C80000003C1E00206E
:1037E400C9000000401E0020CA000000441E002042
:1037F400CB000000481E0020CC000000601E00200A
:10380400CD000000681E0020CE000000701E0020C5
:10381400CF0000007C1E0020D0000000881E002085
:10382400D1000000901E0020D2000000981E00204D
:10383400D3000000A01E0020D4000000A81E002019
:10384400D5000000B01E0020D6000000B81E0020E5
:10385400D7000000C01E0020D8000000C81E0020B1
:10386400000000000000000001000000D01E002045
:1038740002000000141F002003000000641F002049
:1038840004000000981F002005000000D01F002045
:103894000600000010200020070000004C2000203B
:1038A400080000009820002009000000FC200020EF
:1038B4000A000000382100200B00000074210020C1
:1038C4000C000000C02100200D0000000822002090
:1038D4000E000000442200200F0000008C22002073
:1038E40010000000D0220020110000000823002056
:1038F40012000000282300201300000038230020B9
:10390400140000004C230020150000008423002034
:1039140016000000C823002017000000F823002030
:10392400180000002C24002019000000742400203A
:103934001A0000009C2400201B000000F824002032
:103944001C000000182500201D0000004C2500204C
:103954001E000000802500201F000000B02500206C
:1039640020000000FC250020210000003426002057
:1039740022000000582600202300000078260020A2
:1039840024000000B426002025000000D8260020D2
:10399400260000002C2700202700000078270020A4
:1039A400280000008C27002029000000C4270020E4
:1039B4002A0000000C2800202B0000002C280020E6
:1039C4002C000000482800202D0000005C28002066
:1039D4002E000000942800202F000000B0280020B2
:1039E40030000000EC2800203100000004290020F1
:1039F400320000003C29002033000000CC150020D8
:103A040034000000542900203500000074290020EF
:103A140036000000B829002037000000E429002007
:103A2400380000001C2A0020390000003C2A002035
:103A34003A0000005C2A00204D000000742A002097
:103A44004E000000902A00204F000000A02A002011
:103A540054000000CC2A0020FD000000E42A0020CD
:103A640056000000002B00200000000000000000B1
:103A74000000000000000000000000000000000042
:103A84000000000000000000F4A500200400000075
:103A9400F8A5002004000000FCA50020040000009C
:103AA400E8A5002004000000ECA5002004000000AC
:103AB400F0A5002004000000000000000000000049
:103AC40058A60020020000000000000000000000D2
:103AD40004A6002004000000000000000000000014
:103AE40000000000000000000000000000000000D2
:103AF4000CA600200400000010A600200400000012
:103B040014A60020040000005CA6002002000000AF
:103B140000000000000000000000000000000000A1
:103B2400000000000000000030A600200400000097
:103B340034A600200400000038A600200400000081
:103B4400E002002038030020000000007834002048
:103B540001000000D42B002002000000E82B00200C
:103B640003000000FC2B002004000000102C0020A7
:103B740005000000182C002006000000242C002062
:103B840007000000302C002008000000402C00201A
:103B940009000000482C00200A0000005C2C0020D2
:103BA4000B000000702C00200C0000007C2C002076
:103BB4000D000000AC2C00200E000000C42C0020DE
:103BC4000F000000E42C002010000000102D002045
:103BD400110000003C2D0020120000005C2D00208C
:103BE40013000000982D002014020000B42D0020C2
:103BF40015000000D82D0020160000003C680020AD
:103C040017000000F42D0020C513CD1389B0000067
:103C1400CE13CE1331AE00002914311445B0000088
:103C24003D14451401B0000047144F1449B100007D
:103C34005A145A14C5AE00005B146314D9AE0000C4
:103C440064146414A9AE000065146E14A1AF0000DE
:103C540079148214A1AF00008D149614A1AF000052
:103C6400A114AA14A1AF0000B514BE14A1AF0000A2
:103C7400C914D214A1AF0000DD14E614A1AF0000F2
:103C8400F114FA14A1AF000005150E15A1AF000040
:103C94001715171551AE00001815181561AE000060
:103CA4001915211575AE00002C15341585AF0000CB
:103CB400DF15DF150DAF0000382E002000000000D6
:103CC40000000000402E0020010000000000000061
:103CD400482E00200200000000000000502E0020AA
:103CE4000300000000000000602E0020040000001B
:103CF40000000000682E0020050000000000000005
:103D0400702E00200600000000000000782E002025
:103D14000700000000000000842E002008000000BE
:103D240000000000902E00200900000000000000A8
:103D3400A02E00200A00000000000000B02E002089
:103D44000B00000000000000C42E00200C00000046
:103D540000000000D42E00200D0000000000000030
:103D6400E42E00200E00000000000000F42E0020CD
:103D74000F00000000000000082F002010000000C9
:103D840000000000182F00201100000000000000B7
:103D94002C2F00201200000000000000402F002003
:103DA4001300000000000000542F00201400000045
:103DB400000000006C2F002015000000000000002F
:103DC400802F002016000000000000008C2F00202F
:103DD4001700000000000000982F002018000000C9
:103DE40000000000A02F00201900000000000000C7
:103DF400A82F00201A00000000000000B82F0020A7
:103E04001B00000000000000C82F00201C00000060
:103E140000000000D82F00201D000000000000005A
:103E2400E42F00201E00000000000000EC2F002002
:103E34001F00000000000000F82F002020000000F8
:103E440000000000003000202100000000000000FD
:103E5400142F002022000000000000001030002079
:103E6400230000000000000018300020240000009F
:103E740000000000203000202500000000000000A9
:103E84002830002026000000000000003030002010
:103E94002700000000000000383000202800000047
:103EA40000000000F42F00202900000000000000A2
:103EB400FC2F00202A000000000000000430002035
:103EC4002B000000000000000C3000202C0000003B
:103ED40000000000143000202D000000000000004D
:103EE4001C3000202E0000000000000024300020C0
:103EF4002F000000000000002C30002030000000E3
:103F040000000000343000203100000000000000F8
:103F14003C30002032000000000000004C30002043
:103F240033000000000000005C300020340000007A
:103F3400000000006C30002035000000000000008C
:103F44008030002036000000000000008C3000208B
:103F540037000000000000009C3000203800000002
:103F640000000000B0300020390000000000000014
:103F7400C03000203A00000000000000242E002081
:103F84003B000000000000001F1C1F1E1F1E1F1FFF
:103F94001E1F1E1F1783D4030AD7233C6F12033B33
:103FA400CDCCCC3D00000000000064000000000007
:103FB400000000000000C8410000484300004843DE
:103FC4000000F04100007A430000FA4300A00C47CF
:103FD400000048C3000000000000FA430000C8418C
:103FE40080CBA44B00007A430000FA4300A00C47A6
:103FF400000048C3000000000000FA430000C8416C
:1040040080CBA44B00007A430000FA4300A00C4785
:10401400000048C3000000000000FA430000C8414B
:1040240080CBA44B0000000000000000000003004F
:104034000B0B000000000000000000000000000066
:1040440000007A440000000000409C45000000008D
:10405400000000000000C842000000000000C07F13
:1040640000000000000000000000C07F000000000D
:10407400000000000000C07F0000000000000000FD
:104084000000C07F000000000000000000000007E6
:10409400000000000000A040000000001900000023
:1040A400FF210000D000000000000000000000001C
:1040B40000000000000200000000A0C00000FA435D
:1040C4000000C8420000A040000000000000804042
:1040D4000000803F0000000000000000000000001D
:1040E40000000000000000000000000000000000CC
:1040F40000000000000000000000000000000000BC
:10410400000000000000803F0000A0400000C84103
:1041140000002040FA000000000104030000000039
:10412400000000000000000000000000000000008B
:10413400000000000000000000002300F05C0020EC
:10414400005D002006000000B060002078B7002069
:104154000000000005000000ED2D0100413E0100BB
:10416400000000000000000001002300105D00209A
:10417400205D00200B000000305D002000000000E6
:10418400385D00200400000084C20020000000000C
:10419400000000000000000002002300405D002039
:1041A4000000000004000000000000000000000007
:1041B400000000000400000074C2002000000000A1
:1041C400000000000000000003002300545D0020F4
:1041D40000000000040000000000000000000000D7
:1041E400000000000400000075C200200000000070
:1041F4000000000000000000040023006C5D0020AB
:1042040000000000040000000000000000000000A6
:10421400000000000400000077C20020000000003D
:104224000000000000000000050003008C5D002079
:104234000000000004000000000000000000000076
:10424400000000000400000097C2002000000000ED
:10425400000000000000000006000C00A05D00202B
:10426400000000000100000064970020000000002E
:10427400000000000500000061350100C5380100A0
:104284001D3601000000000007000600B45D002098
:10429400000000000000000000000000000000001A
:1042A4000000000005000000792E0100C53801005F
:1042B4001D3601000000000008002300C05D00203E
:1042C4000000000001000000888D002000000000B4
:1042D4000000000003000000FD2D0100C5380100AE
:1042E4001D3601000000000009000600E05D00200A
:1042F4000000000002000000F45D00200000000047
:104304000000000003000000793D0100C5380100F1
:104314001D360100000000000A0001003C5E002080
:104324000000000001000000545E002000000000B6
:104334000000000003000000692E0100C5380100E0
:1043440000000000000000000B000100405F00209E
:10435400545F002006000000585F002000000000A9
:10436400000000000400000080C1002000000000E4
:1043740000000000000000000C000100645F002049
:10438400545F002006000000585F00200000000079
:10439400000000000400000084C1002000000000B0
:1043A40000000000000000000D000100745F002008
:1043B40000000000000000000000000000000000F9
:1043C4000000000005000000F5350100C5380100BB
:1043D40000000000000000000E000200885F0020C2
:1043E4000000000001000000708C002000000000AC
:1043F4000000000007000000C5350100C5380100B9
:104404001D360100000000000F000500A05F002021
:104414000000000001000000088D002000000000E2
:10442400000000000200000012C200200000000092
:10443400000000000000000010000600B85F00202B
:1044440000000000010000004C9900200000000062
:104454000000000003000000B1400100C538010065
:104464001D3601000100000011000200D05F002091
:104474000000000001000000708C0020000000001B
:10448400000000000300000035350100C5380100BC
:104494001D3601000000000012000300F05F002040
:1044A4000000000004000000000000000000000004
:1044B400000000000200000098C20020000000007C
:1044C400000000000000000013000C000C6000203D
:1044D40000000000010000006497002000000000BC
:1044E4000000000005000000F1340100C53801009F
:1044F4001D360100000000001400030028600020A5
:1045040000000000000000000000000000000000A7
:104514000000000005000000CD3D0100C538010089
:104524000000000000000000150003003C600020B3
:1045340000000000020000005060002000000000A5
:1045440000000000070000005D2F0100C5380100D5
:10455400000000000000000016000B006460002052
:104564000000000002000000A08D002000000000F8
:10457400000000000700000025410100C5380100CB
:10458400000000000000000017000B007460002011
:104594000000000004000000000000000000000013
:1045A400000000000400000000C300200000000020
:1045B400000000000000000018000B008C600020C8
:1045C400A460002006000000AC6000200000000091
:1045D400000000000500000055300100413E0100CC
:1045E400000000000000000019000B00B86000206B
:1045F400A460002006000000AC6000200000000061
:10460400000000000500000055300100413E01009B
:1046140000000000000000001A000B00D060002021
:10462400205D00200B000000F0600020000000006E
:104634000000000004000000FCC200200000000094
:1046440000000000000000001B000B00F4600020CC
:10465400545F002006000000585F002000000000A6
:104664000000000005000000C5340100413E0100C7
:1046740000000000000000001C0001001461002084
:10468400545F002006000000585F00200000000076
:10469400000000000200000088C1002000000000AB
:1046A40000000000000000001D0023002C61002019
:1046B400005D002006000000B06000200000000043
:1046C400841C00200200000080C2002000000000C2
:1046D40000000000000000001E00060038610020F9
:1046E4005061002006000000585F00200000000018
:1046F400000000000400000028C2002000000000A8
:104704001D360100000000001F0006005461002057
:104714005061002006000000585F002000000000E7
:1047240000000000040000002CC200200000000073
:104734001D36010000000000200001006C61002013
:104744000000000003000000806100200000000061
:1047540000000000050000003D330100C5380100E1
:10476400000000000000000021000600A0610020FD
:10477400B861002006000000BC61002000000000B9
:10478400000000000200000030C200200000000011
:104794001D3601000000000022000600C461002054
:1047A400DC61002006000000E4610020000000003D
:1047B400EC6100200200000034C200200000000070
:1047C4001D3601000000000023000600F0610020F7
:1047D400DC61002006000000E4610020000000000D
:1047E400EC6100200200000038C20020000000003C
:1047F4001D360100000000002400060008620020AD
:10480400DC61002006000000E461002000000000DC
:10481400EC610020020000003CC200200000000007
:104824001D36010000000000250023002062002046
:104834000000000004000000000000000000000070
:104844000000000003000000292E0100C53801000B
:104854000000000000000000260006003C6200206A
:10486400000000000B000000606200200000000057
:1048740000000000020000001AC200200000000036
:104884001D360100010000002700010068620020BD
:104894000000000000000000000000000000000014
:1048A4000000000003000000ED2F0100C5380100E6
:1048B400000000000000000028000E0084620020B8
:1048C40000000000000000000000000000000000E4
:1048D4000000000003000000C12F0100C5380100E2
:1048E400000000000000000029000D009862002074
:1048F4000000000002000000A86200200000000088
:1049040000000000030000000D300100C538010064
:1049140000000000000000002A000D00E4620020F6
:104924000000000003000000F4620020000000000A
:1049340000000000020000009DC2002000000000F2
:1049440000000000000000002B000B00FC620020AF
:10495400000000000A000000F0600020A01B0020FE
:104964000C6300200200000001C3002000000000CE
:1049740000000000000000002C000B001063002069
:10498400000000000400000000000000000000001F
:10499400000000000300000025330100C5380100B9
:1049A40000000000000000002D000B002C6300201C
:1049B40000000000040000000000000000000000EF
:1049C400000000000300000025330100C538010089
:1049D40000000000000000002E000B0048630020CF
:1049E40000000000040000000000000000000000BF
:1049F400000000000300000025330100C538010059
:104A0400000000000000000038000D006463002076
:104A1400545F0020060000008063002000000000B6
:104A24000000000002000000ACC2002000000000F2
:104A3400000000000000000039000D008863002021
:104A4400A460002006000000806300200000000035
:104A54000000000002000000A8C2002000000000C6
:104A640000000000000000003A000D00A0630020D8
:104A7400545F002006000000B0630020B8630020EB
:104A84000000000002000000A0C20020000000009E
:104A940000000000000000003B000D00C063002087
:104AA400A4600020060000008063002000000000D5
:104AB4000000000002000000A4C20020000000006A
:104AC40000000000000000003C000100D46300204E
:104AD40000000000000000000000000000000000D2
:104AE400000000000300000035300100C53801005B
:104AF40000000000000000003D000D00E8630020FD
:104B04000000000001000000FC6300200000000021
:104B14000000000002000000B0C2002000000000FD
:104B24001D360100000000003E0001002864002042
:104B34000000000000000000000000000000000071
:104B4400000000000300000091300100C53801009E
:104B54001D360100000000003F0001003864002001
:104B640000000000010000004C6400200000000070
:104B74000000000003000000B1300100C53801004E
:104B840000000000000000004000010094640020C8
:104B94000000000000000000000000000000000011
:104BA400000000000300000045310100C538010089
:104BB400000000000000000041000C00A864002078
:104BC40000000000010000008497002000000000A5
:104BD400000000000300000065310100C538010039
:104BE4001D360100000000005A000700B8640020D0
:104BF4000000000006000000CC640020000000005B
:104C04000000000002000000BCC200200000000000
:104C1400994A0100000000005B000700D8640020EE
:104C24000000000006000000CC640020000000002A
:104C34000000000002000000C0C2002000000000CC
:104C4400994A0100000000005C000700EC640020A9
:104C54000000000006000000CC64002000000000FA
:104C64000000000002000000C4C200200000000098
:104C7400994A0100000000005F0007000065002061
:104C84000000000006000000CC64002000000000CA
:104C94000000000002000000CCC200200000000060
:104CA400994A01000000000064002B0020650020E8
:104CB4004C8C002006000000386500200000000035
:104CC4000000000005000000CD410100413E01004C
:104CD400000000000C0000006E002B00486500205E
:104CE400448C002006000000585F002000000000F3
:104CF4000000000005000000CD410100413E01001C
:104D0400000000000C00000078002B005C6500200F
:104D1400348C002006000000585F002000000000D2
:104D24000000000005000000CD410100413E0100EB
:104D3400000000000C00000082002B0070650020C1
:104D4400408C002006000000585F00200000000096
:104D54000000000005000000CD410100413E0100BB
:104D6400000000000C000000AA002B008865002051
:104D7400545F002006000000A0650020A865002004
:104D84000C1C002003000000CD410100413E010045
:104D94001D3601000C000000B4002B00AC6500209F
:104DA400448C002006000000606200200000000027
:104DB4000000000001000000CD410100413E01005F
:104DC4001D3601000C000000BE002B00CC65002045
:104DD400448C0020060000006062002000000000F7
:104DE4000000000001000000CD410100413E01002F
:104DF4001D3601000C00000054010600EC65002083
:104E0400DC61002006000000E461002000000000D6
:104E1400000000000300000015320100413E0100C3
:104E24001D3601000000000055010900086600203D
:104E340000000000030000001C66002000000000C9
:104E4400000000000300000079400100C5380100A3
:104E54001D360100000000005601090074660020A0
:104E6400545F002006000000AC6000200000000039
:104E74000000000003000000F1310100413E010088
:104E84001D3601000000000057010900946600204F
:104E9400A460002006000000AC60002000000000B8
:104EA40000000000020000009CC10020000000007F
:104EB4001D3601000000000058010900B4660020FE
:104EC400A460002006000000AC6000200000000088
:104ED4000000000002000000A0C10020000000004B
:104EE4001D3601000000000059010900D4660020AD
:104EF400A460002006000000AC6000200000000058
:104F04000000000002000000A4C100200000000016
:104F14001D360100000000005A010900F46600205B
:104F240000000000010000000867002000000000ED
:104F34000000000003000000F13D0100C53801003D
:104F44001D360100000000005B0104004C670020D6
:104F5400DC61002006000000E4610020941B0020B6
:104F6400EC61002002000000F0C2002000000000FC
:104F74001D360100000000005C010400646700208D
:104F8400545F002006000000585F0020000000006D
:104F94000000000002000000F8C200200000000031
:104FA4001D360100000000005D0104008067002040
:104FB400545F002006000000585F0020000000003D
:104FC4000000000002000000F4C200200000000005
:104FD4001D36010000000000800101009C670020D4
:104FE40000000000000000000000000000000000BD
:104FF400000000000300000025310100C538010055
:10500400000000000000000088010D00B4670020CB
:105014008062002006000000B06000208C3A00206E
:10502400841C002002000000B4C200200000000024
:10503400000000000200000089010D00C867002084
:105044008062002006000000B06000208C3A00203E
:10505400841C002002000000B8C2002000000000F0
:1050640000000000020000008A010600B46700206E
:105074008062002006000000B06000208C3A00200E
:10508400841C00200300000015320100413E010091
:105094001D360100020000008B010600DC670020C1
:1050A400000000000300000030B4002000000000F5
:1050B4000000000003000000E5320100C5380100D3
:1050C4001D360100010000008E010100EC67002084
:1050D400000000000B000000305D0020503500206F
:1050E400046800200200000092C1002000000000BB
:1050F4000000000001000000E10101000C68002034
:10510400206800200B00000060620020EC61002099
:105114000468002003000000492E0100C538010086
:105124000000000003000000E401010024680020E6
:10513400000000000000000000000000000000006B
:1051440000000000030000000D2F0100C53801001D
:105154001D36010000000000E5010900446800203C
:10516400000000000000000000000000000000003B
:1051740000000000030000003D2F0100C5380100BD
:105184000000000000000000E60101006468002047
:1051940000000000010000007C6800200000000006
:1051A400000000000200000094C200200000000083
:1051B40000000000000000000702060090680020C4
:1051C400000000000300000030B4002000000000D4
:1051D4000000000003000000AD320100C5380100EA
:1051E4001D360100000000001B020600A06800201C
:1051F4008062002006000000B06000208C3A00208D
:10520400841C00200300000015320100413E01000F
:105214001D360100020000008A020100B46800206B
:105224000000000001000000648D00200000000068
:10523400000000000200000095C2002000000000F1
:105244001D360100000000009F020300CC6800200E
:105254000000000004000000000000000000000046
:10526400000000000200000010C200200000000046
:105274001D36010000000000A1020500C8670020DF
:105284008062002006000000B06000208C3A0020FC
:10529400841C00200300000015320100413E01007F
:1052A4001D36010002000000E6022300E068002031
:1052B40000000000040000000000000000000000E6
:1052C400000000000200000008C3002000000000ED
:1052D4001D36010000000000E7022300FC680020E6
:1052E40000000000040000000000000000000000B6
:1052F400000000000200000009C3002000000000BC
:105304001D36010000000000E80223001869002097
:105314000000000004000000000000000000000085
:1053240000000000020000000AC30020000000008A
:105334001D36010000000000E9022300346900204A
:105344000000000004000000000000000000000055
:1053540000000000020000000BC300200000000059
:105364001D36010000000000A40201005069002065
:10537400000000000100000060690020000000003F
:105384000000000003000000D5300100C538010012
:105394000000000000000000A8022300D0690020E3
:1053A400206800200B000000F060002000000000D6
:1053B400E8690020020000000EC300200000000085
:1053C400000000000000000000000000EC3A002093
:1053D40001000000CC3B002002000000443C0020FF
:1053E400030000006C3C002004000000983C0020F6
:1053F400050000004C3D002006000000743D002024
:1054040009000000983D0020080000003C3E0020F8
:105414000A000000DC3E00200B000000D83F002002
:105424000C000000304000200D000000A4400020CB
:105434000E000000004100200F000000A0410020E9
:1054440010000000D4410020110000001C42002084
:1054540012000000E4420020130000004843002032
:1054640014000000AC430020150000000C44002090
:1054740016000000AC440020170000004446002041
:1054840018000000AC46002019000000FC46002073
:105494001A0000004C4700201B0000009847002021
:1054A4001C000000FC4700201D00000030480020C4
:1054B4001E000000904800201F000000D04800207B
:1054C400200000006049002021000000E84900207D
:1054D40022000000004A002023000000304A00207F
:1054E40024000000604A002025000000904A0020AB
:1054F40026000000C84A002027000000F04A0020CF
:1055040028000000884B002029000000C04B002028
:105514002A000000F44B00202B000000284C00203F
:105524002C0000005C4C00202D0000007C4C00206E
:105534002E0000009C4C002032000000BC4C0020D7
:1055440033000000EC4C0020340000001C4D00200F
:10555400350000004C4D002036000000744D002042
:1055640037000000744D002038000000984D0020E2
:1055740039000000DC4D00203A000000104E0020ED
:105584003B000000544E00203C0000008C4E0020E4
:105594003D000000C04E00203E0000001C4F0020D3
:1055A4003F000000304F002040000000704F0020FA
:1055B40041000000984F00205A0000007834002079
:1055C4005B000000783400205C0000007834002088
:1055D4005F000000005000206400000028500020FC
:1055E40065000000545000206E0000007C50002034
:1055F40078000000A450002082000000F850002031
:10560400AA00000078510020B4000000AC4600203D
:10561400BE000000FC46002054010000C0510020E0
:1056240055010000C85200205601000048550020D2
:10563400570100008455002058010000DC5500206B
:1056440059010000305600205A010000785600200D
:105654005B010000E85700205C0100002058002096
:105664005D010000485800208001000070580020AF
:1056740088010000B4580020890100000C59002062
:105684008A010000645900208B010000F8590020B1
:105694008E010000185A0020E1010000405A002049
:1056A400E2010000845A0020E4010000A05A002016
:1056B400E6010000F85A00201B0200002C5B0020C9
:1056C40007020000C05B00208A020000F45B002097
:1056D4009F020000145C0020A10200003C5C00203A
:1056E400A4020000705C0020A8020000985C002066
:1056F40000000000EC6900202141010000010000CD
:10570400F46900202141010000020000FC6900202E
:1057140000000000000300000C6A002000000000EC
:1057240003040000146A00200000000000050000CB
:10573400206A00200000000000060000286A002003
:105744000000000006070000306A0020000000008E
:1057540000090000406A002000000000000B000067
:105764004C6A002000000000000C0000546A002075
:1057740000000000000D00005C6A00200000000032
:10578400000E0000706A00200000000000230000EA
:10579400786A00200000000000240000806A0020D5
:1057A40000000000002A0000906A0020214101004E
:1057B4002A2B0000986A0020214101002A2C0000B5
:1057C400A06A0020214101002A2D0000A86A0020BF
:1057D4002141010007000500A58701000000000029
:1057E4005C1D00202599010003000000986D002035
:1057F400AC6D0020F993010000000000B06D0020A2
:10580400CC6D0020C992010002000000D06D002080
:10581400003300203D97010002000000306E00209C
:10582400D06E00200197010002000000D46E002019
:10583400F06E0020D196010002000000F46E0020FA
:10584400641D0020D58F0100050000006193010054
:10585400283A0020758F01000500000061930100C3
:105864002C6F0020359001000500000061930100B9
:10587400803A00200D96010001000000306F0020E6
:10588400107D00204196010000000000546F0020AC
:105894006C360020AD98010004000000B9930100AB
:1058A400646F0020A19801000000000000000000C7
:1058B400686F0020959801000000000000000000BF
:1058C4006C6F0020899801000000000000000000B7
:1058D400706F00202127010003000000746F002076
:1058E400906D00207D92010002000000946F002062
:1058F400D86F00207592010003000000E46F0020BF
:10590400087000206D920100030000001470002054
:105914003C70002001930100010000004070002051
:1059240054700020C9980100010000005870002044
:10593400747000206992010001000000787000205A
:10594400D4320020C5950100020000008C700020B4
:10595400CC7000204D92010003000000D0700020A4
:10596400F4700020ED91010006000000199401007C
:10597400E03100207D95010003000000F870002054
:1059840010710020619501000000000014710020D6
:10599400347100204595010000000000387100209A
:1059A4005871002081910100030000005C71002007
:1059B40070710020799101000300000074710020CF
:1059C4009871002091910100030000009C71002057
:1059D400B47100208991010003000000B871002017
:1059E400E07100209991010003000000E47100209F
:1059F40000720020E1910100030000000472002005
:105A040018720020D5910100030000001C720020D0
:105A140040720020C991010003000000447200207C
:105A24006C720020A191010003000000707200203C
:105A34009C7200207D28010007000000AD90010049
:105A4400A47200206D2B010007000000E990010002
:105A5400B07200201129010003000000B872002078
:105A6400D87200205926010003000000DC720020D7
:105A740000730020D92601000300000004730020F5
:105A840020730020CD270100040000007994010058
:105A940024730020C59001000400000079940100E3
:105AA40028730020752C0100070000009590010068
:105AB4002C7300203D910100060000003593010085
:105AC40030730020019101000300000038730020AE
:105AD4005E010000783400205F010000BC750020E6
:105AE40060010000E87500206101000078340020A6
:105AF4006201000078340020630100007834002043
:105B04006401000024760020650100006C7600200A
:105B140066010000A476002067010000F8760020EA
:105B240068010000387700206901000064770020D4
:105B34006A010000BC7700206B0100006C78002033
:105B44006C010000C07800206D010000E4780020A2
:105B54006E010000087900206F01000048790020E0
:105B6400700100008879002071010000D0790020C4
:105B7400A202000078340020AA020000147A002057
:105B84005E010A00707A002000000000030000009B
:105B9400A8990020000000000000000000000000A0
:105BA400E0AB002000000000000000000100000045
:105BB4005F010A007C7A0020806200200600000059
:105BC400B0600020000000000000000000000000A1
:105BD400A4AB002000000000000000000000000052
:105BE40060010A00907A0020A87A002006000000D4
:105BF400AC7A00200000000000000000000000005B
:105C0400A8AB002000000000CDD10100000000007E
:105C140061010A00B47A00200000000006000000C0
:105C2400CC64002000000000000000000000000020
:105C3400E4AB002000000000CDD101000000000012
:105C440062010A00C87A002000000000060000007B
:105C5400CC640020000000000000000000000000F0
:105C6400E8AB002000000000CDD1010000000000DE
:105C740063010A00DC7A0020000000000600000036
:105C8400CC640020000000000000000000000000C0
:105C9400ECAB002000000000CDD1010000000000AA
:105CA40064010A00F07A0020DC6100200500000095
:105CB400F0600020941B0020EC6100200000000034
:105CC400ACAB002000000000CDD1010000000000BA
:105CD40065010A000C7B0020DC6100200500000047
:105CE400F0600020941B0020EC6100200000000004
:105CF400B0AB002000000000CDD101000000000086
:105D040066010A00287B0020407B0020060000007A
:105D1400B06000200000000000000000000000004F
:105D2400C4AB0020000000000000000000000000E0
:105D340067010A00487B0020407B00200600000029
:105D4400B06000200000000000000000000000001F
:105D5400C0AB0020000000000000000000000000B4
:105D640068010A00607B0020000000000A000000B7
:105D7400C0610020000000000000000000000000DE
:105D8400DCAB002000000000000000000000000068
:105D940069010A00787B0020000000000600000072
:105DA400947B0020000000000000000000000000C0
:105DB400C8AB002000000000CDD1010000000000AD
:105DC4006A010A00A07B0020000000000600000019
:105DD400CC6400200000000000000000000000006F
:105DE400CCAB002000000000CDD101000000000079
:105DF4006B010A00BC7B0020545F002006000000F9
:105E0400CC6400200000000000000000000000003E
:105E1400D0AB002000000000CDD101000000000044
:105E24006C010A00D87B0020A87A0020060000003C
:105E3400CC6400200000000000000000000000000E
:105E4400D8AB002000000000CDD10100000000000C
:105E54006D010A00F47B0020A87A002006000000EF
:105E6400CC640020000000000000000000000000DE
:105E7400D4AB002000000000CDD1010000000000E0
:105E84006E0112000C7C00200000000006000000DF
:105E9400207C0020CC380020DEA10020010000007E
:105EA40081C3010039D20100CDD1010001000000FD
:105EB4006F011200247C0020000000000600000096
:105EC400207C0020CC380020B2A400200100000077
:105ED40081C3010039D2010000000000010000006C
:105EE40070011200307C0020000000000600000059
:105EF400207C0020CC380020B2A400200100000047
:105F040081C3010039D20100CDD10100010000009C
:105F140071011200447C0020000000000600000013
:105F2400207C0020CC380020B2A400200100000016
:105F340081C3010039D20100CDD10100010000006C
:105F4400A2020A00547C00200000000001000000AE
:105F5400647C00200000000000000000000000003D
:105F6400DDAB002000000000000000000100000084
:105F7400AA020A00847C0020DC6100200A000000E0
:105F8400F0600020A01B0020EC6100200000000055
:105F9400DEAB002000000000CDD1010000000000B5
:105FA400000A00009C7C00200000000001010004A5
:105FB40000C03D400100000400C03D400132020128
:105FC40000803E400132010100803E400110020188
:105FD40000003E400111020100003E400112020295
:105FE40000003E400103010600C03D4001030206DB
:105FF40000C03D400112010200003E4002000001C9
:1060040000C01D400202000100C01D400201000149
:1060140000C01D400210000100001E4002220001C9
:1060240000401E400223000100401E40000000000A
:106034000000000000000000000000000221000138
:1060440000401E400220000100401E4000000000ED
:106054000000000000000000000000000130020108
:1060640000803E400131020100803E4001020004F4
:1060740000C03D400103000400C03D40000000009A
:1060840000000000000000000000000001210101E8
:1060940000403E400121020100403E40000000005B
:1060A40000000000000000000000000000000000EC
:1060B400000000000110010100003E40000000004B
:1060C40000000000000000000000000001130206B0
:1060D40000003E400113010600003E4000000000A5
:1060E40000000000000000000000000000000000AC
:1060F4000000000000000000000000000101010198
:1061040000C03D400101020100C03D400100010109
:1061140000C03D400100020100C03D4001020101F8
:1061240000C03D400102020100C03D4000000000EB
:10613400000000000000000000000000000000005B
:10614400000000000123010100403E400000000067
:106154000000000000000000000000000120020117
:1061640000403E40000000003987010039E501008D
:1061740005E60100000000008DE50100A1E6010034
:10618400EDE4010059E5010069E50100ADE6010017
:10619400A9E701001DE60100B5E7010021E50100C2
:1061A40039E6010011E50100BDE9010071E60100D5
:1061B40000000000000000000000000000000200D9
:1061C400B1EA010011EA010041EE01000000000003
:1061D4004DEE010075EA01004DEA010091EA01006B
:1061E4002DEA010081EA0100A5EA0100E9EB0100C2
:1061F40000000000F9E901000000000000000000B8
:10620400000000000000000000000000000000008A
:106214000000000016035500530042002000530004
:1062240065007200690061006C00000018035400EE
:10623400650065006E0073007900640075006900F4
:106244006E006F000403090409024B00020100C040
:1062540032080B00020202010009040000010202DC
:106264000100052400100105240101010424020693
:10627400052406000107058203100010090401002B
:10628400020A00000007050302400000070584021B
:106294004000000009024B00020100C032080B005C
:1062A40002020201000904000001020201000524A7
:1062B400001001052401010104240206052406003E
:1062C400010705820310000509040100020A000009
:1062D4000007050302000200070584020002000013
:0C62E4000A060002EF0201400100010068
:1062F000000000000000000000000000000000009E
:10630000000000000000000000000000000000008D
:1063100010B5054C237833B9044B13B10448AFF3DF
:1063200000800123237010BD48A000200000000061
:10633000D4920200084B10B51BB108490848AFF3CE
:1063400000800848036803B910BD074B002BFBD041
:10635000BDE81040184700BF000000004CA000201E
:10636000D4920200C09E002000000000014B18687B
:10637000704700BF0CB8002051700120704700BF6B
:106380004FF0000308B94FF002031846704700BFF2
:10639000184B10B493F8FB305840174BC0B2C107EC
:1063A0000CCB16D5C2F88430144A10F0020F144BEF
:1063B00092E812000CCB0FD0C1F884404107C2F81C
:1063C0008430104B0CCB0FD4C2F888305DF8044BEE
:1063D0007047C2F88830E7E7C1F888404107C2F843
:1063E0008830084B0CCBEFD5C2F884305DF8044BF5
:1063F000704700BF7CC100202CA5002034A50020E0
:106400003CA5002044A5002010B50E4C00214FF003
:106410000700D4F88C309847226A0B490B4BA1FB3C
:1064200002125209C3F80021D3F80C2142F00102F4
:10643000C3F80C21D3F8082142F00302C3F8082165
:1064400010BD00BF34BE0020D34D62100040084094
:106450001049114BD1F80821984222F00102C1F8ED
:10646000082114D80D4B9B68984238BF1846094B39
:10647000C3F80001D3F80C2142F00102C3F80C214B
:10648000D3F8082142F00102C3F8082170471846EA
:10649000EDE700BF00400840FFFF0F0068B7002095
:1064A0002DE9F04F437885B0002B5AD07D4B002268
:1064B000C4789B7B427003F0FF067B4D9BB395F83D
:1064C000F9100123DFF8ECC16140DFF8E4E1DCF80A
:1064D0000420764CCFB2DEF800B0C1F3400ADEF8FB
:1064E000049007F0020E02921F4062685FFA8EFE6F
:1064F000DCF8008003921A46D4F800C001931642DB
:1065000003F1FF340AD1012C00F0AB80022C00F023
:106510009680002F00F0C080CBF88490032B20D011
:1065200052000133EBE795F8F910614B6140CF075A
:106530000CCB75D4C2F888308E075E4B0CCB75D56A
:10654000C2F884304C075C4B0CCB75D5C2F8843054
:1065500095F8FA40554B61408F070CCB73D5C2F8C4
:10656000843083787BB34F4A927B02F0FF056AB395
:106570004D490122514891F8F8401146504F63406F
:10658000504ED0F800C003F0020403EA020ED0F827
:106590000480E4B297E80006376876680D4202F19D
:1065A000FF3035D1012856D002282CD113F0040F2A
:1065B000454B0CCB24D0C2F88430444A93899BB21B
:1065C00043F40053938105B0BDE8F08F364A92F84A
:1065D000F8205340394ADE0706CA1ED4C1F8882085
:1065E00037499D07374A91E8110006CA2ED513F0A6
:1065F000040F354BC0F88440C1F884200CCBDAD1AD
:10660000C2F88830D9E7BEF1000F3AD0CCF88480C8
:10661000032AD2D049000132C0E7C1F88420DFE765
:10662000C2F884308E07234B0CCB89D4C2F8883053
:106630004C07214B0CCB89D4C2F8883088E71E4B1D
:1066400049070CCB8BD4C2F888308AE7C0F8884061
:10665000C1F88820AAE7BCB1C9F884A0C7F8846053
:10666000D8E7029CBEF1000F13D1C8F8884095F816
:10667000FA40C4F340045445039C10D0CCF8844045
:106680004EE7CCF88880C3E7C9F888A0C7F88860CF
:10669000C0E7C8F88440EAE7CBF888903EE7CCF83A
:1066A00088403DE768B700207CC10020ECA40020B2
:1066B000DCA40020E4A40020F4A4002048B70020BB
:1066C00050B7002058B7002060B7002000801E405F
:1066D0002DE9F04F437887B0002B45D0B94DC678EF
:1066E000AB7BB94C03F0FF07002B6ED0DFF8F4C290
:1066F000012394F8F910DCF800207140DFF8E882FB
:1067000002925FFA81FEDCF80420B04EC1F3400A29
:106710000EF0020C0392D8F804200EEA030ED8F80B
:1067200000B05FFA8CFC04921A46D6F80090D6F8B6
:106730000480CDF814B001913A4203F1FF360ED136
:10674000012E00F00381022E00F0EA80029EB34683
:10675000039EBEF1000F00F05781CBF88460032B3D
:1067600055D052000133E7E783785BB3954A927BBB
:1067700002F0FF04002A40F09880934A92F8F82033
:106780005340934ADE0706CA40F1F580C1F88420E1
:1067900090499D07904A91E8110006CA40F1E680B1
:1067A000C0F88440C1F8842013F0040F8B4B0CCB4D
:1067B00000F0C980C2F88430894A93899BB243F4BF
:1067C0000053938107B0BDE8F08F94F8F910854B22
:1067D0007140CF070CCB00F19280C2F888308E0751
:1067E000814B0CCB40F19280C2F884304F077F4B35
:1067F0000CCB40F19280C2F8843094F8FA60734B6D
:1068000071408E070CCB40F19180C2F884308378C0
:10681000002B35D04278134237D1AA7B02F0FF0615
:10682000002A00F0AB8094F8F8100122684D4B402C
:10683000684CDFF8A4E1114603F00207D5F80080A8
:10684000D5F804A003EA020CFFB294E8000A9EE81F
:106850002040314202F1FF3470D1012C00F0DC8085
:10686000022C66D113F0040F5C4B0CCB00F0A1801E
:10687000C2F884305A4A93899BB243F400539381FF
:106880000023437007B0BDE8F08F594A59492B7374
:10689000C2F86012524AAB88138093899BB243F4CA
:1068A0000053938100234370ECE747490122484895
:1068B00091F8F8501146474F6B40474ED0F800C052
:1068C00003F0020503EA020ED0F80480EDB297E867
:1068D0000006376876680C4202F1FF3009D10128C2
:1068E00061D002283FF460AFBEF1000F67D0CCF852
:1068F0008480032A3FF460AF49000132EBE7C2F81D
:1069000084308E07384B0CCB3FF56EAFC2F8883021
:106910004F07364B0CCB3FF56EAFC2F888306CE7B3
:106920000199324B49070CCB3FF56FAFC2F8883065
:106930006DE7BCF1000F78D0C8F884A0032A99D085
:106940004900013285E7C2F8883035E7049E059991
:10695000BCF1000F30D1C1F8886094F8FA60C6F33A
:10696000400656455ED0C9F88480FAE6C0F88840F3
:10697000C1F8882018E7C1F8882009E794F8F820C2
:106980005340134ADC0706CA36D4C1F8882011499F
:106990009F07114A91E8300006CA38D5C4F88450E0
:1069A000C1F884205EE755B3C9F884A0C7F88460B5
:1069B000A2E7C2F888305DE7C1F88460CDE7CCF883
:1069C000888096E768B700207CC10020ECA40020F6
:1069D00048B7002050B7002058B7002060B700200B
:1069E00000801E40DCA40020E4A40020F4A40020C9
:1069F000009C00205D0C0000C1F88420C7E7C9F8A6
:106A000088A0C7F8886077E7CBF88860A7E6C4F865
:106A10008850C1F8882025E757B1C9F884B0C5F877
:106A200084E08DE7C9F888809BE6C8F888A085E7F0
:106A3000C9F888B0C5F888E082E700BFC2B2002A72
:106A400000F0B480DFF8B4C102F007032DE9F04F85
:106A5000624E022485B0624D96F8F9E0DFF8A0910D
:106A60008EEA0101DFF89C816E7B5FFA81FBC1F346
:106A70004001DFF894E116430BEA040A0BF001072A
:106A800002910BF0040100975FFA8AF7E873C9B22C
:106A9000D9F800B00197D8F800A0D9F80470D8F858
:106AA00004900397AE739CE800119EE801405E07D6
:106AB00008D5012C4ED047D3022C03D100295BD03E
:106AC000C0F884E05B00013CDBB213F0060FEED1AE
:106AD0006B684349002B56D1404BDFF830E193F807
:106AE000F81002233F4F51403F4E404D01EA03044E
:106AF00001F00400DEF800C001F00101DEF80480BE
:106B0000E4B2D7F800E0C0B2D7F8049096E8800469
:106B10002E686D680CE045D3022B03D100284FD0BE
:106B2000C6F884505200013BD2B212F0060F3ED09C
:106B300012F0040FF6D0012BEDD1002C43D0CEF88B
:106B40008490C7F884A0EDE7009EC6B1039ECBF801
:106B50008460B7E7019E66B9CAF888901F4E029F0D
:106B600096F8FA60C6F34006BE4234D0C8F884C036
:106B7000A8E7CAF88490F1E7C0F888E0A2E7039E8E
:106B8000CBF888609EE71A4B1A4AC3F854221A4A77
:106B90008B88138093899BB243F40053938105B093
:106BA000BDE8F08FA1B1CCF88480BBE77047124AF2
:106BB00093899BB243F40053938105B0BDE8F08FF5
:106BC000C6F88850AEE7CEF88890C7F888A0A9E745
:106BD000CCF88880A6E7C8F888C073E77CC100209D
:106BE00068B7002050B7002058B7002060B70020D9
:106BF000009C0020710E000000C01D40ECA400208D
:106C0000DCA40020E4A40020F4A4002048B7002065
:106C1000234B0022234930B41C6882B05868246892
:106C200091F81B3120490442009208680CBF1546B8
:106C30000125DAB20468486865F300021B49044282
:106C40008DF8003008688DF8002018BF01244968CD
:106C500008BF0024D2B2006864F341020842D2B2F5
:106C600014BF0121002161F382028DF800201BB1C5
:106C7000D2B253408DF80030009B0020DCB2C3F349
:106C80000721C3F307421B0E64F3070061F30F20D3
:106C900062F3174063F31F6002B030BC704700BF5F
:106CA00014A100207CC100201CA1002024A10020F0
:106CB000134B144970B493E80500134B046808683B
:106CC0001442124A0668146818BF0125496808BFB3
:106CD0000025B3F890300E4224685168184614BF5E
:106CE0000122002265F386100C4262F3410014BFBA
:106CF0000122002262F3820003B1584070BC704749
:106D000034A1002004A100207CC10020FCA00020B0
:106D100004490B7883F00202C2F3400262F341039C
:106D20000B70704780970020144B4FF00000144AFE
:106D300070B41B78126803F0180511785478182D78
:106D400001F0030104F0010414D05568C3F380027C
:106D5000AE69EB6935682B40002B0CBF134682F0FF
:106D60000103DBB263F3000064F3410070BC61F324
:106D70008710704703F00103F4E700BF80970020FD
:106D800060970020074B08490CCB91F8A8001268C7
:106D90001A42034614BF0122002262F30003584046
:106DA000704700BFC4B300207CC100200E4A0F4BC7
:106DB00010B4116850680C681A680D4904421468D0
:106DC00091F8960018BF0122596808BF00220346B7
:106DD0000C425DF8044B62F3000314BF0122002251
:106DE00062F34103584070470CA100202CA1002001
:106DF0007CC1002072B603681943016062B6704717
:106E0000034672B600681A6822EA0101196062B688
:106E1000704700BF034672B60068196062B67047DB
:106E200062B6704772B67047014B024A1A607047EB
:106E30000CED00E00400FA05024B03481B68C01A81
:106E4000704700BF4486002000002820384A394996
:106E50002DE9F047938A23F010031B041B0C938247
:106E60008B7B83B3344A03F0FF00344E012392F846
:106E7000F840334D1A46334904F00207D6F800C0F3
:106E800004EA030ED6F80490FFB20E6895E80005F8
:106E90004D68104203F1FF3110D101293DD0022984
:106EA00007D1294B67070CCB26D5C2F88430BDE843
:106EB000F087BEF1000F2DD0CCF88490032B22D0A8
:106EC00052000133E5E71C4B1C4A93F8F830DE070B
:106ED00006CA15D4C1F8882019499D07194A91E8B6
:106EE000110006CA11D5C0F88440C1F8842013F0FF
:106EF000040F154B0CCBD8D1C2F88830BDE8F08711
:106F0000C1F88420E8E7BDE8F087C0F88840C1F800
:106F10008820ECE7CCF88890D0E727B1C8F884A0A7
:106F2000C6F88450CCE7C8F888A0C6F88850C7E7F0
:106F300000801E4068B700207CC1002048B70020B8
:106F400050B7002058B7002060B70020404A4149A0
:106F50002DE9F04F938A0D7B23F010031B041B0CCB
:106F600093828A7B002A3FD002F0FF073A4A01232E
:106F70003A4892F8F840DFF8F8E01A466C40384E8C
:106F8000D0F8008004F0020504EA030CD0F8049065
:106F9000EDB29EE8000CD6F800E07668174203F1E7
:106FA000FF301CD1012847D0022813D12D4B600798
:106FB0000CCB33D5C2F884302B4B2C4AC3F860225B
:106FC000234A0B88138093899BB243F40053938127
:106FD000BDE8F08FBCF1000F2BD0C8F88490032BD4
:106FE000EAD052000133D9E71B4A92F8F8301B4A25
:106FF0006B40DF0705CA14D4C0F888201C489E07E0
:10700000174A90E8300005CA0ED5C4F88450C0F87D
:10701000842013F0040F134B0CCBCBD1C2F8883073
:10702000CAE7C0F88420E9E7C4F88850C0F888208F
:10703000EFE7C8F88890D2E725B1CAF884B0CEF857
:107040008460CEE7CAF888B0CEF88860C9E700BF90
:1070500000801E4068B700207CC1002048B7002097
:1070600058B7002060B70020009C00205D0B000096
:1070700050B700202DE9F04FDFF8D88002223149C7
:1070800083B0B8F81430002691F8F81023F01003FC
:107090002D4C2E4801EA02051B04DFF8BCC0DFF8C6
:1070A000BCE0EDB21B0CD4F804B0294FA8F81430A2
:1070B00001F0040801F00101C37BD4F800A05FFADD
:1070C00088F4C673DBB2467BDCF804800191DCF8FF
:1070D0000090DEF80410DEF800C0D7F800E07F680A
:1070E0008673867346465846B8460F4601990BE0AC
:1070F00015D3022A02D1E4B1CEF884805B00013AB4
:10710000DBB213F0060F0ED013F0040FF6D0012AF5
:10711000EED18DB1C9F88460CCF88470EEE729B166
:10712000CAF88400EAE703B0BDE8F08FCAF8880027
:10713000E4E7CEF88880E1E7C9F88860CCF8887089
:10714000DCE700BF7CC1002048B7002068B7002002
:1071500060B7002000C01D4050B7002058B7002085
:10716000324A33482DE9F04F938A23F010031B0471
:107170001B0C9382C27BC37B02F0FF05DBB20AB912
:10718000427B82732B4902222B4C91F8F810DFF8D6
:10719000BCE06940294F2A4E01F0040C01EA0205C7
:1071A000D4F800B001F00101D4F804A0EDB25FFA08
:1071B0008CF4DEF80090DEF8048097E80050376821
:1071C00076680BE015D3022A02D13CB3C7F884607D
:1071D0005B00013ADBB213F0060F0ED013F0040F80
:1071E000F6D0012AEED1E5B1C9F88480CCF884E06C
:1071F000EEE781B1CBF884A0EAE7124B124AC3F85C
:1072000054220A4A0388138093899BB243F40053A3
:107210009381BDE8F08FCBF888A0D9E7C7F88860E4
:10722000D6E7C9F88880CCF888E0D1E700C01D40D7
:1072300068B700207CC1002048B7002058B7002064
:1072400060B70020009C0020850D000050B7002092
:1072500070B582B000230646154602AC012004F842
:10726000011D1946224606F0E3FD40B19DF80730A6
:107270002A4630466B7012F8041B06F0E9FE687867
:10728000FF3818BF012002B070BD00BF08B5044B25
:107290000021D3F8A8211EF095FA012008BD00BFF7
:1072A00034BE002008B5044B0021D3F8A8211EF0FD
:1072B000E9FB012008BD00BF34BE0020254B70B59E
:1072C000254E0D4693F81431316803F0010308B1DF
:1072D00083F00103214C227863F3820222704B7801
:1072E00099070ED423781D4903F0100202F0FF0025
:1072F00012B960F300030B70237865F3C3032370A6
:1073000070BDD3B2164A6FF3C303D2F814212370B1
:107310009047237860F3000323707DB1DBB2DA0776
:107320000CD413F0040F33680E4A14BF022101215C
:10733000987807F0E3F838B1012206E033680021BD
:10734000084A987807F0DAF80022237862F30413E9
:107350002370C7E77CC10020609700208097002041
:1073600034BE0020E118000010B5044B01241C704D
:1073700023F070F81EF050FC204610BD68BC0020C1
:10738000F0B5154D034683B0287808B903B0F0BDB9
:107390001C461EF029FC02AB43F8040D184622F0EF
:1073A00055FA234600F120020768103050F80C6CA3
:1073B000103350F8084C50F8041C904243F8107CED
:1073C00043F80C6C43F8084C43F8041CECD10268F9
:1073D0001A60287803B0F0BD68BC002008B51EF024
:1073E000E9F8002108BD00BF2DE9F043224E83B02B
:1073F00080460846894635782C2400F0E5FD6FF07C
:107400002B035FFA89F988F00107019014FB05341A
:10741000716806E0D8692C3C536923EA0003536184
:10742000A5B10B19013D9A69D8699061B8F1000FB7
:1074300002D0B9F1000F0CD19A69002FEAD1DB69B3
:107440002C3C506903435361002DEAD103B0BDE8E1
:10745000F083187800F014FD7168C0B20B191A6936
:10746000B2F5007F0CBF9DF804209DF80520104266
:1074700014BF01270027DFE74CA7002010B5536891
:1074800082B0012B8DF8071013D01078144600F04D
:10749000BDFD012103460DF10702084606F0C8FCB8
:1074A000A0B19DF807006070FF3818BF012002B03E
:1074B00010BD91784369994201D05078F4E7836A0E
:1074C000002BFAD09DF807005070EDE76078EBE7ED
:1074D00008B5022104480FF097F8044B00216420FE
:1074E000DB6B984728F058F8900F002034BE00203E
:1074F000814AD2F8083123F00303C2F8083100288A
:1075000000F0BB807D487E492DE9F04F837B83B03E
:1075100003F0FF05002B5BD091F8F8600123DFF842
:10752000F481DFF8F4C106F00207764C1A46D8F869
:1075300000B006EA030ED8F804A0FFB2DCF8009011
:10754000DCF80480D4F800C064680094154203F1AC
:10755000FF3440F08480012C00F0A780022C79D108
:10756000694B76070CCB4DD4C2F88830837B03F08F
:10757000FF04002B4DD091F8F9600123DFF8A0E162
:10758000F5B2DFF898C1DEF80420C6F3400805F034
:1075900002075E48DCF800B01D40DCF804A0FFB232
:1075A000DEF8009001921A46009390E800501442D1
:1075B00003F1FF305CD101287ED0022854D1544B16
:1075C00077070CCB41D5C2F8843003B0BDE8F08F0B
:1075D00091F8F8304F4ADD07146852685DD4C4F85A
:1075E00088204D4C9F07474A94E860001468526811
:1075F00056D5C5F88460C4F8842013F0040F424BBC
:107600000CCBB1D0C2F88430837B03F0FF04002B95
:10761000B1D191F8F930414ADE0705CA2ED4C0F83D
:1076200088209D073E4A05CA2ED5C0F884205C07F5
:10763000374A05CA2ED5C0F8842091F8FA20534065
:1076400013F0020F314B0CCBBDD1C2F8883003B020
:10765000BDE8F08FBEF1000F3BD0CBF884A0032B28
:1076600084D05200013371E7002D38D0CBF884A0CC
:10767000032BAAD05200013399E77047C0F8842049
:107680009D07274A05CAD0D4C0F888205C07204A45
:1076900005CAD0D4C0F88820CFE7C4F88420A0E77A
:1076A000C5F88860C4F88820A7E7DFB1009CC9F856
:1076B0008480CCF88440D4E701986FB1C9F8840085
:1076C00091F8FA00C0F34000404511D0CCF884E0B6
:1076D000D0E7CBF888A0C2E7C9F88800F0E7CBF87C
:1076E00088A0C5E7009CC9F88880CCF88840B8E736
:1076F000CCF888E0BEE700BF0040084068B7002033
:107700007CC1002058B7002060B70020ECA4002006
:10771000F4A4002048B7002050B70020DCA40020CB
:10772000E4A400200123074A03FA00F0537B21B9A7
:1077300023EA000050739073704700F0070018436D
:107740005073704768B700200C4B1B7803F0080398
:107750002BB903F0FF010A4B1A78824201D00020B6
:107760007047586848B1074A084610B5064CD2F829
:10777000102123609047012010BD704780970020A2
:1077800070AC002034BE0020609700200A4BCA076E
:1077900093F8A83007D413F0010F084B0CCB07D097
:1077A000C2F88430704713F0010F044B0CCBF7D0B4
:1077B000C2F88830704700BF7CC10020C4B30020ED
:1077C0000D4B93F8963058400C4BC0B2C1070CCB10
:1077D00008D5C2F884308107094B0CCB08D4C2F815
:1077E00088307047C2F888308107054B0CCBF6D53E
:1077F000C2F88430704700BF7CC100200CA100207B
:107800002CA10020074BD3F80C21D20700D47047DD
:10781000D3F80C21044942F00102D1F89C10C3F8BE
:107820000C2108470040084034BE002038B5074B03
:10783000074C1B68984723683BB12568013D2560CC
:107840001DB963680BB19847656038BD08B8002062
:1078500088A6002028B170B50C4C2060616049B149
:1078600070BD0A4B1A6812B1012258601A6001B14A
:10787000084770472368002BF2D0054EB56D14F011
:1078800027FFA8472368002BF8D170BD88A60020E9
:107890004CC000202DE9F0434FF0844687B0DFF85C
:1078A000D8910E24B0697369DFF8D0C11840DFF8B1
:1078B000D0E1674D0290D9F81810A5F50F77D9F8E7
:1078C000143019400391DCF81820DCF814301A4009
:1078D0000492DEF81880DEF8143008EA03034FF053
:1078E00000080593B0612C26C9F818104FF0010963
:1078F000CCF81820CEF8183005E02B69B3F5801FBE
:1079000008D02C3D04B3013C06FB04731B8913F41F
:10791000787FF2D095F8203006A8EA6906FB04715A
:1079200000EB830353F8103C1342EAD04B7A81F802
:107930002290DB0911D12B69B3F5801F1BD048EAD7
:1079400003082C3D002CDED118F4C06F42D118F48E
:10795000807F14D107B0BDE8F083282229463D4836
:1079600004F0C4FD0028E6D0AA69E969536923EA56
:1079700001035361C5E728461AF02EFAC1E7364BDA
:10798000364993E80500364B046808681442354AC6
:1079900005684C6818BF0126116808BF0026B3F8B7
:1079A000903025420D685468184614BF012100210B
:1079B00066F3861025422C4A61F3410014BF012171
:1079C0000021126F61F3820003B15840904707B065
:1079D000BDE8F083254B2249009493E8050091F817
:1079E0001B31006822491042DAB2086814BF012531
:1079F00000250468486865F300021E4904428DF8BA
:107A0000003008688DF8002018BF0124496808BFBD
:107A10000024D2B2006864F341020842D2B214BF1B
:107A20000121002161F382028DF800201BB1D2B246
:107A300053408DF80030009B1846019307F0B2FCCC
:107A400010F0FF0F83D0084B00981B6E98477EE71D
:107A5000C49000209517000034A1002004A100204C
:107A60007CC10020FCA0002034BE002014A1002016
:107A70001CA1002024A10020004000420080004200
:107A800000C00042F0B5038983B003F47873802B03
:107A90000BD08169C2690C6814420CBF0124002418
:107AA000403B18BF01239C420FD003690446B3F545
:107AB000007F3DD00ED9B3F5806F39D0B3F5801F6C
:107AC00001D11AF089F9A169E2694B691A434A6147
:107AD00003B0F0BDB3F5807FF5D1354B354993E860
:107AE0000500354B056808681542344A06684D683C
:107AF00018BF0127116808BF0027B3F890302E4245
:107B00000E685568184614BF0121002167F38610DE
:107B10002E422B4A61F3410014BF01210021126F54
:107B200061F3820003B158409047A169E269CCE754
:107B3000244B002220491D6858682D6891F81B319C
:107B400021490542009208680CBF16460126DAB2A8
:107B50000568486866F300021C4905428DF800304C
:107B600008688DF8002018BF0125496808BF002566
:107B7000D2B2006865F341020842D2B214BF0121BB
:107B8000002161F382028DF800201BB1D2B2534074
:107B90008DF80030009B1846019307F003FC10F0AD
:107BA000FF0F90D0064B00981B6E98478BE700BFE5
:107BB00034A1002004A100207CC10020FCA00020F2
:107BC00034BE002014A100201CA1002024A100200C
:107BD000F8B5334C0423224692F83110013B103A99
:107BE000884202D0002BF7D1F8BD1B01E25C0E2ABF
:107BF00016D0002023449A881043C0F3072405467A
:107C000004F0400404F0FF0214B99B78042B39D02F
:107C100028B12B040FD5234B28461B6F9847F8BD7E
:107C200021480278150702D44FF48040E2E742F081
:107C300001020270F8BD1D4B1D491C685A68256879
:107C40001C4B15420C681C4A276818BF0126146893
:107C500008BF00264968B3F890300F422468516885
:107C60001D4614BF0122002266F386150C4262F302
:107C7000410514BF0122002262F3820503B15D4079
:107C80000543C8E7074B01209FED0C0AD3F850319C
:107C90009847B0FA80F0400960F3CF35A8B2B7E753
:107CA000D08B002034BE00208097002034A100201B
:107CB00004A100207CC10020FCA0002000000000E6
:107CC00049B98269C169536923EA01035361836930
:107CD000C2699A617047042930B42BD0C569022962
:107CE00095FAA5F3B3FA83F339D0082928D00129EE
:107CF00026D0002284690F2BE16921EA0501E161A8
:107D000020DC5B0084690321994002FA03F3E268F6
:107D100022EA01021343E3608369C2699A6103693D
:107D200013F4C06F04D18269C36951690B43536175
:107D300030BC70478269C369D1690B43D361EBE7FB
:107D40000222D7E7103B856903245B0029699C4028
:107D500002FA03F321EA040213432B61DCE7032256
:107D6000C8E700BF00487047288D0020014B1878F5
:107D7000704700BF5DBC0020F8B5104DC6B2044688
:107D80000F46AB6F9847C0B2B04209D06B6F204628
:107D9000984707B12EB92020BDE8F84018F012BB73
:107DA000F8BD07EE907A064B9FED060AF8EE677A6B
:107DB000987887EE800A0AF039FBECE734BE0020A1
:107DC00098BD002000007A4438B5114B1A780AB9E2
:107DD0005D7805B138BD0F4B04465B6F984714F0D2
:107DE000FF0F03D00C4BB3F8983023B92020BDE827
:107DF000384018F0E7BA07EE903A9FED080A284697
:107E0000F8EE677A87EE800A0AF010FBEEE700BF13
:107E100098BD002034BE00207CC1002000007A44C0
:107E200038B5054614F054FC02280AD00CF024FDA5
:107E3000044608B9204638BD2846FFF7C5FF20464E
:107E400038BD0124204638BD4FF6FF73014410B4FD
:107E5000884211D010F8014B0822634004E04AF236
:107E600001036340013AF3D013F0010F4FEA5304CA
:107E7000F5D1C3F34F03F5E718465DF8044B70479F
:107E8000A0F10F024FF00003792A52D8DFE802F088
:107E9000414549515151515141454951515151511A
:107EA0004141414151454545455149494949515152
:107EB00051515151515151515151515151515151B2
:107EC00051515151515151515151515151515151A2
:107ED0005151515151515151515151515151515192
:107EE0005151515151515151515151515151515182
:107EF0005151515151515151515151515151515172
:107F00004D51515151515151513D4FF003031846BC
:107F100070474FF00103184670474FF002031846B0
:107F200070474FF00403184670474FF00703184698
:107F300070478038C2B2072AE9D801238340184627
:107F4000704700BF104A92F81032E3B90F4B104847
:107F500010B493F8843192F80D12DB4392F80F229B
:107F600001F0070102F00702DBB219401340CC43D5
:107F7000DA43417002F0070204F00701C370017098
:107F800082705DF8044B704734BE00207CC1002035
:107F900098A600200B4B002010B41B6883B0DCB205
:107FA000C3F30721C3F307421B0E64F3070061F319
:107FB0000F2062F3174063F31F6003B05DF8044BBA
:107FC000704700BF98A600200E4A0F4B30B492F8BD
:107FD000105282B019785A789C78DB7835B9C0B2E3
:107FE000214302400340044001401A43002061F352
:107FF000070062F30F2064F3174063F31F6002B0C1
:1080000030BC704734BE002098A6002010B40F4B3F
:10801000D821B42203E0083B82B179B1197A8842B1
:1080200002F1FF324FF001014FF00004F3D1DC68A0
:10803000083BB4FA84F14909002AEED10448002C27
:1080400018BF20465DF8044B704700BF54380060ED
:10805000FC150020103803280ED8084B10B584B04A
:1080600004AA0DF1100E02EB80040FCB0EE90F00F5
:1080700054F8100C04B010BD00207047D00200204E
:108080000D2804D8012303FA00F080B270470020C5
:10809000704700BF00487047348D002008490C230A
:1080A00091F88720013202F0030203FB021381F8EA
:1080B0008720883307C883E8070018F0B7B800BFE7
:1080C000C0BC0020F8B52DED028B027D03461F4990
:1080D00000266FF345121E4F012464251A7587EDA3
:1080E0001A0A204683ED000A9E60CA8B120A42F0EB
:1080F00040025A768C771C76CA7F2243CA775A7E12
:10810000196922435A764A68D5601A6993ED008A44
:10811000D36B9847D0ED007A68EE277AF5EE407A77
:10812000F1EE10FA0ED00B4BDFED0B6A93ED1D7ADA
:1081300027EE267AF4EEC77AF1EE10FACCBF2B20A8
:10814000304600E02920BDEC028BF8BD98BD002030
:10815000C0BC00207CC100206666663F0A4B9A695D
:108160000AB1DB691847094B70B4094D0646D3F8CC
:10817000D4302C46186859689A68DB680FC42846C2
:108180002E6170BC704700BF4CC00020C0BC0020F6
:10819000E8BA002038B50C2021F096FC034668B1FF
:1081A000084A094D07CA2C6883E807000CB92B6000
:1081B00004E0A2680AB11446FBE7A360181C18BFCC
:1081C000012038BD68A6002020A90020144AB7EE7F
:1081D000007A0023A2F10C0172ED017A5B00F4EE4B
:1081E000477ADBB2F1EE10FA18BF43F001038A427E
:1081F000F2D10C4A4FF07E50002130B400250A4CD9
:1082000050611061D06091605160116084F82F500E
:108210001BB1022030BC18F0D5B830BC704700BF8D
:10822000A098002088980020C0BC0020363047234A
:1082300070B5C4B2124D3B2C2B8008D8204609F0F3
:1082400037FF0146284623F013F80D4870BD3B2048
:1082500009F02EFF0646284623F06AFA31462844E4
:1082600022F0E0FF074B1B880380A4F13B0009F0DC
:108270001FFF0146284622F0FBFF014870BD00BFEA
:10828000F4A20020A012002000487047949800201B
:10829000094BB7EE007A0020A3F10C0273ED017ACE
:1082A0004000F4EE477AC0B2F1EE10FA18BF40F089
:1082B00001009342F2D17047A098002010B5044607
:1082C00009B3184B40F20112B3F80C3123F0FE034E
:1082D000DB05DB0D934216D015F06AFF002812DB98
:1082E00000EB4000104A031902EB840102EB830308
:1082F000D1ED027A91ED327A93ED220A77EE807A0F
:1083000037EE870A10BD084800EB8402D2ED027AEE
:1083100092ED2F0A92ED327A37EE800A30EE070A9C
:1083200010BD00BF7CC10020C0BC0020F0B583B0F0
:10833000019278B3022803D0284BD87103B0F0BD66
:10834000274A01F13203DDED017A02EB4112234DA0
:10835000F8EEE77A234C92ED0C6A05EB8303A269F1
:1083600087EE867AD3ED006AF4EE476A83ED007AF1
:10837000F1EE10FA14BF012400243AB3E871002C86
:10838000DCD04FF4806018F01DF803B0BDE8F04079
:1083900017F04CBF144A04460323124FA2F1D40530
:1083A000002672ED017A013BB969F5EE407A16605C
:1083B000F1EE10FA18BF44F0010421B9D5F8D41039
:1083C00001EB83010E60002BEBD1D7E7D5F8D43059
:1083D00003EB810181ED007AD0E700BFC0BC002033
:1083E0007CC100204CC0002094BD002071B1012947
:1083F00005D1022200238170027043707047012171
:108400000222002301704270837070470122022310
:1084100001704270837070472DE9F043604E87B061
:1084200096F881408CB15F4DD8225F4C00212846E0
:108430005E4F21F0BDFE94F81231DB0675D4FB6966
:1084400000209847C5F8D40077E0564DBC22074677
:108450002146284695F8149095F8078021F0A8FE4B
:10846000D5F8D400524B0269D3F82031EA670BB13A
:1084700021469847002F46D04C4F85F8149085F838
:1084800007804C4B186828B1846821F025FB2046F2
:10849000002CF9D1F38B0020474CAB852C6613F0F0
:1084A0009FFBA862FFF792FEA4F11401287D12F051
:1084B000B7FA002835D096F8813033B33A4B93F8A9
:1084C00011319B074FD5BC6CA4B100230C223B4853
:1084D000694601930093029321F0D4FD0346B8B995
:1084E0000C22374803930DEB02010493059321F00E
:1084F000C9FD68B909F0C0FD3B6B7BB1294807B0E5
:10850000BDE8F0431847294FBBE7BC6C002CF1D005
:10851000A04709F0B1FD3B6B002BEFD107B0BDE8E0
:10852000F083BB6807209847C5E7D4F89401FB693E
:108530009847C5F8D400002881D0BB69002BA0D192
:10854000D5F8D4201749136053609360D36013614A
:1085500094F81231144AD80693D5D1F8D430D2F811
:1085600094211A618DE7164C0B20214612F058FA1F
:1085700050B9BB6807209847BC6C002CBAD096F85D
:108580008130002BA1D1C3E795F9873003EB43037A
:1085900005EB830394E80700883383E80700EBE7E3
:1085A00098BD0020C0BC00207CC100204CC0002031
:1085B00034BE002020A90020DCBC0020C8BC002064
:1085C0007CBD002000487047DCBC002008B50022BC
:1085D000054B1A605A609A6013F0F8FD1020BDE850
:1085E000084017F0EFBE00BFDCBC002008B5054A0C
:1085F000054B50765B6F98472020BDE8084017F088
:10860000E1BE00BFC0BC002034BE002038B110B5B0
:10861000846821F061FA2046002CF9D110BD704722
:10862000B0B10C4B10B5D3F8C830044603B198472D
:10863000237823B92046BDE8104021F04DBA2046EA
:1086400000210DF0E1FF2046BDE8104021F044BAC2
:10865000704700BF4CC00020014B1868704700BF36
:1086600094A50020002849D0394AF8B513781BB9E1
:10867000517819B11846F8BD0020F8BDC36B044607
:10868000344D6B662B88808DA16CD083606C238009
:108690000BF0B6F9A96A00293FD095F82C2094F880
:1086A0002C3002F0010203F001039A422CD06B7EC1
:1086B000607E284E834222D0274FB7F89810FFF7EC
:1086C0005BFB4422214630461DF0F4F995F82C104E
:1086D00000220023A86A01F00101F26386F840300D
:1086E0001C4E13F0B9FB40B3B7F8A02095ED090A72
:1086F000297FA86A13F0FEFC0120F8BD70474422D0
:1087000021463046144FDFE74A68E36CD2689A424C
:10871000CDD1227F2B7F9A42C9D16B7E607E0D4DD9
:1087200098420FD14422214628461DF0C3F9002269
:108730000023EA6385F84030DEE7E16CB06A13F0AD
:1087400007FBD1E7044BB3F89810FFF715FBE9E7F7
:1087500098BD0020C0BC00207CC100202DE9F04F56
:108760000378174683B004465A1E8B461F2A04D846
:1087700014F8013F5A1E1F2AFAD93B2B47D02F2B42
:1087800041D02378A04625460026DFF82491DFF863
:1087900024A173B1202B07D9292B18D03B2B11D042
:1087A000282B0CD0002E3AD06A1C6B781546002B73
:1087B000F0D1204688F8003003B0BDE8F08F6E1C81
:1087C0003246F2E7002EEFD12E703346F1E7002E4D
:1087D000EAD099F8853063B92B709AF802321B07FA
:1087E00002D40FB13B6883B333784BB127B13B68F8
:1087F00013B16A1C0026D8E72A4BD3F8CC30EBB96A
:108800001E466A1CD1E7284B1B89DA0605D50023D2
:108810002046237003B0BDE8F08F0134B1E7A3F127
:10882000610208F10101D2B2192A05F1010298BFD3
:1088300003F05F0388F800308846B6E7304600262C
:1088400098476A1C8BF80000AFE7164BD3F8C4308A
:1088500023B13046984738600028C5D10422134917
:10886000304622F0D3FF0028BED1AA1B033A10469F
:10887000019221F029F9019A38600028B4D03379A7
:10888000311D202B06D10536314616F8013B013A41
:10889000202BF9D001930E461DF00CF9019B002B03
:1088A000AED0A3E74CC0002098BD0020142B0020C0
:1088B000C0BC002034BE00202DE9F04FDFF8488214
:1088C0000023DFF858922DED088BADB098F8812089
:1088D000D9F8084117938DF85B301AB3B4FA84F4D1
:1088E000640934B1D9F80831003318BF012388F87E
:1088F000813017AA0DF15B01FFF730FF9DF85B7027
:1089000006464FB90378252B10D05BBB179808B1EA
:10891000FFF786FE9DF85B7038462DB0BDEC088BE6
:10892000BDE8F08F003418BF0124DAE74378CBB9F3
:10893000077098F88120744B002A40F0E18193F889
:10894000802082F0010283F880209DF85B3033B9EB
:108950006E4BD3F8F03013B198F880009847337815
:10896000002BD3D0DFF8B0A1E4220021504621F043
:108970001FFC442264490AF108001DF09BF8002303
:108980003278194607938DF82030242AD8F86030C1
:108990008B46ADF814100A9300F07D85059B0021ED
:1089A0009FED5B8A13F0010F0C460D46DFED598AEF
:1089B0000CBF0A4603221A911B911C910991069142
:1089C0000B910C97531C1893B75C002F00F07A851D
:1089D000402F8CBF00220122242F08BF0022002A32
:1089E00040F08B855A2F00F288854F2F00F05F8171
:1089F00019AA18A9304609F075FC002840F09080AB
:108A0000022C40F0FF859FED437ACDED198A472F68
:108A100000F0A1804D2F40F00A819AF800303E4AC4
:108A2000412B00F066811A9C15B1632C40F2B7858A
:108A300000231C93632C00F20785DFE814F0B801D3
:108A4000B801B8019F019F019F0121020D020D0293
:108A50000D020505050505050505050505050505C1
:108A600005050505050505050505050505050505B6
:108A700005050505050505050505B80105050505F7
:108A80000505050505050505050505050505050596
:108A9000050505050505050505050505050571011E
:108AA000710171017101050571010505050583015C
:108AB000050505050505B8010302F801F801F801EF
:108AC000F801EC01D701D70105059A019A019A0135
:108AD0009A010505050505050505050505050505B5
:108AE0000505050505050505050505050505050536
:108AF0000505050505050505050505050505050526
:108B0000050505058A0100BFC0BC00204CC000203F
:108B10000000C8420000C07F98A5002034BE00209D
:108B20009DED197AB4EE477AF1EE10FABFF56FAF0A
:108B3000FCEEC76A472FF8EE667ACDED1A6A77EE3B
:108B4000677A67EE887AF8FE677AFCEEE77A17EEC6
:108B5000905A7FF45FAF00221A9B1C92632B00F2A5
:108B6000F680DFE813F0BE01BE01BE01BE01E701E1
:108B7000BE01F40014021402F400FD01F400F4003C
:108B8000F400F400F400F4001A031A031A030C03AF
:108B90000C03F400F400F400F400F400F400FD0110
:108BA000F400FD01F400F400F902F400F400F40014
:108BB000F400A401F400F202F400F400DD02F40079
:108BC000F400F400F400F400DD02CE02CE02F40062
:108BD000E701AD02AD02AD02AD02AD02AD02F4009F
:108BE0007B02F400F400F4006802F400F400F400E6
:108BF000F400F400F400F4009102F400F400F9022F
:108C0000F400F400F4005F029102910291029102DB
:108C100091029102F400F40091024E024E02FD0115
:108C200043024302390227022702240324030022BD
:108C3000A7F124031B92362B00F28980DFE813F0A2
:108C4000F60387008700870087008700870087007A
:108C500087008700870087008700870087008700DC
:108C600087008700870087008700870087008700CC
:108C70008700870087008700870077036E036503FE
:108C80005C03E303DA038700C603B903AC039F0365
:108C90008B03870080034C0053034A0341033803CE
:108CA00018030F030603FD02F002E302C1021AAA31
:108CB00018A93046CDED198A09F0C4FA8DF85B0089
:108CC000002840F0A6849DED197AB4EE477AF1EEC3
:108CD00010FAFFF52DAF1B90002D40F060849DF839
:108CE0006D301A9A43F08003CAF8BC208DF86D30BD
:108CF00073E292F8CD30980640F1D88319270BE63D
:108D0000002C40F0DA8393F88020002A40F0308471
:108D100039238DF85B300378002B3FF4F7AD21E663
:108D20009DF872308AF80140002443F010038DF85A
:108D300072301C9B1BEA030F40F040844BEA030B8C
:108D4000189A3FE6CA4B93F820315F07E8D41427FE
:108D5000E2E59DF871306321C64A43F080038AF84A
:108D60002010D2F824218DF87130002AEFD0002491
:108D7000DFE78AF8E04000231C46DFE7601FA4F12C
:108D800004019AF84C304FF0000418BF0120B1FAEA
:108D900081F19DF87220490960F3000342F004025A
:108DA00061F341038DF872208AF84C30C1E79DF8D9
:108DB000713043F080038DF87130002C00F0B484E2
:108DC000012C40F0AC8499F80832AB4A990600F1C6
:108DD0007287AA4B1C89C4F3801484F00104002C10
:108DE000A7D0012300248AF82030A2E705F0BEF9BD
:108DF0004207ACD50121002004F0E0FF0028A6D0F6
:108E00009DF8723000249DF8682043F00103099218
:108E10008DF872308DE705F0A9F9010797D500218B
:108E2000012004F0CBFF01460028E9D1E4E705F07A
:108E30009DF980078BD50121084604F0BFFF00286B
:108E4000DED184E79DF872300122002443F0020352
:108E50000B928DF872306CE79DF87230082C059AF1
:108E600043F0080342F480728DF87230059200F0EE
:108E70007084092C40F0458400248AF8214058E78A
:108E8000D9F8283198477C4B002800F09A830228B3
:108E90007FF45DAFD3F82431002B3FF458AF9DF839
:108EA0007230002443F002038DF8723041E7D9F8A4
:108EB0001431002B3FF44BAFA5F114021E2A3FF6EC
:108EC00046AF6F4BD34003F0010383F00102002B48
:108ED0003FF43DAF6B4BA3FB05131546DB088A330C
:108EE0001A93069B002B40F0F6869DF870201A9B83
:108EF00042F002028DF87020002D00F08683052BD1
:108F000040F083830A2D7FF422AF33230222002511
:108F10000692AAF8083000238AF83830002D40F075
:108F20003E831C9B1BEA030440F048834BEA030B7F
:108F3000254605E79DF8700023F00201DAB240F003
:108F400001001C298AF800208DF8700040F02A8367
:108F500015B10A2D7FF4FBAE2A448AF80020E0E721
:108F6000002DE7D1069A002A40F0B5869DF87000E2
:108F700023F00201DAB240F001001C298AF8002037
:108F80008DF8700040F0048401230693E4E7384A2A
:108F9000127E022A7FF4DBAEA3F107039DF8712055
:108FA000B3FA83F342F040025B098DF871208AF82E
:108FB0000D30B3E72E4A127E022A7FF4C8AEA3F129
:108FC00060029DF8713082F0010243F020038AF8BC
:108FD0004D208DF87130A1E79DF87030022243F0EA
:108FE00020038AF80A208DF8703097E79DF87020EA
:108FF000C3F15E0342F020028AF80A308DF8702037
:109000008CE79DF87020002D40F0F082A3F15B0307
:1090100042F00802B3FA83F38DF870205B098AF8F6
:109020000C307EE79DF8702042F002028DF870202F
:10903000AAF808306FE79DF87030412243F0010331
:109040008AF800208DF87030002D7FF480AE094B37
:10905000D3F82031002B7FF464AF78E69DF87130AF
:1090600043F010038DF87130002D3FF45AAF6EE6D7
:109070007CC100204CC0002034BE002098BD0020E0
:1090800001041040CDCCCCCC069A002A40F02386B7
:1090900099B2B8F800209DF870300120521AAAF851
:1090A0000810059943F0020318BF01228AF838001E
:1090B0008DF8703062F341010222059106922DE78E
:1090C0009DF87110A3F136023B2BD34841F0080103
:1090D000D2B28DF871108AF81C207FF41FAF002DDA
:1090E0003FF41FAF1E2D3FF632AECC4BEB40DC07FA
:1090F0007FF52DAECA4BA3FB053502EBD5020277F7
:109100000FE7A3F133039DF871200421B3FA83F331
:109110000A4306915B098DF871208AF83730FDE625
:109120009DF87120312B42F001028DF8712000F082
:109130001983002D40F0FD82BA4B9B69002B3FF450
:1091400006AE01238AF80F30EBE69DF8703043F04D
:1091500080038DF87030E1E6002D7FF4F8AD0699BC
:10916000002940F0B8859DF870208AF83810022157
:10917000AAF808300A4306918DF87020D1E6A3F1D1
:1091800014039DF87020B3FA83F342F040025B09A8
:109190008DF870208AF80B30C0E69DF87020113BE6
:1091A00042F004028AF80E308DF87020B6E69DF881
:1091B0007120623B42F002028AF836308DF871204D
:1091C000ACE69DF86F30089A43F004038AED287AE4
:1091D00042F004028DF86F300892DAF8CC201B9B25
:1091E0001A427FF48BAD904909680B4207D0DDED40
:1091F000197AF5EEC07AF1EE10FA00F1B882134355
:10920000CAF8CC309CE59DF86F30089A43F0020311
:109210008AED277A42F002028DF86F300892DCE77F
:109220009DF86F30089A43F001038AED267A42F0E8
:1092300001028DF86F300892CFE79DF86E308AED0D
:10924000257A43F080038DF86E30C6E79DF86E30C6
:109250008AED247A43F040038DF86E30BDE79DF827
:109260006E308AED237A43F020038DF86E30B4E738
:10927000002D40F094816B4B9A69002A40F0928255
:109280001A98C00F002840F03F86DDED197A9DF84E
:109290006E30F4EE677A43F01003F1EE10FA8DF8B9
:1092A0006E3074BF1A9B4FF0FF33CAF8C43094E796
:1092B0009DF86E308AED1F7A43F008038DF86E300A
:1092C0008BE79DF86E308AED1E7A43F004038DF82B
:1092D0006E3082E79DF86E308AED1D7A43F002030E
:1092E0008DF86E3079E79DF86E308AED1C7A43F088
:1092F00001038DF86E3070E79DF86C308AED147ABA
:1093000043F080038DF86C3067E79DF86C308AED90
:10931000227A43F008038DF86C305EE79DF86C30DC
:109320008AED217A43F004038DF86C3055E79DF8FF
:109330006C308AED207A43F002038DF86C304CE7F4
:109340009DF86D30BDEEC77A43F040038AED2E7A6A
:109350008DF86D3041E7002D40F02181B4EE477A61
:109360009DF86D3043F01003F1EE10FA8DF86D307A
:1093700074BF9DF86830FF238AF8C8302DE79DF848
:109380006C30079A43F040038AED197A42F00402E8
:109390008DF86C30079220E79DF86C30079A43F007
:1093A00020038AED187A42F002028DF86C300792A1
:1093B00013E79DF86C30079A43F010038AED177A93
:1093C00042F001028DF86C30079206E7002D40F064
:1093D000E680B4EE477A9DF86D3043F00803F1EE75
:1093E00010FA8DF86D3074BF1A9B4FF0FF33CAF836
:1093F000C030F2E69DF86D308AED167A43F0020334
:109400008DF86D30E9E69DF86D308AED157A43F000
:1094100001038DF86D30E0E698A5002000041040AF
:10942000CDCCCCCC4CC00020740E0020002D40F0E0
:10943000B6809DF86C30BDEEC77A43F001038AED2B
:109440002D7A8DF86C30C8E6CA4BD3F8FC20002A80
:109450003FF47DAC002D00F0C08004EB8404AFB27B
:1094600004EB840407EB840080B290470446002894
:109470003FF46DAC1A9A02EB820202EB820207EB18
:1094800082039BB29DF87220AAF8023042F02003BA
:109490008DF872304DE401239DF81C20ADF8143096
:1094A0008AF80A20AAF80830FFF778BA43F02003B8
:1094B00082ED1B7A82F8CD3042E4012283F88020CD
:1094C000FFF743BA9DF870303D460C9FDB0703D58C
:1094D0009AF80030412B13D0069B9DF820409BB991
:1094E00094B198F88430002B00F05981059BDE0779
:1094F00000F155812827FFF70FBA0127FFF70CBAB3
:109500002C4607958DF8205098F8843013B1069BAF
:10951000022BEBD09AF8CD30974A5D0607D5D2F8EA
:10952000B820964B9A4202DD1B27FFF7F5B9CBF323
:109530000741CAB202F0200303F0FF062BB1BAF8CC
:1095400002608D4D002E40F067839FED8D8A0C9652
:10955000F0EE488A0D96059B13F001045CD09AF852
:10956000CD3085489B0700F14A831627FFF7D4B911
:10957000804C83F880700BF07FF9E36808209847EF
:10958000246D002C3FF4E1A913F0A2F8A0F1020130
:10959000FF20B1FA81F14909A047FFF7D6B9172793
:1095A000FFF7BAB95C2B7FF4B9AC1E2D3FF6CFABF9
:1095B000744BEB40DF077FF5CAABCDE41527FFF70F
:1095C000ABB9714A127F042A3FF4D5ABD3F8E0302F
:1095D000002B7FF464ACFFF7BABBA0B290470446FF
:1095E00000283FF4B4ABBDF868304BE742F01002FE
:1095F0000A2D8DF870207FF4AAAB5A2B7FF491AC22
:10960000FFF7A5BB0227FFF787B9022206920FE5F5
:1096100014200746FFF780B9BAF80800564B2128F6
:1096200000F051839C7A012C00F0588314F0FD0F58
:109630000AD193F8CD00800700F16B8398F80250AF
:109640005248A54200F06B849AF8CC30DB072AD54B
:109650009AF8CE3048481D0700F1AB805FFA8BF3D3
:109660009C070AD5008940F24B14A04218BF21285C
:1096700000F09F804C2800F09C80980604D59AF852
:109680000A30022B00F095801BF4005F40F09180BF
:109690001BF4801F04D09AF80130332B00F089802E
:1096A000500700F1B0869AF80A30022B00F08B8048
:1096B000CBF30724A30600F195800A9B002B00F052
:1096C000AF830A9B58789AF8CE308AF84D001D0770
:1096D00000F19A800A984378002B40F02F8383682A
:1096E000CAF87C30002311930B9B002B00F09E8066
:1096F0009AF8CE30204D980700F1E8831C27FFF739
:109700000BB999F812329B077FF521AB9AF82130FB
:10971000002443F002038AF82130FFF70ABB8AF8DD
:1097200020400024FFF705BB03238AF82030FFF711
:1097300000BB142D70D00A2D7FF409AB069B002BC3
:1097400040F0C982022303228AF80F300692FFF705
:10975000E8BB9AF82130002443F001038AF8213055
:10976000FFF7E7BA00238AF80F30FFF7DABB0427C8
:10977000FFF7D2B84CC0002098A500208096980032
:1097800000000000010410407CC10020C0BC00208B
:109790005C2B4FF0010306937FF4C3AB08E7022371
:1097A0000693B7E6DB691A989847B0FA80F040094B
:1097B00068E5DAF8B430002BD9DB002B40F3A7833F
:1097C0002727FFF7A9B80A9B002B3FF4C0AA0A9BE2
:1097D000DB68DB6B002B3FF4BAAACBF30724A006AF
:1097E0007FF56FAF9AF84D00BB4B012800F0AB82BC
:1097F0000A9B5B78012B00F0EF820A9B58709AF865
:10980000CE301B077FF566AF0A9B5B78012B00F01B
:10981000C1820123119367E7B04B9B69002B3FF492
:1098200096AA03238AF80F30FFF77BBB9AF8CE3055
:10983000A948DB0603D4D8F87C30C0F8C430099BB3
:10984000002B7CD0CD077AD53E3B062B77D8DFE8BE
:1098500013F062016201620162012100070007004A
:10986000DAF8CC309E499C4D194000293FF446AFB0
:1098700095ED159A012100200E92BCEEC99A04F0D4
:109880009DFA0E9A19EE103A8342C0F01E862C27DC
:10989000FFF742B8DAF8CC008F4910F4043F3FF4E8
:1098A0002DAF904B1D460340AB4200F02D8691F842
:1098B000C830042B84D83BB1D1ED1D7AF5EE407A47
:1098C000F1EE10FA3FF47CAF9AF8CE30824DD90712
:1098D0001FD595ED1C9AB5EEC09AF1EE10FA3FF542
:1098E00046AF002101200E9204F068FABCEEC99A3E
:1098F0000E9A19EE103A8342BFF462AFD5ED1C7A8E
:109900000121FCEEE77A85F8D01017EE903A85F841
:10991000D1309AF8CD30704DDB0700F119859AF8F7
:10992000CE109AF8CD3001F0FD0103F0EF036FF394
:1099300000016FF300038AF8CE108AF8CD3050078B
:1099400040F1F4819AF84C30990706D50A9BDB6800
:109950009B7A13F00A0F3FF4FAA9D3062CD59AF894
:10996000CE305D4ADD0700F17F824FF07E531367F2
:109970009AF80130303B082B1ED8DFE813F0330192
:10998000BF00130102011D0023011D001D0009007D
:10999000554B93F8203158070ED5DAED1C7A9AF81A
:1099A0003530F5EE407AF1EE10FA0CBF01220022BC
:1099B00062F382038AF835309AF80030464A042B65
:1099C00000F065829AF80E30002B00F05A82012BCD
:1099D0000CBF0123002310930CBF002302230E931E
:1099E0000CBF022301230F939AF80B309BB19DF813
:1099F00020100323384A9FED3D7A013B21FA03F002
:109A0000C00705D5D2ED287A67EE877AC2ED287AAD
:109A1000043A002BF1D165060AD59AF80D3098F872
:109A20000510334A994203D00820537116F0CAFC3E
:109A300098F8053053B1089BDA0707D5B6EE007ADF
:109A4000DAED267A67EE877ACAED267A069B042B32
:109A500000F0698298F82F30EBB19AF80C5003218E
:109A6000DFF874A09DF82000224A5346013920FAFD
:109A700001FE1EF0010F0AD0002D00F01A8293EDB6
:109A8000287AD2ED057A67EE277AC3ED287A043B6F
:109A9000043A0029EAD1E5070BD59AF80F300E4AAF
:109AA000022B00F01C84032B00F0C283012B00F07A
:109AB000DA83240740F1A3819AF81C0098F8143047
:109AC000834200F09C810C4910F0AAFF002840F06E
:109AD00096810727FEF720BF98A500204CC00020E4
:109AE00000010200000101007CC100203333CB41A2
:109AF000C0BC002088980020A8A500209AF8352036
:109B00009AF8343042F0010243F001038AF835201C
:109B10008AF8343050E79AF8CE30C64DD8077FF532
:109B2000EDAD95ED1C9AB5EEC09AF1EE10FA3FF549
:109B30001EAE01210E92084604F040F9BCEEC99A0F
:109B40000E9A19EE103A8342BFF43AAE0120D5EDD9
:109B50001C7A95F8CE1085F8D000FCEEE77A0998CB
:109B60006FF30001402818BF3E2817EE903A85F8A1
:109B7000CE100CBF0120002085F8D130C5F8D400EC
:109B8000DDE6DAED1C7AAB4BF5EE407A93F8342043
:109B9000F1EE10FA0CBF42F0010222F0010283F84C
:109BA000342009E7DAED1C7A9AF83530F5EE407A80
:109BB000F1EE10FA0CBF0122002262F300038AF8D2
:109BC0003530F9E6DAED1C7A9AF83530F5EE407A60
:109BD000F1EE10FA0CBF0122002262F341038AF871
:109BE0003530E9E69AF835209AF834306FF3000200
:109BF00023F001038AF835208AF83430DCE6C37A92
:109C0000002B3FF421ADD0ED167A9FED8B7A67EEF5
:109C1000877AC0ED167A17E5884B28460D91D3F860
:109C200000310C92D5F8CC6098471A9000287FF448
:109C3000F0ACD5F8CC00824B46400C9A1B680D99CD
:109C4000334003D024EA13648DF82040079CC6F308
:109C50000210C6F3072324EA00009C07079040F196
:109C6000B8800020DAED168ACAF8580023F07F0386
:109C700003F0FF00002B00F0AA80DAF8BC000023FC
:109C80000D90CAF8BC30C6F30743180740F19C801A
:109C900000209AED1F8ACAF87C0003F0100303F03D
:109CA000FF00002B00F08D80DAF8C40000230C9038
:109CB000CAF8C4304FE4D36E984780F02000C0F358
:109CC0004014FFF78CB893F8CC00450610D4D8F8B0
:109CD00068009866B8E41827FEF71EBE069C022CA2
:109CE00000F0B6809AF8CC30DD073FF5B1ACDFE488
:109CF00064F38610DD7AD3ED197A83F8CC002DB1A8
:109D00009FED4D7A67EE877AC3ED197ACAED1A7A1C
:109D10009AE4D87A00283FF497ACD3ED167A9FEDF9
:109D2000467A67EE877AC3ED167A8DE40A9B002B9C
:109D30003FF413AE1B788AF84C300EE60A9BDB68C2
:109D40005B68DB69CCE40A98C068857AED077EF52C
:109D5000FEAF93F8CE502D077FF5D0AC93F8CC50E2
:109D60002D0640F1D48390ED067AD3ED147A436842
:109D7000F4EEC77AF1EE10FA58BFF0EE477AC3ED71
:109D8000077A9AF8CC309AF84D006FF3C7138AF827
:109D9000CC3032E59AF80B009FED2A7A0028DFEDEF
:109DA0002A7ADAED1F6A08BFF0EE477A11930A9B10
:109DB00067EEA67ACAED1F7ADB685B68C3ED047AAA
:109DC00092E40C90FFF7C7BB9FED208A65E70D90EA
:109DD00059E7DFED1E8A49E70A9843683BB1002343
:109DE0000F910E9243600AF047FD0F990E9A0A9860
:109DF000C3685B681B6883609AF84D00FDE49AF8BD
:109E000000200C4B0A2A00F000815C2A40F0C88038
:109E10009DF82050002D40F079821A27FEF77CBD76
:109E20009AF8CE30C3F3C0031193002B7FF4ECAC4F
:109E30005AE400BF98A500203333CB414CC000202A
:109E40001C07002000007A4466669843000000006A
:109E500050283FF447AF00283FF444AF93F8CD308B
:109E60009C077FF582AB3DE7D2ED1C7AF5EEC07A18
:109E7000F1EE10FA3FF57BAC6FF3000382F8CE30C1
:109E800076E50F930223109301230E93ACE592F82D
:109E9000CE30D9077FF532ACD2ED1C7AF5EEC07A20
:109EA000F1EE10FA3FF563AC6FF3000382F8CE30A9
:109EB00088E5D2ED027A93ED287AD2ED056A37EE85
:109EC000677AE7EE267AC3ED287AE0E595ED1D0A7C
:109ED0000F910E9208F090FA0E9A0F9900283FF415
:109EE0005EABCC488369002B40F07F8295ED1D7AF4
:109EF000DFEDC97AB4EEE77AF1EE10FACCBF0120BB
:109F00000020002800F00A832627FEF705BD9AF8F6
:109F1000CC306FF300038AF8CC30FFF7C4BB406E3F
:109F20009865FFF791BB9AF83730BC49ABB3002373
:109F30009DF8205081F83730002D3FF46EAF12931A
:109F40000323B74ACDF84CB0A346CDF850801C4649
:109F5000B846CDF854900F46B1461646013C25FA56
:109F600004F0C30700F196829AF83750F7EE007AB2
:109F700001203DB996ED027AB4EE677AF1EE10FA5F
:109F800008BF0020043E043FA44D8AF83700002C8F
:109F900000F086819DF82050E0E7FEF717F959E5BB
:109FA0009DF82050002D40F01D811B89023B9BB283
:109FB000012B40F217811E2A00F0858240F2F580C5
:109FC000352A01F06E80412A40F0C6809AF8CE20F2
:109FD000924BD1077FF592ABDFED927A93ED1C7A2D
:109FE000B4EEE77AF1EE10FA3FF7EAAB089308F027
:109FF00031F8D82202FB008007F090FF089B002870
:10A0000040F008825227FEF787BC9DF820504DB9DA
:10A0100093F8C820142A3FF400AF93F8CE305807C5
:10A020007FF5FBAEDAF8CC307C4913F4883F3FF47F
:10A0300065ABD1ED1C7AF5EEC07AF1EE10FA3FF582
:10A0400096AB91F8C830F6EEE77AFCEEE77A0B2B88
:10A05000CDED127A9DF8482001F28D800A2B0FD2A7
:10A06000012B0DD0022B7EF472AE91F8CE30590741
:10A070003EF56DAE092A41F283801D27FEF74CBCE8
:10A08000644B996900293EF462AED9691046139376
:10A0900012928847044600283FF436AF9AF8CE0063
:10A0A0005E4910F0040F129A139B07D0886FE0608E
:10A0B00091F8CE006FF3820081F8CE009AF8C810B4
:10A0C0000B2901F04B809AF8C810012905D11046E0
:10A0D000DA6912939047129B0446534922464F482F
:10A0E0004FF0030C0CF1FF3C25FA0CFE1EF0010FA3
:10A0F0009AF8C8E001F02680BEF1010F01F01C8043
:10A10000BEF10A0F01F00680BEF10B0F0BD10DF16D
:10A11000880ED0ED287A0EEB8C0E9EED007A77EE4D
:10A12000677AC2ED027A04390438043ABCF1000FB0
:10A13000D8D19AF8C820012A02D15B6A20469847F4
:10A140009AF8CE209AF8CD306FF300026FF3041323
:10A150008AF8CE208AF8CD30BAF80830502B00F0BB
:10A16000FC81069A022A00F0E781059B13F00101A9
:10A1700000F025819AF8CD3003F0FD036FF38613CC
:10A180008AF8CD30069B3BB1284ADAF8CC30126809
:10A1900023EA0203CAF8CC30DAF8CC101F4C0029AD
:10A1A00000F092872427FEF7B7BB1C2AD4D10920E0
:10A1B0001A4C04F1A40110F033FC00283FF489ACE0
:10A1C000002D00F0F680184A0323013B25FA03F125
:10A1D000C80702D4516FC4F8AC10043A043C002BF9
:10A1E000F3D1B9E7069B032B3FF4E5AE9AF80CE0F8
:10A1F0000320DFF828A00C495346013825FA00F463
:10A20000E40775D44C6FC3F8A0400439043B002820
:10A21000F3D1D0E64CC000200000004F98A50020EC
:10A220008898002000FF7F47C0BC00201C0700204A
:10A23000CF498B69002B3EF48AAD92F8CD301D07D3
:10A240007FF55CAAD2F8C00000283FF45DAECB6970
:10A25000984700283FF458AE9AF8CD306FF3C30307
:10A260008AF8CD3025E4C24B996900293EF46FADE0
:10A2700092F8CD10080740F10781D2F8C01041B91B
:10A28000BC4991F89011490703D4D2F8C410C2F820
:10A29000C010DB69DAF8C00098470028DCD133E64B
:10A2A000B54B4746D5F8CC204E46DDF850805C468D
:10A2B0001B6898F82F1022EA0303DDF84CB04140E8
:10A2C000DDF85490C5F8CC30129B88F82F000B4372
:10A2D0003FF4C0AB022016F075F8FFF7BBBB9DF84A
:10A2E000203013F0FF0F7FF4E4AB2527FEF714BBFB
:10A2F000352A8AD0BEF1000F4AD093ED287AD1EDED
:10A300001D7A77EE277AC3ED287A7EE79B4A0321F0
:10A3100014E0D3ED067AD2ED1D6A93ED287A76EE3D
:10A32000E76AD2ED347A36EEC77A77EE677AC3ED14
:10A33000287A043A043B00293FF40EAF013925FA8C
:10A3400001F0C007E5D4D2F8C400C3F8A000F0E7DC
:10A3500095ED159A00210E92BCEEC99A084603F0BD
:10A360002DFD0E9A19EE103A8342BFF429AA95F8F2
:10A37000C830002B7FF424AAD5ED157A85F8D030AB
:10A38000FCEEE77A17EE903A85F8D130FFF7C7BABE
:10A39000D1ED316A93ED067AD1ED347A76EE876AA3
:10A3A00093ED287A76EEA77A77EE277AC3ED287AAE
:10A3B0002BE72389502B13D000230693D5E69AF878
:10A3C000CE209AF8CD3061F3041261F3410361F3BA
:10A3D000C30261F386138AF8CE208AF8CD30D1E625
:10A3E000069500238AF83630BFE6D5ED1D7AC3699D
:10A3F000FDEEE77A17EE900A9847B0FA80F00E9AD1
:10A4000040090F997DE5DAF8B4305C1CFFF6D8A955
:10A41000FFF7D3B993F8CE104FF000020125584C46
:10A420006FF300018DF8202083F8CE10D3F8CC1004
:10A43000E940C3F8CC10DAF8CC20EB005148F2B177
:10A440005149D2070B4413D551F8351081B11A790F
:10A450000123022A01F03786042AA8B203FA05F282
:10A4600006D1236891ED000A1343236007F046F8F4
:10A47000DAF8CC3001355B08CAF8CC30DBE7038969
:10A48000502B7FF46EAEACE7D2F8C430C2F8C030C7
:10A49000FFF70FBBD7ED287A012396ED057A02204E
:10A4A00003FA04FEC6ED057AB4EE677A25EA0E03D8
:10A4B000F1EE10FA0893129B18BF43F001031293B8
:10A4C00015F080FF50E50A2072E695ED157A00211F
:10A4D000D5ED1D7ABCEEC77A95F8CEE095F8CD00A3
:10A4E000FDEEE77A61F3410E85F8D01017EE103AD1
:10A4F00061F30000C5ED357A85F8D13085F8CEE0FE
:10A5000085F8CD00FFF71BBA3027FEF705BA45687E
:10A510008069E86193F84D00FFF76FB9DAED1D7AB5
:10A520009AF8CE30FCEEE77A60F34103CAED317A57
:10A530008AF8CE30FFF783B9B8F800400599E21ADF
:10A5400018BF012262F349210591FBB99DF8203023
:10A5500013F0FF0F7FF409AE2EE7002D3FF441AF5B
:10A56000069B012B18BF1F277EF4D6A939E700BF31
:10A570004CC000207CC100201C070020C0BC002073
:10A5800094A5002098A500206C3A00609AF8382025
:10A59000C5490AB981F836209AF84D00C249012808
:10A5A00000F06C85212B00F067834C2B00F0A78016
:10A5B000DAED167AF5EE407AF1EE10FA3EF4D5AF08
:10A5C0009AF83830B849002B00F0A880059B03F0BA
:10A5D000020303F0FF002BB398F80220B34B012ACB
:10A5E00000F053859AF8CE2055077FF587A89DF88F
:10A5F00020201099CA40D4077FF580A80F9A4FF009
:10A60000000E012403EB82050E9AC3F854E003EB1D
:10A6100082010022C5F844E083F85C40C1F844E0C0
:10A6200083F85D209AF8CD209F4BD10655D40122A6
:10A6300083F8C8209AF8CE209B4B52071AD5DA7AB5
:10A64000B7EE007ADFED9A7A002AD3ED1E6A9AF807
:10A650000C2008BFF0EE477A67EEA66A002A00F0E9
:10A660005983109B08EB8303D3ED1B7A77EEA67A10
:10A67000C8ED167A9AF80C400323D8ED166ADFF875
:10A6800028A2DFF828829DF820E051464246013B8F
:10A690002EFA03F5ED070CD5109DD1ED287AAB42CB
:10A6A000C2ED137A20D092ED1D7A77EEC77AC2ED13
:10A6B000137A043A0439002BE9D1109AD8ED167AAE
:10A6C00008EB820292ED117AF4EEC77AF1EE10FAFD
:10A6D00040F1E8823627FEF71FB993F8C830002B07
:10A6E000A8D11327FEF718B9002CE2D092ED1D7AFD
:10A6F00077EEC77A77EEA67AC2ED137AD9E70A9B8E
:10A70000DA68D36B002B3EF422AB9AF80E10664B3E
:10A71000012900F015832A27FEF7FEB80B89332B99
:10A7200000F0628200F22E82022B00F0918040F253
:10A730002482032B00F09080052B7FF416AD8B7BD9
:10A74000002BE8D1089B13F0FC0F7FF4C4AA594AF0
:10A75000D1F8CC3012689A437EF4D0AF059A9205B6
:10A7600005D5554A126832EA03037EF4C7AF9AF85A
:10A77000CC204D4B12F0300F48D193ED1C7AD3ED25
:10A780001D7AB1EE477ADA7AF1EE677A83ED177ABD
:10A79000C3ED187A6AB19AED1C7ADFED456ADAEDFD
:10A7A0001D7A27EE267A67EEA67A8AED1C7ACAED24
:10A7B0001D7A98F82F3083B1404A9AED1C7ADAED71
:10A7C0001D7A92ED036AD2ED046A27EE067A67EEEF
:10A7D000A67A8AED1C7ACAED1D7A9AF8CC209AF8EE
:10A7E000CE3002F0DF02DAF8701003F0FD036FF3F1
:10A7F0000412C8F834106FF300038AF8CC20DAF89A
:10A8000074208AF8CE30C8F83820AEE4DA7AAAB3D9
:10A8100093ED177ADFED266AD3ED187A27EE267AC4
:10A8200098F82F2067EEA67A83ED177AC3ED187A91
:10A83000002AB0D0214A92ED036AD2ED046A26EED6
:10A84000077A66EEA77A83ED177AC3ED187AA2E746
:10A85000059B43F0040305939DF8201000293FF465
:10A86000DCAA01220F9B02FA03F00E9B02FA03F30B
:10A870000343194224D12027FEF74EB898F82F2021
:10A88000002AAAD00D4A93ED176AD3ED186A92ED0B
:10A89000037AD2ED047A27EE067A67EEA67A83ED84
:10A8A000177AC3ED187A88E798A50020C0BC00206D
:10A8B0003333CB41780E0020F80B0020889800201D
:10A8C0009AF8CE10C14CC9074BD4C4F8DC200F98BD
:10A8D0000E9C0AEB800198F82F5008EB8002D1ED16
:10A8E000269A0AEB8401D2ED1B7A08EB840291EDE3
:10A8F000269A92ED1B7A79EEE79A39EE479AC5B11E
:10A90000B34A02EB800102EB8402D1ED037A92EDAF
:10A91000037A67EE877AF5EEC07AF1EE10FA08D581
:10A92000BDF8141081F00402C2F3800262F38201C8
:10A9300005919AF8CE20A54C02F0040101F0FF0029
:10A94000002965D0134604F198010C22A1486FF349
:10A95000820384F8CE301FF095FBE8B92127FDF77C
:10A96000DBBF94ED1C0A129307F046FD129B0028F2
:10A970003EF415AED4ED1C7AFCEEE77A17EE902A81
:10A98000C4ED377A002A3EF41BAF94F8CE206FF363
:10A99000000284F8CE209AE7E37A3BB1D4ED1E7A28
:10A9A0009FED8D7A67EE877AC4ED1E7ABDB1884B34
:10A9B0000F9A0E9903EB8202DAED1E6A03EB810314
:10A9C00092ED037AD3ED037AB4EE677AF1EE10FAE2
:10A9D000C8BFF0EE477A67EEA67ACAED1E7AF1EEAE
:10A9E000007A9AED1E7A29EEA9BA784C69EE09AA86
:10A9F00067EE277AB0EE4B0A97EE270A30EE6A0A26
:10AA0000B5EEC00AF1EE10FA08D52227FDF784BF93
:10AA1000079A134239D12327FDF77EBF1CF0FCFFB4
:10AA2000B0EE40AA3BEE2A0A1CF0F6FF9AED1E7A21
:10AA3000F1EE4A7A2389B5EEC07A032B634BC7EE59
:10AA4000806A08BFF1EE666AF1EE10FA05D5B1EE44
:10AA5000477AF1EE666A83ED1E7AB0EE697A0F9B53
:10AA6000F6EE007A0AEB83020E9BA6EEC97AA6EEFA
:10AA7000A99A0AEB830327EE277A69EE277A82EDFB
:10AA8000177AC3ED177AFFF770BB94F8CC30E27AEF
:10AA900003F09F0360F3041384F8CC30002A5AD1EA
:10AAA0009DB14A4A03234A49013B0798D840C00751
:10AAB00007D592ED197AD1ED057A67EE277AC2EDC6
:10AAC000197A043A0439002BEED10E9B03F11605D6
:10AAD0000F9B0AEB850503F11604D5ED017A0AEB0D
:10AAE000840439EE679A94ED017A79EEC77A29EEFB
:10AAF000090AA7EEA70A1CF08FFFB0EE409A95ED69
:10AB0000010AD4ED017A20EE000AA7EEA70A1CF094
:10AB100083FF79EE407A9FED317A8AED1E0AF0EEDE
:10AB2000E77AF4EEC77AF1EE10FA7FF71EABB6EED5
:10AB3000007AF4EEC77AF1EE10FA3FF70FAF9FED0F
:10AB4000287A20EE070AF4EEC07AF1EE10FA3FF709
:10AB500005AFFFF70ABB03239FED1F7A013B079A5E
:10AB6000DA40D20705D5D4ED197A67EE877AC4EDBD
:10AB7000197A043C002BF1D192E7012B3FF4E6ACAB
:10AB8000FFF7F3BA8D2B05D072D98E2B06D08F2B01
:10AB90007FF4EBAA059A42F0100205928E3B012B3E
:10ABA00003D8059B43F0080305939DF8203013F06C
:10ABB000FF0F3FF432A90C220A4906481FF062FA3F
:10ABC00000283FF4CBAEFFF7D0BA00BF98A5002015
:10ABD000889800202CBD00203333CB410AD7A33BFB
:10ABE0006F12833A30A600208B7B002B7FF493AD4D
:10ABF000089B13F0FC0F7FF46EA84E4BD1F8CC20CD
:10AC00001B6893437EF47AADD1ED177AF5EE407A66
:10AC1000F1EE10FA3EF4D4ADCB7A5BB1DFED466ACB
:10AC200091ED187A67EEA67A27EE267AC1ED177AAB
:10AC300081ED187A98F82F3083B1404B9AED177A4E
:10AC4000DAED187A93ED036AD3ED046A27EE067AFB
:10AC500067EEA67A8AED177ACAED187A9AF8CC30A0
:10AC600003F0DF036FF304138AF8CC30FFF77DBAEB
:10AC70008C2B93D0FFF779BA0A9BDB68DB6B002B38
:10AC80003EF465A8DAED1A7AF5EE407AF1EE10FAA4
:10AC90003EF496AD059B43F020030593002A3FF454
:10ACA00064AA93E49AF8CD409AF8CE10BAF8082036
:10ACB00063F3041463F38201A2F149038AF8CD40DF
:10ACC0008AF8CE10102B3FF650AA01A151F823F0BC
:10ACD000354D00007B3E00007B3E00007B3E0000C7
:10ACE0007B3E00007B3E00007B3E00007B3E000080
:10ACF000034D00001D4D0000354D00001D4D0000AE
:10AD0000034D0000CD4C00007B3E00007B3E000068
:10AD1000CD4C0000109908EB810203EB810392ED0A
:10AD20002F6A93ED047AD2ED327A37EE067A77EE17
:10AD3000277A9BE4F80B00203333CB41889800201E
:10AD40009DF8205015F0FA0F7FF42CAA93F8CE103E
:10AD5000490709D5F7EE007A93ED1E7AB4EEE77A4B
:10AD6000F1EE10FA3EF52CAD68077EF5C7ACDAF8C7
:10AD7000CC10D048D04B084000283EF4BFACD3EDF7
:10AD80001CAAF5EEC0AAF1EE10FA3EF5F0ACD3ED38
:10AD9000189AF5EEC09AF1EE10FA3EF5E8AC93ED94
:10ADA00019AAB5EEC0AAF1EE10FA3EF5E0AC93EDAB
:10ADB000179AB5EE409AF1EE10FA3EF401ADF5EEB9
:10ADC000409AF1EE10FA3EF4FBACF4EECA9AF1EEC2
:10ADD00010FABEF6F5AC93F8CD10C90604D593F879
:10ADE000C830032B3EF6ECAC0A9B92ED057AD3ED0E
:10ADF000027AF4EEC77AF1EE10FA3EF548AD92ED24
:10AE0000067AF4EEC77AF1EE10FA3EF740AD4C2C1C
:10AE1000AA4C07D03022002120461FF0C9F94FF07C
:10AE20007E536361B5EEC09ADAED287ABFEE007A00
:10AE30009AF80B20F7EE006AC4ED00AAF1EE10FAC2
:10AE4000C4ED039AB0EEC99A84ED04AAC4ED017A68
:10AE500058BFB0EE667A994B84ED029A84ED097A78
:10AE60006AB19FED977A29EE079A69EE879A2AEEE2
:10AE700007AA83ED029AC3ED039A83ED04AA9AF818
:10AE80000D309BB1F6EE005A94ED026AD4ED036AE0
:10AE900094ED047A26EE256A66EEA56A27EE257AF9
:10AEA00084ED026AC4ED036A84ED047AE80725D5CF
:10AEB0009AED047AD8ED2F6AD8ED1D5A77EE266AFE
:10AEC00098ED326A77EEE57A9AED267A76EE866A22
:10AED000F0EEE77A37EE667A27EEA70ACAED1C7A1B
:10AEE00084ED067AA7EE070A1CF096FD2AEE800A8A
:10AEF0009AED1C7AC0EE077AC4ED007A9AF8CD205C
:10AF00006D4B110702D5D3F8C030A362D50603D527
:10AF10009AF8C83084F82C30D00702D5DAF85430CB
:10AF2000E361D4ED076A654BF5EEC06AF1EE10FA05
:10AF300002D993F82C2072BB00220023E26184F82E
:10AF40002C309AF8CE305C4A590701D5926F626175
:10AF50009B0702D5DAF874302362059B9AF8CE106D
:10AF600043F020039AF8CD2001F0F901059302F097
:10AF7000E7029AF8CC306FF300016FF3000203F0A0
:10AF80009F038AF8CE108AF8CD206FF304138AF855
:10AF9000CC30FFF715BB93ED017AB6EE006AD8ED21
:10AFA0001D7A77EE677AF0EEE77A67EE867AF4EE4E
:10AFB000E76AF1EE10FA3EF703ACC2E7A2F15601E0
:10AFC0004B424B4188F85D3088F85C309AF8CE30BF
:10AFD0003949DD074AD5D1ED1C6AF5EEC06AF1EEBC
:10AFE00010FA3EF5C4AB6FF30003C8ED156A81F8A3
:10AFF000CE3077EEC77A552A324BC8ED147A7FF4FB
:10B00000B4A8002283F85C20FFF7AFB8542ADDD142
:10B010000A9BDB689B7A5B077DF599AE002388F875
:10B020005C30D3E79AF8CE30234A9C0722D5D2ED84
:10B030001D6AF5EEC06AF1EE10FA7EF698ABD27A90
:10B04000B7EE007ADFED1E7A6FF34103002A8AF82B
:10B05000CE3008BFF0EE477A67EEA67AC8ED147AD4
:10B060004FF07A53C8F85430FFF77FB800287EF4C9
:10B0700045ABBEE700287EF441ABF1E791F84C0008
:10B08000C00705D42927FDF747BC0327FDF744BCBB
:10B09000D1ED1F7AF5EE407AF1EE10FAF2D0FFF71B
:10B0A00081BABAF80830012B7FF656A81E27FDF7A3
:10B0B00033BC00BF7000010098A50020A4BA002096
:10B0C0003333CB41C0BC0020282222A81FF070F8E7
:10B0D000644B98F8871093F899209DF89D30B2FA48
:10B0E00082F28DF8A210B8F82C105209ADF8A01019
:10B0F00062F3410362F382038DF89D30059BDB0709
:10B1000040F1BE80584B1B683BEA030372D0102706
:10B11000FDF702BCD1ED047AD1ED1D6A91ED317AD3
:10B1200076EEE76AD0ED287A36EEC77A77EE677A60
:10B13000C2ED027AFEF7F7BFD0F8A0E0C2F808E04F
:10B14000FEF7F1BFAEF10A0EBEF1010F3EF6EBAF16
:10B15000D1F8D0E0C2F808E0FEF7E5BF22A9082048
:10B16000139312920FF05CFC129A139B00287EF44A
:10B17000AAAFFEF7AEBC142B3EF47CAFFDF7E7BDE3
:10B18000AABB9AF81C30394C18468AF8B03004F142
:10B19000A4010FF045FC00283EF49BAC344B93F81F
:10B1A0001831C3B99AF8C8000321DFF8C0A0314AAA
:10B1B0005346013925FA01F4E40706D5142800F0B6
:10B1C0008F87D3F8A040C3F8AC40043A043B002971
:10B1D000EFD1FEF7B5BF94F8B020063AD1B20229FC
:10B1E000E0D8D340DB07DDD53827FDF795BB531EEC
:10B1F000DBB2C8E72378352B01D0002B87D11B4D5C
:10B2000023AC98F8192005F1240398F883608DF891
:10B210009E200FCB84E80F000EBB95F8242002F08F
:10B22000020202F0FF031AB12B6B9B7AC3F3C00337
:10B230009DF89C5022A8104C63F3C7150B49224679
:10B240008DF89C5005F0EAFB074600287DF464ABBE
:10B250000A4B93E8070084E80700FDF75DBB012374
:10B26000E6E700BF98BD0020840C002098A50020D0
:10B270007CC10020C0BC00202CBD002030A60020D6
:10B280000A9B4BB3DB689B7A1D0725D52389052BC9
:10B2900018BF332B06D0013B022B03D9059B43F08B
:10B2A000400305939DF8203013F0FF0F03D0069B59
:10B2B000022B00F0B7860A9B1A7802F00303012BD9
:10B2C00000F09E86900740F1BB86059B590600F171
:10B2D000B786012388F88330DAF8B830C8F87830B8
:10B2E000299311F0F5F902280346179C0CBF01239E
:10B2F00000231290139314BF0123002307935CB122
:10B3000053B1204620F014FA01301EF0DDFB2A90E4
:10B3100010B1214620F0AAF99AF80A30012B88F8DA
:10B32000023005D19DF89C3043F020038DF89C300D
:10B33000DAF858309F4AC8F8643022930A9B59784B
:10B340009D4B012900F07F860A9BDAED1F7A93ED71
:10B35000027AB4EE677AF1EE10FA02D1059B9A06F2
:10B360001DD50A9B1B78DB0715D59DF814402506D3
:10B3700011D40A9DEB685B68C3ED007A09F07CFA92
:10B3800064060A9BE86854BF9AED1F0A9FED8B0A7A
:10B39000197810F079FDDAF87C300A9A9360059BF1
:10B3A0005806DAF8C400D8F87C3054BFDAF87C20AC
:10B3B000002283422592804A3AD0129BD067022B0A
:10B3C00036D0FCF7CBFE0B9B054643B999F8022219
:10B3D0007B4B520740F10D87D9F8243103BB794BE1
:10B3E0009A69002A00F0FF86C8F8D450D3F8D0201C
:10B3F0006AB1149328460A9B1C7890470A9B1A78D6
:10B40000149BA24203D04BF4802B8AF84C20D3F833
:10B41000D43013B1D8F8D4009847802014F0D2FF6C
:10B42000D9F8203193B10B9A284682F00101984750
:10B43000099B8BB13E3B062B0ED8DFE813F00B00C7
:10B440000B00C306C306B1060B007306802014F080
:10B45000B9FFEDE7FCF79EFE1BF4003F03D00B9B0A
:10B46000079A934258D3CBF3074463072AD50A9827
:10B470009AF84C1003784F4D8B4211D042789DEDD5
:10B48000250AC06810F008FE30B10A9995F84C30D2
:10B49000CA68526813720B7080F00103DBB211931B
:10B4A000494B494ADB7F6FF3C303D377119B4BB101
:10B4B000444B1B6C33B10A989DED250A4278017804
:10B4C000C06898470A9D23AA98F88330C8F860504E
:10B4D000E96826912868696803C29DF89C2028784D
:10B4E00063F3C71234498DF88C008DF89C200BB1A2
:10B4F00091F882309DF89D109AF8E02063F30001E6
:10B50000A2F146038DF89D10032B61D8DFE813F0FC
:10B510001406E1005E001406D8F87C00FCF71EFE5D
:10B52000044609F0A9F92A9818B1FDF779F8002323
:10B530002A93D8F8D43022691B699A4293D0214BC0
:10B54000D3F8D0206AB1099320460A9B1D78904712
:10B550000A9B1A78099BAA4203D04BF4802B8AF8E5
:10B560004C20D9F8242116490993002A00F00A86B4
:10B57000114890471A9000287EF44BA8802014F0C0
:10B5800021FF099B9A69002A00F0F685C8F8D4408B
:10B59000D3F8D4300B4C002B3FF465AF11F098F882
:10B5A000B0F5007F3FF45FAFD4F8D430D8F8D400C2
:10B5B000984758E798A50020C0BC00200000000074
:10B5C00034BE00204CC0002098BD002006F090FC46
:10B5D000059BDD050FD598F819209AF82100B84B86
:10B5E0008242B84D099306D0FCF71AFC18B1099BAA
:10B5F00093F821306B7698F819300021E006B14AB3
:10B600008DF89E30B04B83F820100ED5908DBAF88F
:10B610003430984209D09385DB0502D5084608F0FE
:10B62000EFF9B8F82C0005F0B1FBBAF80220A44BF2
:10B63000DAB1079ACAB11B790BB109F01DF90D9A5D
:10B64000A24BCAF8BC200C9AD3F80441CAF8C42013
:10B65000CAF8CC60CAED168A8AED1F8A11F038F854
:10B660009749A0470023CAF8CC309AF80020944BA1
:10B67000042A03D193ED1C0A05F020FA9AF80B3046
:10B680001BF4807F9AF80E2088F8033088F8062093
:10B690008C488B4B37D0DA7B02F0FD01C271012957
:10B6A00000F07984002098F807600246DFF81482E1
:10B6B00000209DF820E00321814C43464FF0000C10
:10B6C0000139032E17D8DFE816F0590486046D04FB
:10B6D000070006F0EFFB7BE7D2ED027A93ED347AB8
:10B6E000F5EE407A77EE277AF1EE10FAC3ED347A70
:10B6F00018BF40F00100043B043A043C0029DFD1AC
:10B70000002840F0E58398F814209AF81C309A42FB
:10B710000AD06F4B6F4C0FCB84E80F004FF40070D2
:10B7200014F050FE14F082FD9AF800309AF80C10D4
:10B730009AF83620282B88F8041088F82E20614EBD
:10B740005F4C00F0BF8340F2AF83662B00F069834B
:10B7500000F29780412B72D05C2B1FD1983406F1F8
:10B76000BC052046FCF79AFC012394E8070085E815
:10B77000070028460C22584986F8B8301EF082FC93
:10B78000564B003093F8113118BF01209B0786F803
:10B79000B80003D429460B200FF014F99AF838208A
:10B7A000BAF8083088F83020069AA8F80030022A43
:10B7B000434C444D02D1502B40F09A802A9808B156
:10B7C000FCF72EFF9AF8203088F8183023B93E4B4A
:10B7D0001B891C067DF5A0A809F04EF898F81830D2
:10B7E000632B1FD0032B0AD09AF82030012B06D0F0
:10B7F0003C2B04D0344A1289100640F18882129BF7
:10B80000022B0AD09AF820303C2B12D0D9F84030C5
:10B8100008213348984708F0E7FC002388F81830DF
:10B82000FDF77AB8294BD3F82431002BF5D098478F
:10B83000F3E7D9F8E031002BE8D09847E6E79FED31
:10B84000290A294806F01CF99FED260A274806F028
:10B8500017F9D4ED1C7A1D4BFCEEE77AD3F82031B2
:10B86000CDED057ABDF814009847FE2804463DF456
:10B8700053A806F06FFBFF2C14BF27462727FDF7C0
:10B880004BB8702B00F0D6827A2B87D11FAC0B20DF
:10B8900021460FF0C5F82046FCF700FC0C220E49AB
:10B8A00020461EF0EFFB051C06F1BC0318BF012566
:10B8B00094E8070086F8B85083E807006EE700BFF9
:10B8C00098A50020C0BC002098BD00204CC00020DE
:10B8D000A8A50020C8BC0020100D00207CC10020BD
:10B8E000D4BD0020000000001C2B0020242B0020D1
:10B8F000DFF850B3332BDBF800202B9200F0B3813C
:10B9000000F28880032B5BD8022B25D2C3B1012B18
:10B9100007D1AB78022B00F0E78122A9C04804F0E0
:10B9200025FAC04B2B9A5B78CBF80020002B7FF4D4
:10B9300045AFBB4CBC4B94E8070083E807003DE7EC
:10B940009DF89C3022A904F1980043F001038DF882
:10B950009C3004F00BFAE4E7AB78022B0BD19DF896
:10B960008C209DF89C3042F0800243F040038DF81B
:10B970008C208DF89C30059A22A9AC4B12F0040F54
:10B980009AED1E0AD3F8DC209DF83C3018BF5242D5
:10B990008DF874309DF8383001928DF875309DF82F
:10B9A0004030A14A8DF876301D98A14B040CADF8BB
:10B9B000000003F13C008DF8024004F017FAB0E7F4
:10B9C000052B54D0212BACD108F056FF269B954A6D
:10B9D000DB6BD58B94ED1A0A002B3DF419AE22A82F
:10B9E000FCF770FB00287DF414AE9DF88C2022A992
:10B9F0009DF8A13004F1980042F0800243F0020368
:10BA00008DF88C208DF8A13004F0B0F9284605F0AF
:10BA1000BDF986E7542B00F2D780512B80F0AF8020
:10BA2000492B4FD04C2B7FF47CAF08F025FF7D4A8B
:10BA3000269BD57F7B497F4AC5F34005DB6BCC8BCA
:10BA400092ED000A002B3DF4E3AD22A8FCF73AFB8F
:10BA500000287DF4DEAD65F3492422A82B46754A03
:10BA6000714904F05FFE204605F090F959E795ED25
:10BA70001B7A1FABD5ED1C7A22A994ED176A04F14D
:10BA80009800D4ED186A05F16C0295ED0D5A37EE69
:10BA9000066AD5ED0E5A77EEA66A94ED267AD4EDB5
:10BAA000277A37EE057A009377EEA57A1DAB8DEDF8
:10BAB0001D6ACDED1E6A8DED1F7ACDED207A04F062
:10BAC00089FB2EE7002426462546069405949DF81A
:10BAD0003C3022AA58498DF874309DF83830B8F8B7
:10BAE00000008DF875309DF840309AF8C8E08DF868
:10BAF00076301D9BCDF804E0ADF800304FEA134CD2
:10BB000001F16C0344318DF802C00291DAF87C1027
:10BB100098F82EE0259188F85EE0414904F0B4FCE5
:10BB2000B8F80030542B7FF4FCAE434B83F82C5014
:10BB3000D5B198F82D30032264F34103D50788F876
:10BB40002D300CD5DBB20599364A66F3000311613E
:10BB500088F82D301EB95169059807F051FFB8F8E3
:10BB60002C0005F013F9DCE62946269810F074F94C
:10BB70000028DED10699269810F0EAF8D9E7542B70
:10BB8000A0D198F82DE0012326990326CEF3400298
:10BB900098F82C5049680EEA030E144645EA030251
:10BBA0000892CA6806921A46B8F82C3016404BD153
:10BBB0000596089961F307036EF3082362F349239E
:10BBC000184605F0E3F882E78C3B032B3FF6A9AE5D
:10BBD0001A4B98349DF89C6022A993F814312046A2
:10BBE000BDF8142083F01003C3F3001363F30416AD
:10BBF0008DF89C6004F07AFF0A4B2B9A5B78CBF8A7
:10BC00000020002B7FF4DAAD00283FF493AE01282A
:10BC10007FF4D4AD05F16C00094914F025FBCDE5A6
:10BC200030A6002098BD00202CBD002098A5002043
:10BC3000F4A50020A4BA0020C0BC00207CC10020D4
:10BC400024BE002020A900200B936420C04B764620
:10BC5000099259691B69059307F0D2FE4FF0010E56
:10BC6000099A0B9BA5E7D4ED177AF0EE085AD5EDAB
:10BC70001B2A1FABD5ED1C3A37EEA76AD4ED186A24
:10BC800032EEA77A94ED263A22A973EEA67A94EDC5
:10BC9000274A37EE437A009376EEA66A05F16C02E6
:10BCA00077EEC47A04F1980037EE077A1DABC6EE42
:10BCB000254A77EEA77A87EE255A86EEA56A87EEA3
:10BCC000A57A74EEA24A75EE035ACDED1D4ACDED6C
:10BCD0001F5A76EE236ACDED1E6A77EE047ACDED1B
:10BCE000207A04F077FA1CE69A4A9DF89C30127E7E
:10BCF00043F04003022A8DF89C3000F0C1800122FD
:10BD00009DF88C3062F3C7138DF88C3005E61E2B3E
:10BD100003D1079B002B40F09A800023012298F862
:10BD20001410A8F8002088F880308AF8383088F895
:10BD3000063088F8043088F80230874A21B14FF481
:10BD40000070137514F03EFB002398F82D20D8F8EE
:10BD5000281063F3000288F8193088F82C3088F82E
:10BD60002D207D4A39B11362137753774A68117ACF
:10BD700063F304111172774C94F81031990704D5CC
:10BD80000A9B6422DB685B68DA6094F82031DA078A
:10BD90000AD503F0060398F82D209E1F73427341C5
:10BDA00063F3820288F82D2094F81021B8F82C3023
:10BDB00067499507CB8302D564220A614A61129BC9
:10BDC000022B1AD0654998F814000EF029FE0028BD
:10BDD0003DF47FAE94F811319C073FD514F026FA5C
:10BDE00010F0F4F9D9F8743098F819009847102039
:10BDF00014F0E8FA202014F0E5FA594B1A6D2AB134
:10BE0000139998F8180005939047059B554A1D46CD
:10BE100012681046002A3FD094681DF05DFE22464D
:10BE2000F7E74C4B93F811319E0703D44E490B2092
:10BE30000EF0C8FD4C4C00252046FCF72FF94B4B6B
:10BE400088F8B85094E8070083E80700A6E4D9F81A
:10BE5000E031002B3FF461AF98475EE70B201FA94C
:10BE60000EF0DEFD0028B9D01FA80C223F491EF0BD
:10BE700009F90028B2D03D490B200EF0A3FDADE733
:10BE80009AED287AD8ED1D7AB4EE677AF1EE10FAC1
:10BE900014BF0122002233E7059506F00BF8059B3D
:10BEA0000820DB689847B8E41C2B37D017D91E2B25
:10BEB00034D0262B7FF472AC06F16C0109200EF011
:10BEC00081FD6BE406F16C010A200EF07BFD65E458
:10BED0004FF4806014F076FA14F0A8F913E40A2BFA
:10BEE0007FF45CAC94F8C830022B02D0142B7FF4A2
:10BEF00055AC1F4C9AF8B00021460EF063FD98F83F
:10BF000014209AF8B0309A427FF448AC134B94E86E
:10BF1000070083E8070014F089F93FE49DF89C309E
:10BF200043F001038DF89C30069B1BB122A91148F8
:10BF300003F01CFF0E4C22A9204603F017FF0E4B06
:10BF400094E8070083E80700FCF740F926E400BF07
:10BF500098BD00207CC10020C0BC0020C8BC0020CF
:10BF60004CC0002020A90020100D00207CBD002026
:10BF70003CA6002030A600202CBD0020D3ED347A52
:10BF8000C3F8D0C0F5EE407AF1EE10FA18BF40F0D9
:10BF90000100FFF7B0BB9D4AD3F8C000D3699847B2
:10BFA000FFF781BB2EFA01F5ED077FF5A4ABD4EDC9
:10BFB000287A93ED347AB4EE677AF1EE10FA02D073
:10BFC0000120C3ED347A043B043A043C00293FF4D9
:10BFD00097AB0139E6E7D2ED027A93ED347AB4EE0D
:10BFE000677AF1EE10FA3FF486ABC3ED347A043A87
:10BFF000043B043C00293FF46BAF01390120EAE720
:10C00000B8F80030332B18BF052B13D0013B022B9F
:10C0100010D9059B590613D4059B43F020030593C3
:10C02000FFF750B9059B43F0800305930A9B1A78EC
:10C03000FFF748B9059B5B06EED492073FF549A987
:10C040000023FFF747B91289502A5ED0002A5CD03E
:10C050000A980E9DC26803EB850E5268714602F184
:10C060001004446055629EED027ADEED2F7ADEED1B
:10C07000326A77EE277A426877EEA67AC2ED047AC2
:10C080004268DEED1B7A92ED047A77EEC77AF5EE20
:10C09000C07AF1EE10FA35D99FED5D7A92ED006A23
:10C0A00067EE877A92ED037AC6EE276AB4EEE67AF7
:10C0B000F1EE10FA54BFF0EE667AF0EE477ACAED70
:10C0C0001F7AFFF741B92268AB4091ED000AA8B290
:10C0D0001343B8EE400A236005F010FAFEF7C8B922
:10C0E000D3ED287AD2ED1D6A92ED317A76EEE76AC9
:10C0F000D2ED347A36EEC77A77EE677AC3ED2B7AD3
:10C10000FFF763B8D2ED037AD9E70A9A53681BB1F7
:10C110000023536008F0B0FB0A9B9B68CAF87C3090
:10C12000FFF712B9DAED357A9AF8D100B8EEE70ADE
:10C1300002F0BCF9FFF790B9002336492193096951
:10C14000344B1F915B69D8F82810209311B14B68CC
:10C15000DB682193A2F1490E1FA998ED190ADEF1BF
:10C1600000022D4842EB0E0205F066FE00287FF427
:10C170002FAA5327FCF7D0BB2169D8F8D42011612E
:10C18000FFF706BA01201A920A6C4FF4806188F812
:10C1900084002248904708F027F8099BFFF7F2B97E
:10C1A0009AED1D0A9AF8C8209AF8D1109AF8D00092
:10C1B00002F09AF9174B58644FF4006014F002F93A
:10C1C000FFF74AB9DAED357A9AF8D100F8EEE77A56
:10C1D000F5EE407AF1EE10FA14BF0121002102F0D1
:10C1E00071F9FFF739B9D8F8D42029691161FFF73F
:10C1F000FDB80B4A127F042A3FF4F1A8D3F8E030CF
:10C20000002B7FF40DA9FFF7E7B800BF4CC000205A
:10C21000DB0FC94098BD0020C0BC0020D4BD002069
:10C220007CC10020704700BF00207047084B00B55C
:10C2300083B0DB6D98470022C1B2C0F3074361F3BE
:10C24000070263F30F22104603B05DF804FB00BF42
:10C2500034BE0020024A034BD2F8C0001B681847C6
:10C2600034BE00204CC00020074B70B51B6804464C
:10C270000D469847054B1B6F23B129462046BDE864
:10C280007040184770BD00BF90A600204CC0002031
:10C29000044B93F8023213F0040F14BF0220002065
:10C2A000704700BF34BE00202DE9F84FDFF83C9105
:10C2B000D9F80030002B00F08480464B464C93F8B0
:10C2C0008330002B60D1D4F8D8319847434B804657
:10C2D0001A68904252D0424D42492A680E68B242D2
:10C2E0004CD01860002E6ED07368B0689847F6681E
:10C2F000002EF9D1D5F800B0BBF1000F3ED0DBF82D
:10C300000030C8EB0303002B62DC374F0026DFF858
:10C31000D0A0B946236D98472A685A4521D01AB94A
:10C3200005E05B452CD01A46D368002BF9D1E36CAD
:10C3300098473A68DBF80430CBF80C60DBF808006B
:10C34000CBF8046092B19847D5F800B0BBF1000F6C
:10C3500014D0DBF80030C8EB0303002BDADDBDE8B6
:10C36000F88FDBF80C30CAF80030E0E7C9F800B00D
:10C370009847D5F800B0BBF1000FEAD1BDE8F88FBF
:10C38000DBF80C30D360D2E7236D9847D9F8005022
:10C39000DDB10023144FE26C1E46B846C9F80030E8
:10C3A000904703E00D469847002D8CD03A686B68A3
:10C3B000E9686E60EE60A868002AF3D1C8F8005002
:10C3C000F0E7054C7FE7934696E7E36C98477AE7FA
:10C3D000BDE8F88F98BD002034BE002004A70020DF
:10C3E000A8A8002010B8002000A70020C8A60020A0
:10C3F00008B50CF05FFE024B0022C3F8242108BDF3
:10C400004CC0002030B585B00025FBF7C3FD0E4BB6
:10C410000290DB6D98479DF809409DF8081004EAEA
:10C4200010249DF80A309DF80B20014002EA1062AA
:10C43000214303EA104061F3070540EA020363F376
:10C440000F25284605B030BD34BE0020F0B5114F91
:10C450008BB0114D3E786C460FCDF6430FC4F6B24B
:10C4600095E80F0007C4304623703E7005F020FEAB
:10C47000044668461FF05CF9684421461EF0D2FE6F
:10C48000064B00211B88038068460AF0BDF80BB0FC
:10C49000F0BD00BF548D0020342B0020542B002011
:10C4A00022B1064A92F81521920701D40020704764
:10C4B000034A1846D2F81831184700BF7CC1002043
:10C4C00034BE0020074B93F81221D20608D502692A
:10C4D000D3F894118A4203D0C3F894210DF01ABF07
:10C4E000704700BF7CC10020704700BF2DE9F041BC
:10C4F000274D06460F4614462B6D98472EB3254B05
:10C50000D3F80080B8F1000F24D000221A60D5F8CB
:10C51000D8319847204A204400231468C8F80C30CA
:10C5200088E8C10074B32368C31A002B05DC1FE040
:10C530001968411A002903DB1C46E368002BF7D178
:10C540000126C8F80C30C4F80C80EB6C98473046D4
:10C55000BDE8F08111482823024600E0B3B1D2F8CB
:10C560007412013B103A0029F8D100EB0318CEE712
:10C570000126C8F80C40EB6CC2F8008098473046A2
:10C58000BDE8F081C2F800800126DEE71E46DCE748
:10C5900034BE002000A70020A8A8002020B800205A
:10C5A0000D4808B50189C1F3402141B90B4B9A8A66
:10C5B00002B908BD0A48BDE80840FFF797BF094B1C
:10C5C0003C3001211B6C9847044B002106489A8A95
:10C5D000BDE80840FFF78ABF98BD00207CC100205D
:10C5E000FD62000034BE0020B1620000064B002155
:10C5F000064A1B89064813F4007F064B08BF104605
:10C600009A8AFFF773BF00BF98BD0020FD6200004B
:10C61000B16200007CC100202DE9F041134F0E46AD
:10C6200005463B6D984712490B68ABB1002403E007
:10C63000DA681C4613467AB15A68AA42F8D116B194
:10C640009A689642F4D16CB1DA68E2600949002236
:10C6500008685A60DA6018B1FB6CBDE8F041184711
:10C660000B60F9E7DA680A60F0E700BF34BE00202B
:10C67000A8A8002000A7002010B50446E30706D4B0
:10C680000A4B1B6883B12046BDE8104018470021C3
:10C690000748FFF7C1FFC82200210548FFF726FF22
:10C6A000024B1B68002BEED110BD00BFD0A80020AC
:10C6B000655F00002DE9F041184F064688463B6D46
:10C6C00098479EB1164B1C68ACB100221A60154BFE
:10C6D000002166601A68C4F80880E1600AB918E0B1
:10C6E0001A46D368002BFBD10126D460FB6C984717
:10C6F0003046BDE8F0810C4D28232A4600E05BB1AE
:10C70000D2F87442013B103A002CF8D105EB031427
:10C71000DDE71C600126E9E71E46E7E734BE00209E
:10C7200000A7002010B8002020B800202DE9F0411B
:10C73000184F064688463B6D98479EB1164B1C68BD
:10C74000ACB100221A60154B002166601A68C4F86B
:10C750000880E1600AB918E01A46D368002BFBD1C3
:10C760000126D460FB6C98473046BDE8F0810C4D43
:10C7700028232A4600E05BB1D2F87442013B103A0C
:10C78000002CF8D105EB0314DDE71C600126E9E776
:10C790001E46E7E734BE002000A70020C8A6002000
:10C7A00020B800202DE9F8431F4B93F8817017B390
:10C7B000DFF8849080460E46D9F850309847B8F19B
:10C7C000000F1CD0194B1C68DCB100221A60184BFA
:10C7D0000021C4F804801A68A660E1600AB91EE06E
:10C7E0001A46D368002BFBD1D460D9F84C30984757
:10C7F0003846BDE8F883BDE8F843FFF797BF4746E2
:10C80000F3E70C4D28232A4600E053B1D2F87442D6
:10C81000013B103A002CF8D105EB0314D7E71C605C
:10C82000E3E71F46E1E700BF98BD002000A7002016
:10C83000B8A8002020B8002034BE00202DE9F04F19
:10C84000664C83B0DFF8EC819C22002120461DF06D
:10C85000AFFC4FF42072002161481DF0A9FC4FF499
:10C860009472002140461DF0A3FC5E4B5E4F4FF4D6
:10C870000672C8F860305D4B5D49C8F86870C8F84A
:10C880007C305C4F5C4B5D4D5D4EC8F8181100214B
:10C89000C8F880702846C8F884305A4F5A4BC8F8F8
:10C8A0001C610E46C8F8D4704FF48067C8F8583041
:10C8B000C8F854301DF07CFC01200A234FF0804161
:10C8C000524A84F881002B6003465148E96168654B
:10C8D0005049514885F81232504BC5F8A0214FF607
:10C8E000FF72C5F8A87128664D4F4E482967C5F8F4
:10C8F0009C304D494D4BC5F82811A5F80A22EB6430
:10C900002B65C5F8FC0103F0FBF906F031F90EF0D8
:10C91000DDFD0CF0CFFB22F043FE3B7860F300031B
:10C920003B7006F07DF90EF0DBFD95F800323A78A9
:10C93000C3F3411143F06003C4F88C60022985F809
:10C940000032C3F34003C4F89060D4BF002101213A
:10C95000C4F8946061F3C30284F8846063F3041242
:10C96000D3B23A70FF2B0CBF0123334684F88230D8
:10C9700000F0CE812E4E0DF1060196F89C000FF0CE
:10C980000FF98146002800F0D4810DF1070196F8D7
:10C990009D00DFF89C900FF003F918B999F89C30CE
:10C9A00089F89D309DF906000FF042F93B78DFF8D9
:10C9B000709060F382033B7000283DD000200FF0A0
:10C9C0000FF9C36A002B00F0C281036B003318BF5C
:10C9D00001233A7863F382023A7037E098BD002071
:10C9E00020B80020355F0000719C0100751A00001E
:10C9F000B1D80000A51D00001546010034BE00207E
:10CA0000C9890100D5610000B95F00000161000023
:10CA1000395F000079990100CD9000006D6F010031
:10CA2000548D0020DD880100A15F000071C300006B
:10CA30007CC100204CC000200FF0E0F80FF0F8F8A7
:10CA400099F8003060F3820389F8003095F80132DC
:10CA500003F0040303F0FF022BB996F8903162F360
:10CA6000410386F890313B78FF2B06D0102300213C
:10CA7000BA4884F88030FFF795FED5F88C30012154
:10CA800096F8FC0098470FF0A1FB6B6F4FF0000089
:10CA90009847D5F8F8310BB1B148984794F88030F1
:10CAA0006A6E103B18BF012384F88330002A00F01F
:10CAB000BD8096F88331DB0700F1B880B28A002A86
:10CAC00040F0C08095F8013213F00C0F40F0C480A4
:10CAD00095F8B630A34A03F00C03042B00F0D38082
:10CAE000D8F8B430A04A002B00F0DA804FF0000AEA
:10CAF000DFF878920CF0DEFAE378D4F810B06769CA
:10CB000043B196F8823123F07F0303F0FF01002B3D
:10CB100000F0F6804822002194481DF049FB6FF098
:10CB2000010294F881306264002B40F0C88096F8CE
:10CB30001231002013F0400F14BF5A46642213F044
:10CB4000200F226114BF3B46642363610FF03CF861
:10CB5000002840F0BE80B38A2189003396F8202156
:10CB600018BF0123D00763F34921218107D599F824
:10CB70001F30C2F3400262F3820389F81F3006F0CF
:10CB8000B5F9D5F8D430984796F81201C0F34000B3
:10CB9000FBF742FC96F81A01AB6D4FF0000100F074
:10CBA0000100984706F0F4FA10F0B2FC03F072F8B6
:10CBB00013F03EF806F0BCFE69496D4813F054FBD3
:10CBC000D5F8903013B100210846984795F8023205
:10CBD000590740F19280D8F80030D5F8C400984742
:10CBE00096F811311A067ED595F80232DB0707D583
:10CBF00094F88430002B0CBF8020872007F050FE73
:10CC000007F070FB074600286AD1D5F8D431002B15
:10CC10007BD0984784F88170074600287FF46AAF7C
:10CC200005F0E6FF384603B0BDE8F08F514A95F8AD
:10CC30000D12514B002908BF1346B28A6B66002AB9
:10CC40003FF440AF00214D48FFF750FC95F801320A
:10CC500013F00C0F3FF43CAFC3F3C0024FF00001E0
:10CC6000C3F3800340F28A2062F3410163F30001C1
:10CC7000C9B20EF005FA95F8B6303A4A03F00C0343
:10CC8000042B7FF42DAF3E4BD2F804013D49C2F88E
:10CC90000431D8F8B4300860334A002B7FF426AF53
:10CCA00095F803322F499F077FF520AFD1F818314F
:10CCB000002B3FF41BAF344BC2F8B43016E76423AB
:10CCC0000020C9F8103063610EF07EFF00283FF4A9
:10CCD00042AF00200EF084FF64224368DA603AE736
:10CCE00084F881A006E70FF0F3FCB0F5807F7FF4B5
:10CCF0007BAF01200FF0F2FC76E714F099F96AE7B8
:10CD000080221A481DF054FA09E784F88130F1E6D0
:10CD10001E4BD5F80C111E4AC5F80C311D48AB6BE3
:10CD2000116098473B7884F8826060F341033B7060
:10CD300020E60EF0FFFE49460EF0D4FE48B190F911
:10CD4000002043788DF8062086F89C301DE60123EC
:10CD50003FE68DF806000B23F6E700BF5D6100009B
:10CD600024BE002034BE00204CC0002098BD00200E
:10CD70002CBD00203D5F000015610000B162000085
:10CD800089630000D0A80020B1610000795F000035
:10CD900090A600207CC100202DE9F041104E3368A0
:10CDA000B3B1104C0025A04603E0904737603B46E6
:10CDB00077B121685A68DF685D60DD609868002996
:10CDC000F3D1C8F80030904737603B46002FF0D1D0
:10CDD000054B93F8833003B9FEE7BDE8F08100BF4F
:10CDE000B8A8002000A7002098BD00200079536853
:10CDF000984296BF012000201170704743798B4202
:10CE000004D307EE901AB8EE670A7047BFEE000A27
:10CE1000704700BF2DE9F84F41EA4007DFF8AC80CA
:10CE2000DC230D462849064603FB07834FEA4509E4
:10CE30000C681A4409EB050A92F8C0B002E0646A73
:10CE4000002C3DD02378B342F9D1236A534459785A
:10CE50008B45F4D39B78C1EB0B0128465B45C9B2E7
:10CE6000EDD3636998470028E9D0DC23226A417931
:10CE700003FB0783026093F8BE208A421ED893F812
:10CE8000BF308B4234BF00210121427E4D440379E3
:10CE9000DC2661F38612012106FB0787467F427676
:10CEA000246AD7F8B02025446C78234401FA03F3B0
:10CEB000134063F386164677BDE8F88F0021E4E758
:10CEC0002046BDE8F88F00BF0CAC0020F093002096
:10CED000F0B4DC2741EA4004104D114E07FB045525
:10CEE00001EB410734682A4492F8C05001E0646ABB
:10CEF00094B122788242FAD1226A3A445678B542F5
:10CF0000F5D39278AA42F2D3AD1B24691A4608469B
:10CF10002346E9B2F0BC1847F0BC7047F0930020FC
:10CF20000CAC00202DE9F04F544FDC2441EA400ABC
:10CF300092F800E083B004FB0A74D4F8B04024FAFD
:10CF40000EF414F0010440F0928090464A008B46A3
:10CF5000019311464A4B00920646224601EB0B050F
:10CF60001C6804E0646A002C7BD098F800E0237809
:10CF7000B342F7D1236A2B4459787145F2D89B7894
:10CF8000C1EB0E0158467345C9B2EBD363699847AC
:10CF90000122002869D0437E5B06E3D5DC23012211
:10CFA000814698F8000003FB0AF3344D02FA00F0C2
:10CFB000F918D1F8B02091F8C0E00243C1F8B020D0
:10CFC00098F80000864557D003F1C00200232A4498
:10CFD00012F8011F01338142FAD1DC221D4602FB07
:10CFE0000AFA5344BA44C0331F4414E017F8013F0F
:10CFF000FF2B07F8013C0DD0DAF8083000212BB1E7
:10D00000092D88BFA5F10A0101440B445946304659
:10D01000FFF75EFF01359AF8B4300AF1B40105EB71
:10D020004500AB42EAB2E1D8009B0E4698F80050AA
:10D0300058465B44019A1946236A19442369497882
:10D04000691AC9B29847236A0122C9F800303378B7
:10D0500098F800009A44591E8AF8C000317088F888
:10D060000030104603B0BDE8F08F02467AE7002298
:10D07000104603B0BDE8F08F0023AEE7F093002028
:10D080000CAC00200E4B0F4A184410B4136890F8F3
:10D090009C019A686AB1197859B9196A0C79A04249
:10D0A00007D34979814204D3001B5DF8044BC0B219
:10D0B00010475B6A002BECD118465DF8044B7047B3
:10D0C000F09300200CAC00200E4B0F4A184430B4F3
:10D0D000136890F8540301E05B6A83B15A68002A30
:10D0E000FAD01C78012CF7D11C6A2579A842F3D319
:10D0F00064798442F0D3401B30BCC0B2104730BCCE
:10D10000704700BFF09300200CAC002070B4124DAB
:10D11000DC264400114B06FB04541B68214491F8A3
:10D12000C05001E05B6A93B1DC68002CFAD019783A
:10D130008142F7D1196A4E78B542F3D38978A94272
:10D14000F0D3A81B23461146C0B270BC18474FF05D
:10D15000FF3070BC704700BFF09300200CAC002083
:10D16000114BF0B5114C1D18246895F8787201E048
:10D17000646ABCB1E569002DFAD02678012EF7D19A
:10D18000266A96F801E07745F2D3B678BE42EFD32F
:10D19000CEEB07071346AC460A460146F8B2BDE897
:10D1A000F04060472046F0BDF09300200CAC00201A
:10D1B00010B4044C084611461A4623685DF8044B27
:10D1C000184700BF9CB30020A0F5B9702DE9F04FBF
:10D1D00085B0032860D8DFE810F02E01C5000400F8
:10D1E0006300A54DDFF89882D5F86C73D8F86861B4
:10D1F0000F407E4050D000230DF10C0BDFF884A2CD
:10D200009946ADF80C308BF802305FFA89F4F107DB
:10D21000224635D5B5F95013DAF8583101F25330BA
:10D22000284400E029B110F801E901397445F9D129
:10D23000CAB2012108469847864608B3036AFBB183
:10D24000427F12F0300201921AD1417995F852C30F
:10D250008C4515D8884A92F853C38C4510D30122C7
:10D26000594602FA04F4019A3C4214BF01240024F6
:10D270008DF80C40047FC4F380048DF80D4098476E
:10D28000760809F10109C0D17C4BC8F868711B68A8
:10D2900013B14FF4BA709847002005B0BDE8F08F85
:10D2A000754DDFF8DC81D5F84073D8F86C610F401C
:10D2B0007E40F1D000230DF10C0BDFF8C8A1994698
:10D2C000ADF80C308BF802305FFA89F4F307224690
:10D2D0003AD5B5F95013DAF8583101F253302844F1
:10D2E00000E029B110F801E901397445F9D1CAB259
:10D2F00001210846984738B3036A2BB3427F12F0E6
:10D30000300E21D102F0040202F0FF01002A00F0E9
:10D31000F980417995F852238A4200F2F780564A03
:10D3200092F853238A4234BF0022012201218DF852
:10D330000C20002201FA04F459463C4214BF012497
:10D3400014468DF80D409847760809F10109BBD1C4
:10D350004A4BC8F86C711B68002B9DD040F27510C9
:10D36000984799E7444DDFF81881D5F86472D8F8EA
:10D3700064610F407E4050D000230DF10C0BDFF8AC
:10D3800004A19946ADF80C308BF802305FFA89F4AD
:10D39000F00722463DD5B5F97412DAF8583101F29A
:10D3A0007720284400E029B110F801E901397445DB
:10D3B000F9D1CAB2002101209847024648B3036A56
:10D3C0003BB3012101FA04F43C4218BF02218DF85D
:10D3D0000E10417F01F0040101F0FF00002900F070
:10D3E0008F80507995F87612814200F28D80224923
:10D3F00091F87712814234BF002101218DF80C1081
:10D400001046547F59460022C4F380048DF80D4025
:10D410009847760809F10109B8D1184BC8F864712A
:10D420001B68002B3FF438AF40F273109847002080
:10D4300005B0BDE8F08F104DDFF84480D5F890724C
:10D44000D8F860610F407E404CD000230DF10C0BEA
:10D45000DFF830A09946ADF80C308BF802305FFA57
:10D4600089F4F307224639D5B5F97412DAF8583140
:10D4700001F27720284408E0F0930020E4A800207F
:10D480007CC1002034BE002029B110F801E9013927
:10D490007445F9D1CAB2002101209847F0B1036A5E
:10D4A000E3B190F805C095F876E2E64516D818493C
:10D4B00091F877E2E64511D34FF0010E017F00228B
:10D4C0000EFA04F4C1F3C1013C428DF80E10594626
:10D4D00014BF744614468DF80C409847760809F13D
:10D4E0000109BCD10B4BC8F860711B68002B3FF4DD
:10D4F000D3AE4FF4B9709847002005B0BDE8F08F67
:10D5000001467BE70A4611E7002177E772460DE7FF
:10D51000F0930020E4A80020006958B138B50D460A
:10D52000916814461DF038FF10B90120257038BDF0
:10D53000002038BD704700BF2DE9F0412DED028B72
:10D5400082B004460E461746B0EE408A04F054FFFF
:10D5500028B9022002B0BDEC028BBDE8F081B5EE27
:10D56000C08AF1EE10FA2CDB2268DC241D4BFCEEA5
:10D57000C87A11781C4A04FB01F44808D2F8588193
:10D5800001F001011A19CDED017A9DF80450B2F9AC
:10D59000BC201444C034234400E082B113F8014D90
:10D5A000013AAC42F9D1D2B2C04710B1437E5B061A
:10D5B0000FD43A2002B0BDEC028BBDE8F0812A46C0
:10D5C000F2E7FF230020337002B0BDEC028BBDE810
:10D5D000F08127B183691F4201D15620BAE7357027
:10D5E0000020B7E7F093002034BE0020F0B58BB0E8
:10D5F0002422002101A81CF0DBFD01A924221348EC
:10D600001CF040FD124BB8B9124A0120124F134EC4
:10D61000134D144C1449C3F85821144AC3F85471DB
:10D62000C3F85C61C3F84C51C3F84841C3F85011CA
:10D63000C3F864210BB0F0BDD3F858310548181A6F
:10D64000B0FA80F040090BB0F0BD00BF78BF0020F9
:10D6500034BE0020256B0000E16B0000356C00003B
:10D66000956D0000D96D00001D6E0000716E000008
:10D6700008B5012128201CF097F840B1054B1A6825
:10D680000AB905E01A46536A002BFBD1506208BD67
:10D69000186008BD0CAC002070B442EA4102044698
:10D6A0004BB3184DDC2101FB025191F8BA006070B8
:10D6B000C618B1F9BC108E4201DD0B1ADBB201387D
:10D6C000DC21184401FB0251A0704868C0B1DC2184
:10D6D0004FF6FF709EB201FB0251A1F8B600DC21AB
:10D6E000184601FB0252B2F8BA103144A2F8BA103F
:10D6F000237070BC7047FF211E46024D4170EEE75B
:10D700004C60E4E7F09300202DE9F04F4FEA410B25
:10D7100089B01E4601294BF001038A460746A24CF8
:10D72000019313464FF0000200F0D580FFF7B4FFDD
:10D7300094F846513346012205445146F81C84F8BA
:10D740004651FFF7A9FF94F84731184484F8470180
:10D75000DC21019ADFF8549201FB0BF301FB02F18B
:10D7600009EB030209EB0100B2F9BA80B0F9BA0083
:10D770008045B8BF8046B8F1000F00F0A5809068E2
:10D78000002800F0BB8092F8C020FF2A00F0C9807A
:10D79000C03300264B4413F8012F0136FF2AFAD17B
:10D7A0000199DC22814B02FB01F209EB020191F8A5
:10D7B000C010FF2900F0B380C0320025134413F8D5
:10D7C000012F0135FF2AFAD1794BBAF1010F019AE5
:10D7D0004FF000040CBF18685868DC23CDF810B077
:10D7E00003FB02F203FB0BF3DDF848B0964603920D
:10D7F00009EB0301059373464A4402910833906094
:10D8000088604B4406933B782BB37B78A34222D8A5
:10D81000BB78A3421FD3029BE2B2334483F8C020FB
:10D82000BBF1000F12D07978F0B2029B521A9B68BC
:10D83000D2B243B1092800EB400E8CBFA0F10A011F
:10D84000002171440B4400215046D847172C06F1A3
:10D85000010640F28980FB781BB33B79A34220D8B4
:10D860007B79A3421DD3039BE2B24B44591981F843
:10D87000C020BBF1000F11D03979E8B29B68521A71
:10D88000D2B243B1092800EB400E8CBFA0F10A01CF
:10D89000002171440B4401215046D847172C42D92E
:10D8A00001350134A045AED2DC23019ADDF810B079
:10D8B00003FB0B9B03FB0299DBF8D820D9F8D83087
:10D8C000CBF8AC20C9F8AC3018F1000018BF01202B
:10D8D00009B0BDE8F08FFFF7DFFE94F844513346FE
:10D8E000524605445146F81C84F84451FFF7D4FED3
:10D8F00094F84531184484F8450129E701F1D8022C
:10D90000D833C031FF204B444A44494402F8010D4A
:10D910008A4203F8010DF9D100252E4654E700256F
:10D9200052E700263CE7039B4FF0010C214809EB2E
:10D93000030E069B0CFA04FC1F491A1DDEF8D830B2
:10D94000002C08BF014643EA0C0310460792CEF8AC
:10D95000D8301DF08DFC204604F0AAFB079A014642
:10D9600010461DF085FC9BE7059B0120029A4B4465
:10D97000A040D2F8D8200C33DFF838E002430E493B
:10D9800007931846029B002C08BF7146C3F8D820A5
:10D990001DF06EFC204604F08BFB079B01461846E9
:10D9A0001DF066FC57E700BF34BE0020F093002056
:10D9B000443B0060582B0020602B00200388A3F517
:10D9C000B973032B17D8DFE803F00C0C02020B4BE2
:10D9D000D3F8980280B1D3F86C03003018BF01204F
:10D9E0007047064BD3F8BC0130B1D3F89002003039
:10D9F00018BF012070470020704700BFF09300203F
:10DA0000A0F5B970032823D8DFE800F01A120A0243
:10DA1000104A114BD2F86C01D3F8403318407047CC
:10DA20000C4A0D4BD2F86801D3F8403318407047C8
:10DA3000084A094BD2F86401D3F8643218407047A1
:10DA4000044A054BD2F86001D3F86432184070479D
:10DA5000002070477CC10020F09300201A2826D0B7
:10DA60001C2814D00E2801D0002070470023144A2F
:10DA700001204B7092F81431C3F300030B7092F83D
:10DA8000143183F00203C3F340038B7070470C4AD8
:10DA9000002301204B7092F81431C3F380130B70F4
:10DAA00092F81431DB43C3F3C0138B70704700232B
:10DAB000034A01204B7092F81531C3F38003DDE770
:10DAC0007CC100208A4B2DE9F04F1B6883B00646CD
:10DAD00003B19847874B93F8823013B903B0BDE880
:10DAE000F08F854D4FF00008D6F86021D5F89032C0
:10DAF000D6F864111A40D6F868018DF80280C6F88D
:10DB00006021D5F89032ADF800800B40D6F86C114A
:10DB1000ADF80480C6F86431D5F86C238DF8068022
:10DB20000240C6F86821D5F86C330B40C6F86C315A
:10DB3000D5F8BC31002B46D095F87242002C42D06B
:10DB40006E4F4FF00109AA46B5F97422013CD7F88F
:10DB5000583102F27721E4B2294402E0002A00F0B1
:10DB6000A98011F80109013A8442F7D1D2B200210B
:10DB700001209847834620B3036A13B3427F95F888
:10DB800076124079C2F3C01281428DF8012000F272
:10DB900084809AF8772282427FD3D6F8601109FAFE
:10DBA00004F09BF81C200842C2F3C10214BF0121FB
:10DBB00000218DF802208DF8001058460022694699
:10DBC0009847002CC0D1D5F898224B4B002A4ED054
:10DBD00093F84E43002C4AD09946484F4FF0010825
:10DBE000B5F95023013CD7F8583102F25331E4B271
:10DBF000294401E0002A5FD011F80109013A84426A
:10DC0000F8D1D2B201210846984770B3D0F820A0CD
:10DC1000BAF1000F34D008FA04FED5F86C3313EAD9
:10DC20000E0F714630D0427F12F0300C2CD1D6F856
:10DC300068311EEA03020AD0427999F852339342BE
:10DC40003CD899F85333934234BF00220122D6F8CE
:10DC50006C3101A98DF8042000221EEA030F14BFC5
:10DC6000012313468DF80530D047002CB8D1244B42
:10DC70001B68002B3FF432AF984703B0BDE8F08F2C
:10DC800008FA04F1D5F86C3323EA01014FF4BA70B5
:10DC90000DF0F6F9002CA3D1E9E769468DF8008074
:10DCA000FFF7DCFE18B99BF805000D2808D9DBF852
:10DCB000203082E722465AE72246A3E76246C6E7BB
:10DCC000FAF7DEF980B20028F1D0B6F89030B6F855
:10DCD00092201842DBF8203014BF012100211042AD
:10DCE0008DF800100CBF012200228DF8022064E79D
:10DCF000E8A8002098BD0020F093002034BE00204A
:10DD0000ECA80020064B0121064A074870B4074ED4
:10DD10001D6F074C1E672560117070BC0CF0EABDCA
:10DD20004CC0002062BC0020E0980020D5770000A5
:10DD3000E8A800202DE9F84FDFF87CA0DC2541EAB7
:10DD4000400905FB09A5B5F9B6305A1C02D0D8B276
:10DD5000BDE8F88F174BD3F858314BB34FF0000B99
:10DD60000F460646D8465FFA8BF4394630462246BF
:10DD7000984708F1010180B1437995F8BE209A4295
:10DD800003D895F8BF209A4201D25FFA81F8094B77
:10DD90000BF1010BD3F85831E5E7C8EB0403D8B217
:10DDA00003B2DC2202FB09A9A9F8B630BDE8F88F5E
:10DDB0001846F6E734BE0020F09300202DE9F04726
:10DDC000DFF86490DC2541EA400805FB0895B5F9C9
:10DDD000B8305A1C02D0D8B2BDE8F087DFF84CA0AA
:10DDE0000024DAF85831A5F8B840D3B10F460646FA
:10DDF0000AE0437F5B0604D4B5F8B8300133A5F8D8
:10DE0000B8300134DAF85831E2B239463046984732
:10DE10000028EED1DC2303FB089898F8B800BDE891
:10DE2000F0871846BDE8F087F093002034BE00204C
:10DE30002DE9F04F5E4F85B0D7F85C41002C50D0F3
:10DE4000012800F09680002977D097F84741029486
:10DE50004FF0DC09DFF85CB10D4606468DE80C009A
:10DE600041EA400309FB03F903930BEB0908D8F8D7
:10DE70000430002B75D098F8BAA0D7F85841BAF101
:10DE8000000F6ED0002C6CD013781A4623465446EF
:10DE9000CA469146013C29463046E4B2224698479C
:10DEA00088B190F81DE01EF0400F0CD1437998F82E
:10DEB000BE108B4245D398F8BF209A4241D35B1ADB
:10DEC000D9B2894511D0002C4BD0D7F85831E1E7B1
:10DED00098F84731029A934203D1029B013B88F89C
:10DEE0004731204605B0BDE8F08F1EF0400F0446D4
:10DEF00037D1D7F85C7129463046DFF8B4809DE809
:10DF00000C00B847637F60F38613637748B3DC2265
:10DF100003994FF6FF73012E02FB01BBABF8B8303B
:10DF200030D0002DD4D198F84631029A9342D8D1FE
:10DF3000029B013B88F84631D3E797F846410294AB
:10DF400086E7B8F9BC30017903EB0A02C0325A44C3
:10DF500001E0002BB5D012F801CD013B8C45F8D182
:10DF6000AEE70024FF23009A2046137005B0BDE8F9
:10DF7000F08F19B997F84441029469E797F8454141
:10DF8000029465E74DB998F84431029A9342A8D1BA
:10DF9000029B013B88F84431A3E798F84531029A87
:10DFA00093429ED1029B013B88F8453199E700BF1F
:10DFB00034BE0020F09300202DE9F04792469946A8
:10DFC0000A7888464379934205D2FF23002088F8D7
:10DFD0000030BDE8F0870368DC261B4D0746197842
:10DFE0001A4B06FB01F64808D3F8583101F001013D
:10DFF000AC19B4F9BC402644C036354400E02CB11D
:10E0000015F8016D013C9642F9D1E2B298470446F9
:10E010000028DAD0437F5B0613D4B9F1000F03D098
:10E02000A36939EA03030CD139685346424608789C
:10E0300000F001014008FFF7FBFE10B12046BDE8EB
:10E04000F0870020BDE8F087F093002034BE002068
:10E050002DE9F041054641486B7F95F81C8083F01F
:10E0600008030468C8F34008C3F3C00348EA430840
:10E07000002C47D00F46164602E0646A002C41D0BF
:10E08000226A2B689A42F8D1EB6A39462846002B5F
:10E09000F3D098470028F0D02A7FDC23206A4FF085
:10E0A000010EC2F3400203FB08F429794FF6FF7C0E
:10E0B00000EB42032A4D1A4428192B5D5278022B9B
:10E0C000A0F8B8C01144D0F8D820A0F8B6C00EFA15
:10E0D00001F122EA0101C0F8D81016D0032B0ED1AD
:10E0E000902F33D0912F06D11E4A92F8123243F06E
:10E0F000010382F812324FF4BA700CF0C1FF012014
:10E10000BDE8F0810020BDE8F08136B1154A3388C2
:10E11000B2F808120B43A2F808321C2F0FD8124B8A
:10E12000FB40DB070BD5DC234FF4B97003FB08532E
:10E13000D3F8D8100CF0A4FF0120BDE8F0813846D8
:10E14000F9F79EFF80B20028EDD1D8E7054A92F892
:10E15000123243F0020382F81232CCE70CAC0020FA
:10E16000F093002034BE002000400014144A4FF009
:10E17000000030B4D2F85831EBB1D2F85C51D2F88B
:10E180004C110035D2F84841D2F8503118BF012562
:10E190000A1C18BF0122211C18BF0121003318BF1F
:10E1A000012365F3000061F3410062F3820030BC9B
:10E1B00063F3C30070471A4619461D46F1E700BFD6
:10E1C00034BE00202DE9F04F41EA4004DC26DFF8A0
:10E1D000308183B006FB04F608EB0604676817B1CC
:10E1E000B4F9BA701FB9002003B0BDE8F08F0193F5
:10E1F00015468A468146FFF7B9FFC307F3D57DBBB5
:10E20000B4F9BA30002BEED0DFF8F8B0019FB4F9C2
:10E21000BC10EAB2DBF858318819C030404400E045
:10E2200029B110F801ED01399645F9D1CAB251462C
:10E230004846984770B1437994F8BE108B4241D359
:10E2400094F8BF209A423DD35B1AD9B20C9AB847D2
:10E25000002835D10135B4F9BA30AB42D7D8C2E77E
:10E26000B4F9BA70DFF89CB0B4F9BC10013FDBF828
:10E2700058318819FAB2C030404400E029B110F892
:10E2800001ED01399645F9D1CAB251464846984741
:10E2900018B1836935EA030302D0002FE4D1A2E765
:10E2A000437994F8BE108B421BD394F8BF209A4256
:10E2B00017D35B1AD9B20C9A019B98470028ECD06F
:10E2C000012091E7B4F9BC3001799A19C032424477
:10E2D00001E0002BBAD012F801ED013B8E45F8D1D8
:10E2E000B3E7B4F9BC3001799A19C032424401E075
:10E2F000002BE0D012F801ED013B8E45F8D1D9E7B3
:10E30000F093002034BE00202DE9F041002486B0B7
:10E310004FF0FF0E4FF48077039405460E4690466B
:10E3200005948DF80CE004970BB11A7862B903AB31
:10E330004246314628460093124BFFF743FF9DF8B3
:10E340000C0006B0BDE8F081184604AA02A90593A6
:10E35000029403F077FF049BFF2B10D9059B002B41
:10E36000E5D003AB314628464FF480420093064B7C
:10E37000FFF728FF9DF80C0006B0BDE8F08105947A
:10E38000D5E700BFFD6A0000297200002DE9F041C9
:10E3900005460C4643F480470AB11378B3B91CBB59
:10E3A000687958B32B681E784FEA560806F00106C4
:10E3B000A04228BF2046013803F07AFE3A460346C1
:10E3C00031464046BDE8F041FFF79EBF0168134665
:10E3D0004FF48042087800F001014008FFF794FFF5
:10E3E000FF28DCD0BDE8F0812B68FF2C68791E780F
:10E3F0004FEA560806F00106DED0D9E7FF20BDE857
:10E40000F08100BF2DE9F84F42EA4107DFF898A0FC
:10E410000546C7EBC706B6000AEB060494F804B03D
:10E42000BBF1000F0BD11A4BD3F85C313BB18846DE
:10E43000114691464046FFF77DFC207158B90FCC3C
:10E4400028606960AA60EB6007CC28612846696192
:10E45000AA61BDE8F88F0F4ADC205B46494600FB05
:10E46000072740464FF480424AF80670FFF74CFFFA
:10E47000094E0A490A4A0B4B21616071E6606261EC
:10E48000A36103F015FE0146A01D1DF0EFF8D6E7CD
:10E4900034BE0020F09300200D6B00004972000094
:10E4A0009D800000C97C000094A3002008B5044BA7
:10E4B000D3F84C310BB1984708BD184608BD00BFD2
:10E4C00034BE002010B5074CD4F848312BB10031D0
:10E4D00018BF01219847D4F84831181C18BF0120F3
:10E4E00010BD00BF34BE0020034BD3F8503103B140
:10E4F00018474FF0FF30704734BE002008B5044B7A
:10E50000D3F864310BB1984708BD184608BD00BF69
:10E5100034BE00202DE9F047DC2541EA4006254FB6
:10E5200005FB06F507EB050C0CEB030EDCF8B04021
:10E530009EF8C0E024FA0EF404F0010484F001080F
:10E540009CBBBCF9BC402544C0353D4400E07CB3D5
:10E5500015F801CD013C9445F9D1E4B2A34215462A
:10E56000994617D0DC23144A03FB0673D2F854A152
:10E570001A199B6882F8C0E053B1092C4FF00302CE
:10E580008CBFA4F10A0E4FF0000E12FB04E21344FC
:10E590002246D047DC234FF6FF7203FB067606EBDC
:10E5A0000903A6F8B82083F8C0504046BDE8F087BC
:10E5B0001446D3E7F093002034BE002030B5036842
:10E5C00083B01A78DB78DA4203D10025284603B0FD
:10E5D00030BD164B0446C2681A60FFF707F80028E2
:10E5E000F3D022680021124DD3781046127800959E
:10E5F000FFF78AF805460028E7D0FFF739F800282A
:10E60000E4D00023037023680362E3680361236995
:10E6100043612368DA7812B16368836023681B78EA
:10E62000002BD3D0A368C360D0E700BF9CB3002009
:10E63000C16E000003681A78DB78DA4201D100204D
:10E64000704730B51A4B83B0026904461A60FEF772
:10E65000CDFF10B9002003B030BD22680121154D57
:10E66000D378104612780095FFF74EF8054600283B
:10E67000F0D0FEF7FDFF98B1012303702368036219
:10E6800023690361636943612368DA7812B16368BF
:10E69000436023681B781BB1E368C360A368C36150
:10E6A000054B18780028D6D1FFF72CFB2846D2E777
:10E6B0009CB30020C16E000062BC002010B40A6050
:10E6C00090ED027AD0ED017AB4EEE77AF1EE10FA2D
:10E6D0004EDD07EE102AC1ED057AD0ED006AB8EEE6
:10E6E000477A9FED396AC7EE267AFCEEE77AF8EEB4
:10E6F000676AC1ED017A90ED047A17EE902A26EE52
:10E70000877AC7EE067AFCEEE77AC1ED037A17EE58
:10E71000904A90ED057A26EE877AC7EE067AFCEEEF
:10E72000E77A17EE903AC1ED047AD0ED015A1B1B3F
:10E7300090ED027A07EE903A37EE657AF8EE677A56
:10E74000C7EE875AC1ED065AD0ED037AF5EE407A4E
:10E75000F1EE10FA14BF012300234B7712D10B7F87
:10E76000002B08BF00228A6090ED027AD0ED017A7A
:10E77000B4EEE77A5DF8044BF1EE10FACCBF01205D
:10E7800000207047437EC3B9D0ED037AF5EEC07A1E
:10E79000F1EE10FA11DD66EEA76A0C7FC6EE867AFE
:10E7A000FCEEE77A17EE903A0CB1013AD31A8B607F
:10E7B00090ED027AD0ED017ADAE78C6090ED027A82
:10E7C000D0ED017AD4E700BF0000C842D0ED057A51
:10E7D0000246F4EEC07AF1EE10FA16D530EE670A72
:10E7E000D0ED067AC168006920EE270ABBFE400A18
:10E7F000BCEEC00A10EE103A0B44834212D3137FD2
:10E8000013B15368013B181A7047B5EE400AF1EE98
:10E8100010FA0FD0037FC068002BF5D05368013B7E
:10E82000181AF1E7994238BF1946137F0846002BA2
:10E83000E7D1E9E780687047F8B53B4B1B68002BD0
:10E840003CD0046802E05B6A002B37D01A6AA2420F
:10E85000F9D1027FDC27457F0126C2F3400203790C
:10E8600085F0080504EB4204C5F3C005144442EAF0
:10E8700045022E4D647807FB02572344D7F8D84051
:10E8800006FA03F3234207D00C78294E94B3D6F846
:10E8900060411C43C6F86041DC2404FB0252D2F8FC
:10E8A000AC2013420AD08A78214C012AD4F8642182
:10E8B00014BF134322EA0303C4F8643140790E28DD
:10E8C0001FD00D2803D9BDE8F8400BF023BD0C463E
:10E8D000F9F7D6FB83B2002BF5D02278EAB9144AB7
:10E8E000B2F8903023EA0000A2F89000BDE8F840AA
:10E8F0000BF010BDD6F8604124EA0304C6F860416D
:10E90000CAE70B4B097893F8142161F3000283F8EE
:10E910001421BDE8F8400BF0FDBC0549B1F890208A
:10E920001343A1F89030CEE70CAC0020F093002008
:10E930007CC10020294B1B68002B4DD0F0B404682B
:10E9400002E05B6A002B34D01A6AA242F9D1027F3E
:10E95000DC27457F0126C2F34002037985F00800D9
:10E960001F4D04EB4204C0F3C000144442EA4002CD
:10E97000607807FB02570344D7F8D80006FA03F380
:10E98000034207D00878174CF8B1D4F8680118434F
:10E99000C4F86801DC2000FB0252D2F8AC2013421C
:10E9A00007D04A780F493AB1D1F86C211343C1F826
:10E9B0006C31F0BC0BF0AEBCD1F86C2122EA030341
:10E9C000C1F86C31F0BC0BF0A5BCD4F8680120EAAA
:10E9D0000300C4F86801DDE70BF09CBC0CAC002020
:10E9E000F09300207CC10020774B2DE9F0471B6895
:10E9F00082B01BB1984702B0BDE8F087734DD5F8DF
:10EA0000BC31002BF7D0B5F97242002CF3D0821F35
:10EA10000D2AF0D801A353F822F000BF1788000098
:10EA200007870000078700000787000007870000AE
:10EA30000787000007870000078700006587000040
:10EA40000787000007870000658700000787000030
:10EA500017880000002301AFE4B25D4E4FF00109BA
:10EA6000DFF87081BB70ADF80430B5F97422013C59
:10EA7000D6F8583102F27721E4B2294401E0002AA5
:10EA80007CD011F80109013A8442F8D1D2B20021B8
:10EA900001209847824620B1036A13B140790D28BE
:10EAA00002D9002CE1D1A6E79AF81D30C3F3C013B8
:10EAB0008DF80530F9F7E4FA80B2002870D0B8F884
:10EAC000902009FA04F1B8F892301042DFF804E11E
:10EAD00014BF012200221842D8F860318DF80420BA
:10EAE0000CBF012000208DF80600002A53D00B43F4
:10EAF000CEF86031DAF82030504600223946984787
:10EB0000002CB2D177E7002301AFE4B2304E4FF0D2
:10EB10000109DFF8C080BB70ADF80430B5F974228C
:10EB2000013CD6F8583102F27721E4B2294400E0E2
:10EB300032B311F80109013A8442F9D1D2B200216D
:10EB4000012098478246B0B1036AA3B139464079A3
:10EB5000FEF784FF78B19DF804309BB1D8F86021AE
:10EB600009FA04F31343C8F86031DAF8203050464C
:10EB7000002239469847002CD0D13CE7224686E750
:10EB80002246DCE7D8F8603109FA04F223EA0203EE
:10EB9000C8F86031E9E723EA0103CEF86031A9E75C
:10EBA000D8F8603109FA04F1DFF828E0194214BFFF
:10EBB000012200228DF804209AF81C00C0F3C10045
:10EBC0008DF8060091E700BFE4A80020F093002034
:10EBD00034BE00207CC10020002A38D0C9B2F0B475
:10EBE0001C4C94F8487039422DD0032511E093ED68
:10EBF000057AF4EEC77AF1EE10FACCBF01240024B6
:10EC00002E1CA3F10403A0F1040018BF0126A642A4
:10EC100014D9013D27FA05F421FA05F614F0010490
:10EC2000EED016F00104EBD0D0ED027A93ED027A2B
:10EC3000F4EEC77AF1EE10FAD9D5012484F0010080
:10EC4000F0BC104070470120F0BC1040704701201C
:10EC50001040704798BD00202DE9F04FB64D0E468C
:10EC6000B64C29782DED048B94F899408BB00C426A
:10EC70008DED020ACDED030A019200F0F3809DF8BC
:10EC80000440002B9DF80550B0EE408AF0EE608AFB
:10EC90009A46B0EE419A81464FEA84044FEA8505D0
:10ECA00040F3A880301909EB0402711909EB050340
:10ECB000BAF1010FD0ED007AD1ED006A92ED007A41
:10ECC00093ED006A00F02F8132464FF00F085FFA93
:10ECD00088F81068516804AB926818F0020F07C3F7
:10ECE00053D109EB0403321993ED007A0AABD2ED4C
:10ECF000007A2344F4EEC77AF1EE10FA58BFF0EE32
:10ED0000477A18F0040F43ED067A47D078EEC97AB7
:10ED10000AAADFF82CB2894904A82A44189B91F862
:10ED2000991042ED067A0122DBF80C71B84738B32E
:10ED3000BAF1000FD4BFB246CA4607AB18F0080FAD
:10ED4000DAF80000DAF80410DAF8082007C342D035
:10ED500038EE098A0AAB18F0010F1C4404ED038A4F
:10ED60002BD078EE898A0AABDBF80C4107A8012288
:10ED70001D44724B45ED038A93F89910189BA047E8
:10ED80000BB0BDEC048BBDE8F08F0AAB78EE497A8E
:10ED900018F0040F234443ED067AB7D1721909EB3A
:10EDA0000503D2ED007A93ED007AF4EEC77AF1EE26
:10EDB00010FAD8BFF0EE477AAAE72E44A944D6ED60
:10EDC000007AD9ED008AF4EEE87AF1EE10FA48BF45
:10EDD000F0EE678AC7E7321909EB0403D2ED007A37
:10EDE00093ED008AF4EEC87AF1EE10FAC8BFB0EEE7
:10EDF000678AAFE72044321909EB05017319D0ED9A
:10EE0000007AD1ED006A92ED007A77EEC07A93ED48
:10EE1000006A76EEE06A37EE407A36EE606AF5EE2A
:10EE2000C06AF1EE10FA31DBF5EEC07AF1EE10FABD
:10EE3000B5EEC06A3EDDF1EE10FAB5EEC07A1DDB2C
:10EE4000F1EE10FA41D9B4EEE77AF1EE10FAACBF68
:10EE50004FF00F084FF00008BAF1000FD4BF4A4638
:10EE6000324634E7364D2146189B0122D5F80C4135
:10EE7000A0470BB0BDEC048BBDE8F08FF1EE10FAAB
:10EE800094BF4FF003084FF00708E5E7F5EEC07AAE
:10EE9000F1EE10FAB5EEC06A1AD4F1EE10FAB5EE42
:10EEA000C07A22D4F1EE10FACCBF4FF008084FF030
:10EEB0000908D1E7F1EE10FAB5EEC07A22DBF1EEE7
:10EEC00010FAC0DD4FF00E08C6E74FF00108C3E7A7
:10EED000F1EE10FAB5EEC07A1CD4F1EE10FACCBF08
:10EEE0004FF00C084FF00D08B6E7F1EE10FA17D40A
:10EEF000B4EEE77AF1EE10FA94BF4FF00F084FF03E
:10EF00000008A9E7F1EE10FA94BF4FF002084FF0A5
:10EF10000608A1E7F1EE10FAEADD4FF004089BE7DE
:10EF20004FF00B0898E777EEC07A76EEE06A37EE9E
:10EF3000407A36EE606A72E7E881002098BD0020D2
:10EF40004CC00020F0B52DED028B8FB00024074699
:10EF50000E4604A8B0EE408A0294FDB201940394D8
:10EF600004F0A0FD9DF8243001A84A4943F01203A3
:10EF70000B948DF8243011F077F9DFF830C1B1EE41
:10EF8000487A314601AA9CF884E10323013B25FA23
:10EF900003F02EFA03F6C0070DD5D1ED026AF00793
:10EFA000D2ED027A04F101044CBFE6EE887AE7EE76
:10EFB000267AC2ED027A043A0439002BE6D107EE34
:10EFC000904A9CED118AF8EE677AB1EEE70AB4EE4A
:10EFD000400AF1EE10FA58D12F4B28EE000A04A98E
:10EFE00001A85B7E8DED040A8DF8263004F05AFAF4
:10EFF0002A4C04232A4EA372E7720EF0DBFB0EF0BC
:10F00000A5F801E0736D98470EF0D4FBE36B234A3B
:10F01000042013F0640FF5D0D76B224EB90623D429
:10F020007B0628D4736E98471E4A40EA1023ADF839
:10F0300000002B4224D1246C184D44B101F0C2FED3
:10F0400005F0D2F800200FB0BDEC028BF0BD736C60
:10F05000042105F13C0098470EF05AFA0120AC72E9
:10F060000FB0BDEC028BF0BDB36C02F14000062185
:10F0700098477B06D6D5B36C07210B489847D1E754
:10F08000936C082108489847D5E7B0EE670A18F056
:10F09000C3FCA1E724BE0020C0BC002098BD002016
:10F0A0004CC0002034BE0020D8BD00207CC1002010
:10F0B0000F4A10B492F8834104F00204ACB1C0B21C
:10F0C00090FAA0F30028B3FA83F308BF4FF0FF33A0
:10F0D00002EB431001295DF8044B90ED110AD0EDCD
:10F0E000127A08BFB0EE670A704704F0FF03EFE73B
:10F0F0007CC10020F0B5A84E96F84830002B3DD0DA
:10F1000019B103F00704072C39D00321A34C0139AE
:10F11000CB40DB0706D5D4ED1F7AF5EEC07AF1EED1
:10F1200010FA10D4203C0438043A39B396F8483029
:10F130000139CB40DB07F5D5D4ED1F7AF5EEC07A67
:10F14000F1EE10FAEED5D0ED027A203CD2ED056A50
:10F15000043892ED027A043AF4EEE67AF1EE10FA0F
:10F1600058BFF0EE667AB4EEE77AF1EE10FA58BFC7
:10F17000F0EE477AC0ED037A0029D7D1F0BD00F157
:10F180000C0E01F10C0700250324DFED856A01E078
:10F19000012D10D87EED017A013C37ED017A77EE32
:10F1A000C77AF0EEE77AF4EEE67AF1EE10FAC8BF2D
:10F1B0000135002CECD1012DA7D9D0ED006A92EDDC
:10F1C000006A91ED005AF4EEC66A90ED017AD1ED35
:10F1D000015A76EEC53AD0ED024AF1EE10FAD1EDC1
:10F1E000027A37EE654A74EEE77A72D492ED036ADA
:10F1F000F4EEC66AF1EE10FA19DD84EE237AC7EE5A
:10F20000A34A36EE456AE7EE065AC0ED015AB0EE63
:10F21000657A92ED036AD1ED005AD1ED026A36EEBD
:10F22000656AE4EE866AC0ED026AD3680360D2EDD7
:10F23000016AF4EEC76AF1EE10FA65DDC3EE845A96
:10F2400091ED015A91ED007A87EE846A76EEC56AF7
:10F25000A5EEA67A80ED007AD2ED016AD1ED015AD1
:10F2600091ED027A76EEE56AA6EE267A80ED027AD4
:10F2700053684360D2ED026AF4EEC76AF1EE10FA09
:10F280004CDCD2ED056AF4EEC76AF1EE10FA1DD53A
:10F29000C3EEA75A91ED007A91ED025A84EE276AE7
:10F2A00076EEC56AF0EE477AE5EEA67AC0ED007A12
:10F2B00092ED057AD1ED026AD1ED017A37EE667AE8
:10F2C000E6EE077AC0ED017A5369836096F848301C
:10F2D0001BE784EE237AC7EEA34A36EE456AE7EED3
:10F2E000065AC0ED015AB0EE657A92ED006AD1ED92
:10F2F000005AD1ED026A36EE656AE4EE866AC0ED28
:10F30000026A1368036092E7D2ED046AF4EEC76AFA
:10F31000F1EE10FA23D490ED027AABE7C3EEA75AD0
:10F3200091ED007A91ED025A84EE276A76EEC56A75
:10F33000F0EE477AE5EEA67AC0ED007A92ED027A19
:10F34000D1ED026AD1ED017A37EE667AE6EE077A00
:10F35000C0ED017A9368836096F84830D5E6C3EE35
:10F36000845A91ED015A91ED007A87EE846A76EE27
:10F37000C56AA5EEA67A80ED007AD2ED046AD1EDD9
:10F38000015A91ED027A76EEE56AA6EE267A80EDD4
:10F39000027A136943606DE798BD00207CC10020AC
:10F3A0006F12833A40EA104382B043EA102303F01D
:10F3B000FF0343EA106002B0704700BF10B50D4C68
:10F3C00082B0C4F8880001900DF082F940F2011378
:10F3D00003400BB9236C0BB102B010BD01F0F2FC7D
:10F3E000054B04F1400001219B6C02B0BDE81040C8
:10F3F000184700BF98BD002034BE00202B480323CF
:10F400002DE9F04190F882410146294D002690F8FF
:10F410001A7104F0080490F884812A4607F0010765
:10F4200095F848E0E4B295F80CC02248013B2EFA6A
:10F4300003F5ED0728D5C7B12CFA03F5ED0714D570
:10F44000D0ED027AACB128FA03F591ED1F7AED0701
:10F4500023D477EE277AD6662039043A0438C2EDF1
:10F46000197A002BE2D1BDE8F081DFED137A002C90
:10F47000E9D191ED1F7AF1EE676A77EE277AC2ED56
:10F480001B6AC2ED187A01E0D66616662039043A86
:10F490000438002BCAD1BDE8F08177EE877A166672
:10F4A000F1EE677AC2ED1B7AF0E700BF7CC1002065
:10F4B00098BD00209CA60020000000002DE9F04728
:10F4C000DFF8A890C7B299F88231180710D5244AFE
:10F4D000032300240020013B27FA03F1C90702D5CA
:10F4E000146042F8400C043A002BF4D1BDE8F087D8
:10F4F0008A464E461A4D0324DFF87480013C27FAF1
:10F5000004F3DA0716D599F88431E340DB0719D5FF
:10F5100096ED1F0ABAF1000F1CD1DFED127A77EEDB
:10F52000807A96ED1C0A45ED107A27EE800A18F0D5
:10F5300027F82860203E043DA8F10408002CDDD106
:10F54000BDE8F087BAF1000F07D0D8ED027AF1EEEE
:10F55000677AE6E7D8ED027AE1E7DFED037AE0E7E4
:10F560002CBE002000000080000000007CC10020B4
:10F570009CA600202DE9F04F354D2B782DED028B08
:10F58000A5B013B96B7805933BB10023059305989B
:10F5900025B0BDEC028BBDE8F08F2E4BCAB2814680
:10F5A0001AA81E46029293F885410A9304F07AFA4B
:10F5B000294914AB9DF87C00FFEE086A4F7E5FFA84
:10F5C00089F19E46059B0691324640F01200049355
:10F5D00021939B4603219FED217A11AE4FF0010C40
:10F5E000DDF808807346DDF818A08DF87C008DF8F2
:10F5F0007E7001390CFA01F72AFA01F028FA01FEAF
:10F6000046F82170C70710D5D2ED1F7A67EEA67AAB
:10F61000B4EEE77AC3ED027AF1EE10FAD8BFB0EE9D
:10F62000677A1EF0010F18BF8B46203A043B002971
:10F63000DFD1B5EE407ACDF810B0F1EE10FA0FD16F
:10F6400001230593059825B0BDEC028BBDE8F08F32
:10F6500098BD00207CC10020C0BC0020000000003C
:10F66000BE4F4846BB6E9847B5EE400AB0EE408AA2
:10F67000F1EE10FA89D0029B002B40F01281029B20
:10F6800009930A9B4FF0000ADFF8ECB293F80D21C2
:10F690000123D046CDF804A003EB440312F0100F71
:10F6A000CDF81CA00D9314BF652364230393AC49CC
:10F6B00017A810F0D9FD00240A9B17A9A146A94A52
:10F6C00093F884C114A803230894013B069C24FAF0
:10F6D00003FE1EF0010F18D02CFA03FE002409F1DE
:10F6E00001091EF0010F1460019CD0ED027A00F0B8
:10F6F0003081022C01D0F1EE677AC1ED027A089CCC
:10F7000016F823E044EA0E04089404390438043A55
:10F71000002BDAD1DBF8AC30089C2BB10199B0EEAC
:10F72000480A9DF81800984707EE909AB8EE670AC5
:10F73000F1EEC07AF4EE677AF1EE10FA40F0AE81A5
:10F7400068EE277A1AA917A8EC724FF00109CDEDDF
:10F750001A7A03F0A7FE0423AB720EF02BF80DF01B
:10F76000F5FC049B804A22339B000C93D31808932A
:10F77000019B022B37D07B6E9847BAF1010FADF891
:10F780003C00C3B2C0F3072000F0DD80BAF1020FE5
:10F7900040F0B280029A20EA020040EA030203230A
:10F7A000013B56F8231022FA03F00C420AD0C0079E
:10F7B00009FA03F106D524EA01040499994208BF25
:10F7C0004FF00008002BEBD1EC72B8F1000F0AD01B
:10F7D000089B079A5B68D31A099A002BB8BF5B4253
:10F7E0009A42C0F2EC800DF0E5FFE96B039B1940F3
:10F7F00009D0012940F0C2807B6C5C489847D7F85B
:10F80000C40008F093F8DBF85430042098476307ED
:10F81000AED10DF07DFE0A9AFB6B0021B2F880019B
:10F8200003249847019B0699022BBB6E0846894624
:10F8300014BF02220122114601929847019AB2EEAA
:10F84000047A14ABF7EE007A012AB0EE408A484AF7
:10F85000069808BFF0EE477A013C20FA04F111F057
:10F86000010F05D092ED027A27EE277A83ED027A16
:10F87000043A043B002CEFD1029B002B40F0978010
:10F88000069B002B00F0B780B5EEC08AF1EE10FAAF
:10F8900040F3B1800D9A531E002A00F0AC800D9306
:10F8A00005E70A999FED335AD1ED5D6A049AF1EEAE
:10F8B000666AD1ED5E5A01EB421391ED5F6A86EE06
:10F8C000857AD3ED0F7AD3ED0C6A67EE277AF4EEE2
:10F8D000E57AF1EE10FA58BFF0EE657AF4EEC67AEA
:10F8E000F1EE10FAD8BFF0EE467A67EEA67AFDEE9A
:10F8F000E77ACDED097AC4E643EA000202991142A3
:10F900003FF44DAFBAF1000F7FF449AF584011EA10
:10F91000000A1CD0194222EA01020C9B0846D2B20E
:10F9200008BF4FF0020A05EB030118BF4FF0010AB0
:10F930000B924FF001084A685146D7F89030079271
:10F9400098470B9A2BE7029A23EA020325E7D04651
:10F9500025E7022C7FF4D1AECDE600BF34BE0020F7
:10F9600024BE00202CBE002098BD0020D4BD002065
:10F970009CA600200000C8424CC000200B469906FF
:10F980002DD45A0624D4FA6B002102200893904704
:10F99000019B454C022B089B6DD05B0726D42B6C3A
:10F9A000002B76D17B6C04214048984731E7D7F88B
:10F9B000903021462046A246A046984760E7BB6C9F
:10F9C0000F213B48984701F0FDF904F00DFCDEE5FE
:10F9D000BA6C0721364808939047089BD3E7BA6C66
:10F9E0000621334808939047089BCAE7A36C092176
:10F9F0002F489847D3E7029A72B3049E0A9BB41C1F
:10FA000003EB4414D4ED007AF5EE407AF1EE10FAEF
:10FA100022D0F5EEC07A1046D7F890309046F1EE3D
:10FA200010FA4CBF022101219847D4ED007A24AA94
:10FA300014A9F0EEE77A404602EB8603B7EE000A1F
:10FA400043ED107AFFF77EFA00283FF49EAD0021C7
:10FA5000D7F890300846984701214846FFF72EFD19
:10FA6000012195F84830002205910699AA721943A0
:10FA700085F848108BE5636E9847069A40EA102394
:10FA8000ADF8400013428AD0A36C0821084898477B
:10FA900085E701F097F904F0A7FB78E517F0BCFFC4
:10FAA000F0EE407A4CE600BF34BE0020D4BD00200A
:10FAB000D8BD0020024620B15168034B006892680F
:10FAC00007C30148704700BF9CA600202DE9F04104
:10FAD0004A4F82B004464FF0000697F88331C5B212
:10FAE0009B0735D5284602F0B1FD012830D97DB3FA
:10FAF0003A462B46FF200021B84617E09EED127AC9
:10FB0000D2ED127AB4EE677AF1EE10FA50D19CED94
:10FB1000117AD2ED117AB4EE677AF1EE10FA47D18C
:10FB20005B0801F1010102F120020FD013F0010F77
:10FB3000F6D0FF2807EB401E08EB401CDED15B0827
:10FB4000084602F1200201F10101EFD1FE2853D055
:10FB500097F81A0121462A4F00F00100BB6D984723
:10FB6000D7F8A030BBB101209847054013D0D7F893
:10FB7000903063B1EA074FF001064FF0010304D45F
:10FB80005B00DBB21D42FBD01E469D4222D03720D7
:10FB900002B0BDE8F0811B4B31462046D3F8083156
:10FBA000984780F001004042C0B202B0BDE8F08149
:10FBB0000024012603E06D0804F1010408D0E907E0
:10FBC000F9D506FA04F0FFF781FF0028F3D0DFE74C
:10FBD0002846DDE77B6E984740EA102000F0FF03DF
:10FBE0001D42D8D0B2EE040A07493046FFF7AAF901
:10FBF0000028D0D12D20CBE71C46DAE77CC10020BD
:10FC000034BE00204CC000209CA60020C1F3072178
:10FC100038B54B0719D581F00201C1F3400101B994
:10FC200038BD184C184D238943F0040323810CF090
:10FC30004FFD082817D001F0C5F8AB6C022113481E
:10FC40009847BDE8384004F0CFBA0E490122104C65
:10FC500001F1580391F89910D4F80C41A04780F0B5
:10FC60000100C1B2DBE701462B6C04F13C00984770
:10FC700003E00CF02DFD0028DDD004F0B5FA0028DB
:10FC8000F7D1CDE798BD002034BE0020D8BD0020BC
:10FC90004CC00020084A094992F8860192F8873141
:10FCA00092F88821034391F84800134303EA0002C5
:10FCB0000B7381F8482070477CC1002098BD00205C
:10FCC0000D4B93F8823103F00502052A01D0002084
:10FCD00070470A4A92F8810058B1107B074B002800
:10FCE000F6D093F8483030EA030314BF0120002017
:10FCF00070475B06ECD4F0E77CC1002098BD002083
:10FD000070B4094B094D0A4E0A4C0B480B490C4A7A
:10FD1000AE66C3F80C41C3F81001C3F81411C3F860
:10FD2000082170BC704700BF4CC0002034BE0020CA
:10FD3000C18D0000E988000069890000058E00007F
:10FD40008592000000220849134604E00133182B75
:10FD500007D011F833209042F8D1034800EBC300DC
:10FD600070470020704700BF4C3B006038B54B7DAA
:10FD70000C46054603F00603062B02D04969FFF73F
:10FD800045FF0CF0A5FC022802D004F02DFA58B96A
:10FD9000154B1A786AB9587880F0010038BD03F025
:10FDA000DBFA40B103F030FF04F01EFA0028F6D170
:10FDB00038BD002038BD2846214603F073FB0028DB
:10FDC000E6D123699B7A1B07E2D5237903F003036D
:10FDD000012BDDD104F050FD206994ED030A436A44
:10FDE00021799847D4E700BF98BD00202DE9F04F56
:10FDF0002DED0C8B91B09A46F0EE40CA9DF89840DC
:10FE0000279F2546089414469DF89920079016468A
:10FE10000292AA009DF89AB0B3000AEB020504EB27
:10FE200002080AEB030604EB030995ED009A02446D
:10FE300096ED008A034498ED00AAB7EEC99A99EDB1
:10FE400000BAB7EEC88AB7EECAAA92ED007AB7EE4A
:10FE5000CBBA93ED006AB7EEC77A06963AEE09ABD5
:10FE600005953BEE08BB0E46B7EEC66A37EE4A7BF9
:10FE7000B1EE488B36EE4B6BB1EE499B27EE480B4B
:10FE800028EE061BA9EE060BA9EE071B17F022FCB5
:10FE9000002FB7EEC0DB40F37B81DFEDC67AB4EE16
:10FEA000E7DAF1EE10FA40F2BB80737D590721D4F6
:10FEB000C14AD2F81011E9B1B7EECA7B43F004038E
:10FEC000F7EECB7BBD497375B0EE6C1AD2F81051CA
:10FED0003B460091B0EE470AF0EE670A269A2146AB
:10FEE00007988DED0B7ACDED0C7AA847737D60F302
:10FEF0004103737587EAE772A2EBE772012A7CDDA2
:10FF0000531E002F9FEDAE7AA2F1020207EE903A47
:10FF1000079D4FEA8B03D8BFB1EE4D6AF8EEE77A42
:10FF20002868C8BFB0EE4D6AE1182B44049267EE12
:10FF3000877AAA68D3ED006A0DAB002F10AF36EEBA
:10FF4000276AD1ED007A6968C8BF012576EEE76AB5
:10FF5000D8BF4FF0FF359FED9BCA0395002586EE75
:10FF6000867ACDF8249007C30898D8F8001007EBDC
:10FF70008003D9F80020CDF82080804643F80C1C7F
:10FF80000DF102031946029B37EE077A07EB830354
:10FF9000894607EB8B0743F80C2C27EE0CCA01E0CF
:10FFA00057ED037A9DF808307CEE277A8DF898801B
:10FFB00022468DF89930B0EE6C0A8DF89AB053460F
:10FFC000269803994FEA104EADF8000001910DA854
:10FFD000314647ED037A89F800E0FFF707FF0DABE4
:10FFE00007CB049B2060AB426160A26005F1010574
:10FFF000D6D1DDF82080DDF82490734B7CEEAC7A0E
:02000004600199
:1000000093ED020AF4EEC07AF1EE10FA0DDC3146FF
:100010000798FFF7ABFE11B0BDEC0C8BBDE8F08F7D
:10002000DFED677A3DEE27DA3FE777EEC07A67EEDD
:10003000807AB1EEE70AB4EE400AF1EE10FA40F031
:10004000B480F6EE007A6DEE277A67EEACCAF0EE79
:10005000ECCACCEE807AFBFE677AFCEEE77A17EE0C
:10006000905A002DD3D0337D9A0600F18580F8EEAA
:10007000676ACDEE26DA4FEA8B03079A012D04EB6F
:10008000030B9FED52DA13449BED006AF0EE00CAB9
:1000900093ED007AF1EE007A37EE467AB6EE006A1A
:1000A00087EE26CAEDEEEDCA2DEE8DDA7CEEA77A4C
:1000B0006CEE86CA2DEE27DAA9D04FF0000A012790
:1000C0002EE0B7EEEC6AB7EECD5A26EE087B28EEAE
:1000D000458BA5EE097BA6EE098BB0EE489BB7EEEB
:1000E000C78BB7EEC88A3BEE087B31463AEE096B08
:1000F00020460137B7EEC77BB7EEC66B88ED006AC6
:1001000089ED007ADBED007A77EE8C7ACBED007A20
:10011000FFF72CFE00283FF47EAFBD423FF477AFDF
:10012000BAF10B0F0AF1010ACBD907EE907A4FF022
:10013000000AB8EE678A28EE2D8AB0EE480A17F05A
:10014000D7F9F0EE408AB0EE480A17F04BFA069B5A
:1001500093ED008A059B20EE089AD3ED007A28EEF5
:10016000688AF1EE677AA8EEA79AA0EE278AB7EE22
:10017000C99AB7EEC88AB6E7F8EE676AD6ED007A94
:100180006FF3451367EEA67A3375C6ED007A70E714
:10019000DFED0F7AB4EEE7DAF1EE10FAFFF685AE96
:1001A000DFED077A3DEE67DA7FE6B0EE670A17F01B
:1001B00033FC46E7BD3706354CC00020F0BD0020BB
:1001C000DB0FC940DB0F49407CC10020ABAA2A3EAF
:1001D000BD3706B52DE9F0412DED0E8B9FEDA78AB9
:1001E00084B0B7EE009A1446F0EE489A0746884667
:1001F000106851680DF1040E92681E469FEDA02A0A
:100200009FEDA0BA189DAEE80700D5ED012A79EE62
:10021000487A97ED001A002297ED010A68EE226AEB
:1002200068EE014AD5ED003A28EE005A96ED013A03
:1002300028EE237A96ED004AE3EE276AD4ED001A01
:10024000E3EEA74AD4ED010AA2EEA75A9DED01AA5A
:10025000A4EE277ADDED02AA68EE048A68EE035A5E
:1002600028EE266A64EE884AE1EEA78AE0EEA75AF5
:1002700025EE085AE7EE874A28EE077AA6EEA75A37
:10028000F0EE466AA7EEA87AF6EE00BAE5EEA76AA7
:1002900064EE884A25EE085AE7EE874AA6EEA75A8A
:1002A00057E078EE027A35EE2ACA74EE8ACA67EE13
:1002B000AB7A39EE677A61EE276A20EE276A63EE41
:1002C000A75AE3EE876AA2EE876A62EEA7EAE4EE37
:1002D000075A63EE27DAE3EE07EA24EE27EAE0EEB8
:1002E00087DA66EEA76A26EE276AA1EE87EAE7EECE
:1002F000256A27EEA5DAAEEE876A67EEAE5AA7EE5C
:100300000EDAEDEE875A66EEA76A26EE276AE7EE6A
:100310000D6AA5EE876AF0EE665AB0EE467AB0EE48
:100320004C6AECEEEB5AB0EE47CAA6EE6BCAF0EEA2
:10033000E55AB0EECC6A35EE866AB4EEE96AF1EEC3
:1003400010FA0DD9B0EE475A0122F0EE664AB0EE2F
:10035000678A78EE428AF4EECB8AF1EE10FAA0DAE0
:10036000002A69D1F0EE00BAF6EE005A5FE0F0EE36
:10037000427AE8EEAB7AF4EEC97AF1EE10FA5BDA83
:1003800039EE677A61EE276A63EEA7CA20EE276A24
:10039000E3EE876AE4EE07CA22EEA7CA64EE27DA24
:1003A000A2EE876AA3EE07CAE1EE87DA66EEA76AD5
:1003B00027EEACEA23EE27DAE7EE2C6A26EE276A70
:1003C000A0EE87DA67EE8CCAA7EE2DEAACEE076ADC
:1003D00066EEA76AB0EE6CCAF0EE64CAADEE07CA6C
:1003E000E7EE0E6A26EE276AACEE076A3AEE26CAF8
:1003F000ECEE65CAB0EE467A3AEE866AB0EE6CCAAA
:10040000F0EE45CAB0EECCCAE6EE65CAB0EEEC6AD4
:100410003CEE066AB4EEE96AF1EE10FA0CDCB0EEDE
:10042000678AB0EE475AF0EE664A77EEC28AF4EE7B
:10043000E98AF1EE10FA9AD9414601A8CDED014AB8
:100440008DED025AFFF792FC90B1B4EEC98AF1EE3D
:1004500010FA0DD578EE288AB0EE482AF4EE498AD3
:10046000F1EE10FACCBFB0EE498AB0EE688ACCE665
:1004700004B0BDEC0E8BBDE8F08100BFCDCCCC3D0F
:10048000000000006F12033B2DE9F04F2DED048BAF
:1004900087B01446984606469DF852208A46237D2A
:1004A00012B2169D43F0010308EB820701922375F7
:1004B000D7ED007A95ED057A9DF85030F4EEC77AC5
:1004C00003939DF85130F1EE10FA029300F1C980C8
:1004D000AB7E2146DAF80000012BDAF80420DAF8C6
:1004E00008300CBF95ED059AB0EE679AC8F8000089
:1004F0004046C8F80420C8F80830C7ED007AFFF776
:1005000035FC002878D0039BDFF814B208EB830396
:100510000493029B08EB83030593159B002B00F0CB
:10052000E38097ED008AD5ED057AB4EEE78AF1EE27
:1005300010FA00F3A180019B05EB8309D9ED007A45
:10054000B4EEE78AF1EE10FA40F3A18095ED037A5C
:100550002146237D404638EE478A6FF30003F4EED0
:10056000487A2375F1EE10FAC8BFB0EE678A87EDBE
:10057000008AFFF7FBFB00283ED0542E50D0D5ED6B
:10058000048AF5EEC08AF1EE10FA0ADD0CF0A0F84C
:10059000022806D004F070F9B0EE680A002001F0DD
:1005A00045FF6B7E8BBB492E2CD1D7ED007A99EDA0
:1005B000007AF4EE477AF1EE10FA2ED09BED037A32
:1005C00077EE877AC7ED007A2A7E2146237D404662
:1005D00062F300032375FFF7C9FB68B1542E02D004
:1005E0006B7E002BAAD0627994ED030A21792069F1
:1005F0000BF052FD0028A1D1002007B0BDEC048B08
:10060000BDE8F08F87ED009ADEE720694FF000012A
:100610009FED400A436A9847C5E7F0EE497AD1E773
:1006200062794FF000019FED3B0A20690BF034FD29
:100630000028E1D02179226981F0020394ED030AB8
:100640001046C3F3400363F341012171536A984795
:10065000237983F00202C2F3400262F34103237163
:100660008DE787ED007A21464046FFF77FFB0028A3
:10067000C2D0D7ED007A2BE7C7ED007A214640467D
:10068000FFF774FB0028B7D097ED008A53E7227D6F
:10069000159B42F00102013B2275159324D01E4A9E
:1006A0001279002A3FF439AF039B2146029A05EBE9
:1006B0008300049B05EB820293ED007AD0ED007A73
:1006C000404677EE277AC3ED007A059BD2ED007A9B
:1006D00093ED007A77EE277AC3ED007AFFF746FBB9
:1006E00000287FF41AAF87E7D8F800200B4BD8F822
:1006F0000400D8F80810CAF800201A78CAF80400D4
:10070000CAF80810002A7FF477AF587880F001000B
:1007100073E700BF00000000C0BC002098BD0020AF
:100720007CC100202DE9F043B7EE007A98460446DC
:100730000F46154600262DED088B92F82C3085B01B
:10074000D2ED057AD80792ED080AC7EE278ADFEDC9
:10075000B17A4CBF92ED07AA9FEDAFAA990792ED2F
:10076000038A48BFD2ED07AA20EE270A58BFDFED63
:10077000AAAA16F081FFD5ED047AD7ED029AB0EE61
:10078000409A01AB3868E0EE279A7968BA6807C3E7
:100790000136F0EE680A07EE906AB8EE670A16F0C6
:1007A0009BFF28EE000AD5ED047AF4EEC07AF1EE54
:1007B00010FAEDDCD5ED017A97ED02BAAB6A37EEAF
:1007C000CBBA0133B5EEC0BA1E44F1EE10FA09DD22
:1007D00095F82C30DA0748BFB1EE4AAA980748BF0F
:1007E000F1EE6AAA95ED067A7AEE2A7AB5EE407AAB
:1007F0003BEE27BAF1EE10FA07D02BEE077A7BEE2C
:10080000677AC7EE276AC5ED066AB5EE409A237D82
:1008100043F00103F1EE10FA237540F0DE804FF053
:100820000109B0E038EE278AD5ED046A95ED097A22
:100830002146D7ED007A01A838EE668AE8EE077AFD
:10084000CDED017AFFF792FA002800F0B68004F0AF
:1008500013F8002800F0B680217D2279637E6FF3C3
:10086000000142F0800243F0020321752271637699
:1008700095F82C30DA0716D5DDED017A214695ED95
:10088000046A01A8D5ED096A9DED037AE6EE267AA1
:1008900037EE4A7A8DED037ACDED017AFFF766FAED
:1008A000002800F08A80DDED037A214601A877EE6A
:1008B0008B7ACDED037AFFF759FA00287DD095F8B1
:1008C0002C309B0715D5DDED017A214695ED046AA4
:1008D00001A8D5ED096A9DED037AE6EE667A37EE5A
:1008E0006A7A8DED037ACDED017AFFF73FFA0028A1
:1008F00063D003F0C1FF00286AD0237D012E227946
:1009000043F001036FF3C7122375227177D009F109
:10091000010995ED038AF0EE680A07EE909AB8EEA9
:10092000670A16F0D9FE28EE008AD5ED047A214632
:10093000D5ED096A01A8F4EEC87A97ED007AF1EED8
:1009400010FAD8BFB0EE678A78EE677AA7EEA67A7B
:100950008DED017AFFF70AFA78B3B5EE409A637E1F
:10096000214601A868F34103F1EE10FA637614BF43
:1009700068EE097ADFED287A79EEE77ACDED037A31
:10098000FFF7F4F9C8B1013E17D095F82C30D5ED3A
:10099000027AD9073FF546AF38EE278A95ED097AF6
:1009A000D7ED007A214601A8E8EE077ACDED017A6D
:1009B000FFF7DCF900287FF44AAF05B0BDEC088BE7
:1009C000BDE8F0830BF084FE00283FF445AFF4E768
:1009D0000BF07EFE002890D0EFE7F0EE697A21461A
:1009E00001A8E8EE497ACDED037AFFF7BFF90028B8
:1009F0007FF415AF05B0BDEC088BBDE8F0833B6814
:100A0000214601A895ED048A0193FFF7AFF900286C
:100A1000B9D1D2E735FA8E3C0000000070B504462B
:100A2000407D8E6D237D40F00600266043F0140368
:100A300060751E4D2375D1F8B830E36195F81A3111
:100A40005B071DD41A4B01F1980593F899200ABB56
:100A500021462846FFF78AF90BF03AFE30F400747D
:100A600001D0002070BD02F059FC0028F9D02020F0
:100A70000BF034FE0CF09EFE0CF068FB204670BDBF
:100A800001F198050B4B11460B4A2846D3F8143157
:100A90009847DDE7074E114658332846D6F80C61D3
:100AA0000122B0470028D3D10F2070BD7CC10020A7
:100AB00098BD00204CC00020F0BD002008B52DEDF1
:100AC000028BB0EE408A0BF003FE02280AD003F03E
:100AD000D3FEB0EE480A0020BDEC028BBDE8084012
:100AE00001F0A4BCBDEC028B08BD00BF2DE9F04FA6
:100AF00087B00446884692460BF0EAFD022800F0D3
:100B0000A7808C4B93F81531D90700F1948004F13C
:100B10000C05DFF82092DFF83CB22E4636ED010AD4
:100B2000A9F12009D9ED247A20EE270A16F028FD34
:100B3000A6424BF8040DF1D17F4B804E1B7D86F809
:100B40002A3003F099FE18B9022007B0BDE8F08FF3
:100B5000DFF8F891D9F8B430002B74D00BF0B8FD61
:100B6000B0F5007F6FD096F848309A076BD0D9F86F
:100B7000B430B1EE040A08201F460FF089FB0021B3
:100B800001230246009008469B46B84798F8153066
:100B900060F3C30388F81530D9F8B8301BB368493F
:100BA00003A80FF061FB06A900200323DFED656AAF
:100BB0004FF0010E35ED017A013B71ED017A0EFA2D
:100BC00003F277EE677A0243F0EEE77AF4EEE67A24
:100BD000F1EE10FAC8BFD0B2002BEBD1D9F8B83083
:100BE00042462146984733890121574DCAF3C00038
:100BF0006FF341033381D5F810319847D5F814319C
:100C0000984700F00303022B26D04C4B042103F13C
:100C10004000AB6C984703F0E7FA0021D5F810319B
:100C200008469847BBF1000F61D1D9F8BC30002BC2
:100C30008AD0984788E7454B0021454A2046D3F89B
:100C40001431984763E74FF0000BCDF800B0A3E7ED
:100C5000002007B0BDE8F08F414620460193FFF722
:100C600085F8019B00283FF46FAF01221946334BF2
:100C700003F13C0083F838202B6C984704E00BF01C
:100C800027FDB0F5007F08D003F0AEFA00283FF44E
:100C90005BAF0BF01DFD0028F1D196F83820274BF3
:100CA000012A37D01A8942F002021A814FF0000857
:100CB000D5F810314146404686F83880984703F011
:100CC00093FABBF1000F1DD10CF022FC02F060FA88
:100CD00002F02EFE174B93F80C311B060FD4D9F8F7
:100CE000BC3003B198473089C0F340002DE70023A2
:100CF000009AD9F8B44019461846A04795E705F080
:100D0000BDFDECE7009A4346D9F8B4404146404661
:100D1000A047D9E703F18C0203F12C041AF0100F5D
:100D200007CA84E80700C1D103F140000521AB6C7C
:100D30009847BBE77CC10020C0BC002098BD0020C4
:100D400024BE002017B7D13834BE00204CC000208C
:100D5000F0BD0020D0BD002038B50B4C25780DB17A
:100D6000002038BD02F09EFB0028F9D0A37A43F0A2
:100D7000040365F30003A3720CF0A6FC0CF01AFD4B
:100D80000CF0E4F9012038BD98BD002038B50C4DB9
:100D900083B20446EA8B9A4201D003F06DFD2878B5
:100DA000074B00B138BDDC83F7F70CFCC068E1B23B
:100DB0000028F7D001F00101BDE838400BF04CB835
:100DC00098BD002070B5284CE36B980600D570BD27
:100DD000264D202104F13C002B6C98472379002BF1
:100DE000F5D160790028F2D1D5F8E03003B1984709
:100DF0000BF06EFC10F02C0F14D1A37A1A4A13F0EA
:100E000006030FD1D370EB6E98474106174B21D4E0
:100E1000C20524D4164BD3F8EC30002BD7D0BDE854
:100E2000704018470123104EE3700BF051FC04286A
:100E300007D006F14000AB6C032198470CF0ACF9E9
:100E4000E1E7336C002BF9D106F14000AB6C0621D1
:100E50009847F3E79B6C0A2106489847DAE79B6CB2
:100E6000112104489847D5E798BD002034BE0020E2
:100E70004CC00020D8BD00202DE9F04F9C4C002133
:100E80009C4B83B094F8822105461960C6B2910646
:100E900025D5883BFEB91A7B0ABB93F8482031461A
:100EA0004FF0070042F0070283F84820FEF706FBE8
:100EB00003F09AF9002840F0F18007268E4BD3F812
:100EC000B030002B00F0FF80304600219847FF2013
:100ED00003B0BDE8F08F197B314000F08F80D4ED76
:100EE000117A834BF5EEC07AF1EE10FA5DD993F8E2
:100EF0001A31DFF824921A0704D599F81032002B22
:100F000000F0AD8004200BF0E9FB94F80D3103F004
:100F1000100303F0FF07002B00F094800BF078F92A
:100F2000002840F08C80D9F87830984710F0FF0FF7
:100F300079D1002E7DD1714BB246714F93F8482084
:100F4000197B07F1030B22EA010283F8482017F806
:100F5000018FB8F1000F2CD1BB45F8D194F81A01DC
:100F60004FF00001D9F8583000F001009847BAF16D
:100F7000000F40F0B28004200FF024FA94F81A31E8
:100F800003F00303032B7CD00024FEF737FA5A4BFF
:100F9000D3F8B030002B60D0B4FA84F15046490940
:100FA0009847204603B0BDE8F08F052003B0BDE8A8
:100FB000F08F4046C246FEF789FD05460028CBD09B
:100FC00094F81A014FF00001D9F8583000F00100F0
:100FD000984703F009F9002877D0002D00F08380AE
:100FE0000BF076FB042874D0434BD3F8B030002BC1
:100FF0006DD04046002198472846D7E793F848200F
:101000003046324383F84820FEF758FA03F0ECF8F4
:1010100000283FF453AFB24602F08AFC39493A48FF
:101020000FF022F9A7E74FF00000F7F7DFFA002EE4
:1010300081D02846B046FEF749FD0546C0E7F7F7E0
:10104000C5FA70E7D9F84030012130489847384652
:101050009FED2F0A01F0EAF960E72046A6E7D9F8EC
:101060005C309847FEF79EF910F0FF0F3FF44AAF4F
:10107000FFF7A8FED9F84830012126489847FF20FD
:1010800094E7254BDB6D9847FEF78CF91B4B93F8E3
:10109000983003423FF478AF2D2478E74FF0070AE9
:1010A00094F882319B06B7D5144B0722002193F8A0
:1010B0000CA083F848206FEA0A0A0AEA020A50469E
:1010C000FEF7FCF9A8E7FF2070E74646F6E628465B
:1010D0006CE700200BF002FB86E703F085F80028A0
:1010E000DED15646EAE6C246002E95D1D8E700BFCB
:1010F0007CC1002020BE00204CC0002098BD0020F4
:1011000001C3002024BE00202CBD0020D4BD00203F
:10111000CDCCCC3DD8BD002034BE0020704700BFF0
:10112000054BB7EE000ADFED057A1B8913F0020FBD
:1011300008BFB0EE670A704798BD002000000000AD
:10114000024B93ED110AB8EEC00A704798BD00201B
:10115000034BD3F8D43093ED040AB8EEC00A7047BD
:10116000C0BC0020094BA3FB0023DB0803EB830377
:10117000A0EB43039BB2032B05D8054800EB830388
:1011800093ED320A70479FED030A7047CDCCCCCC6B
:10119000C0BC002000000000054BF7EE007A1B7D6C
:1011A00000EE103AB8EE400A30EE270A704700BF52
:1011B000C0BC0020034B93F8B83000EE103AB8EEF4
:1011C000400A7047C0BC0020094BA3FB0023DB088A
:1011D00003EB8303A0EB43039BB2032B05D8054825
:1011E00000EB830393ED2E0A70479FED030A7047CF
:1011F000CDCCCCCCC0BC002000000000044B93F848
:10120000113103F0010300EE103AB8EE400A7047C6
:101210007CC10020022810B52DED028B0DD99FED69
:10122000110A114C94F81031DB0703D5DFED0F7A6A
:1012300020EE270ABDEC028B10BD0D4A00210A4C9E
:1012400002EB800204EB4013D2ED237A93ED0C7A8B
:10125000F8EEE77A87EE878AF7F730F838EE400A3B
:10126000E0E700BF000000007CC100203333CB4129
:1012700098BD0020054BA3FB0023DB0803EB830391
:10128000A0EB430080B2FFF7C5BF00BFCDCCCCCCF4
:1012900070B5144D002884B0A5FB002314BF0026B0
:1012A0000A26DB0803EB8303A0EB43039BB25C1E1F
:1012B000022C03D99FED0C0A04B070BD0B4A69469D
:1012C0000244D31A9B1BA5FB0330C0F3071009F09F
:1012D000A7FB0028EED004AB03EB840414ED040A52
:1012E00004B070BDCDCCCCCC000000009CEBFFFF67
:1012F0000E4BA3FB0023DB0803EB8303A0EB4303AC
:1013000010B59CB284B0032C03D99FED090A04B038
:1013100010BD69460A2009F083FB0028F5D004AB14
:1013200003EB840414ED050A04B010BDCDCCCCCC85
:10133000000000000E4BA3FB0023DB0803EB83033C
:10134000A0EB430310B59CB284B0032C03D99FEDEE
:10135000090A04B010BD6946092009F061FB0028A4
:10136000F5D004AB03EB840414ED050A04B010BD02
:10137000CDCCCCCC00000000294BA3FB0023DB0824
:1013800003EB8303A0EB4303F0B59CB285B0651E6D
:10139000022D0AD8234E244F96F82A003B7D834223
:1013A00010D0694609F03CFB00BB9FED200A204AA3
:1013B00092F81031DB0703D5DFED1E7A20EE270A05
:1013C00005B0F0BD06EB8404194A94ED0A7A02EBED
:1013D0004513B8EEC77AD3ED0C6AC7EE267A07EB51
:1013E000850595ED020A37EEC00AE1E706EB8404B5
:1013F0000F4A96F82A1094ED0A7A02EB45103B7DCD
:10140000B8EEC77AD0ED0C6A9942C7EE267AE6D0DC
:1014100004AB03EB850515ED040A37EEC00AC7E7F8
:10142000CDCCCCCC98BD0020C0BC0020000000007A
:101430007CC100203333CB4110B50446F6F724FFBE
:10144000094BA3FB0423DB0803EB8303A4EB430357
:101450009BB2032B04D800EB830313ED010A10BDEC
:101460009FED020A10BD00BFCDCCCCCC0000000027
:1014700038B5431E41F2C3329BB2934214D80023C5
:101480001E280B602BD90024184B1B6813B929E0C8
:10149000DB683BB31A689442FAD19A888242F7D14A
:1014A0009B6801200B6038BD002541F2DF54104AD3
:1014B00016230D60A04203F1FF330CD354898442FC
:1014C00009D30C4A0C4602EBC3035B689847012022
:1014D00084ED000A38BD083A33B11489EAE7064BB7
:1014E0001C68D1E7012038BD184638BDB4AC0020D7
:1014F000AC3C00600C3C006014A300202DE9F843D4
:10150000431E41F2C3329BB2934202D90020BDE890
:10151000F8831E2819D90025DFF8889010EE107A7C
:101520000646D9F800804446B8F1000F03D10FE019
:10153000E3686BB11C4623689D42F9D1A388B3428E
:10154000F6D1A7600120BDE8F883154B1D68E3E7DD
:1015500007EE907AF5EE407AF1EE10FA10D01020F6
:1015600018F0B2FA60B1002386800560C360B8F15C
:10157000000F10D0E0600446A7600120BDE8F883AA
:1015800007EE907AF5EE407AF1EE10FA0CBF0120EA
:101590000020BDE8F883C9F800000446ECE700BF6E
:1015A00014A30020B4AC002030B583B03B2800F277
:1015B000BB81DFE810F04E009C00A9009F00BC003A
:1015C000B900B400AF0090008B00860081007C0061
:1015D0006C00670061005B00510095004A00B30198
:1015E000AD018E01860180017A0173016C014A0010
:1015F0005F015B0155014F014F014F014F014F0149
:101600004F014F014F014F013201320132013201CE
:10161000320132013201320132012A011E0112016E
:101620000301FB00DB00CF003C00C7006601AD4AB0
:10163000137B33B9AC4B93F8823113F0220F04D0F3
:10164000072392F8482093430CD09FEDA80A03B0DB
:1016500030BD9FEDA70AFAE70020F6F7B3FF437805
:10166000002BF2D1B7EE000A03B030BDA14B93F8C6
:101670002E30012BE9D1F5E79E4B93F82E30002B4D
:10168000F0D0E2E79B4BDB79002BEBD1DDE7994B08
:101690001A7D02EB82035B00322BC8BF02F12D03DF
:1016A00003F5077300EE103AB8EEC00ACFE7914B8E
:1016B0009B78022BC9D1D5E78E4B9B78002BD1D0DC
:1016C000C3E78C4B9B78012BBFD1CBE7894B1B79B0
:1016D000002BC7D1B9E7874B1B79002BB5D1C1E7E8
:1016E0000020F6F76FFF4378012BAED1BAE79FEDEC
:1016F000820AACE77F4B1B8803EB83035B0007EE9A
:10170000903AB8EEE70AA2E77A4B93ED1E0AB8EEDC
:10171000C00A9CE7774BDB78002BA3D195E7754B8C
:10172000DB78002B91D19DE79FED740A8FE7714B19
:101730009B7903EB83035B00AA3307EE903AB8EE84
:10174000E70A84E7674B93F8483000EE103AB8EEAA
:10175000400A7CE76A4CD4F8143123B194F8032290
:10176000920700F1EF80BFEE000A70E7644CD4F8F6
:101770001431002BF7D09847054615F0C00F00F044
:10178000DA80D4F81831002BEDD0002098470028DB
:1017900040F0E680BFEE000A8DED010AC5F381102E
:1017A000D4F8183198479DED010A50E7554B1B6856
:1017B000013300EE103AB8EE400A48E74D4BD3F83B
:1017C000D420D86F13699842CDD04F4B9B6A98476D
:1017D00007EE900AB8EEE70A39E7464BD3F8D42073
:1017E000DB6F12699342BED007EE903AB8EEE70A7B
:1017F0002DE7404A444BD2F8D4209B6A10699847A1
:1018000007EE900AB8EEE70A21E73A4BD3F8D43056
:1018100093ED040AB8EEC00A19E7A0F12903022BE0
:1018200000F385802F49304A01EB800002EB43131F
:1018300050ED067A93ED0C7AF8EEE77A87EE870A98
:1018400092F81031D9077FF502AFDFED307A20EE44
:10185000270AFCE6203803B0BDE83040FFF7DABCC9
:101860000020F6F7AFFE90ED020AF0E6214B93ED73
:10187000190AECE61F4B93F82D3098073FF5E5AEBB
:10188000F0E6214B93ED060AB8EE400ADFE6194B6D
:1018900093F82D30DC073FF5D8AEE3E6154B93F80F
:1018A0002C30002B7FF4D1AEDCE6124B5B7EDD07E3
:1018B0003FF5D8AEC9E60F4B5B7E9B073FF5D2AE36
:1018C000C3E60020F6F77EFE03789A073FF5CAAE1E
:1018D000BBE60020F6F776FE0378D9073FF5C2AEE7
:1018E000B3E600BF98BD00207CC1002000000000CE
:1018F000CDCC8C3FC0BC0020C02075480000C84340
:1019000034BE0020688C00204CC000203333CB4113
:101910001C4B5B79002B7FF498AEA3E6194B5B79E7
:10192000002B7FF49FAE90E69FED170A8FE69FEDA8
:10193000170A174A84E705F0010507EE905AB8EE3A
:10194000670A84E69847054605F0C003402BF2D0AD
:10195000D4F8183173B10120984700283FF41AAF2A
:10196000D4F81431984700F0010007EE900AB8EE61
:10197000670A11E7C5F3401507EE905AB8EE670AFB
:1019800065E600BFC0BC00200000C07F0000000072
:101990007CC10020F8B5DFF8D4E00E460024714683
:1019A0001E2C10F8013B01F101078CBF002201221F
:1019B000002BA3F1410508BF00225AB1202BEFD91B
:1019C000192D1A4604F1010498BF43F020020A7051
:1019D0003946E5E70A709EF8003024495F2B08BFBE
:1019E0004B78B3FA83F35B091BBB002333609EF88B
:1019F00000305F2B1FD01E4B1C681E4B00221D6841
:101A000001E0AD6A00222B1C18BF0123934210D9BC
:101A10002B68A342F5D11549281D19F0BDFC012200
:101A20000028EED16B6A33602B1C18BF0123934250
:101A3000EED81046F8BD104D3C24104902E00C3D94
:101A40007CB1E968094F013C384619F0A5FC002833
:101A5000F5D1287CFFF7A8FD012286ED000A10468B
:101A6000F8BD3B785F2BC8D0C5E700BF84A8002035
:101A700014A30020B0AC0020743F0060242E00208E
:101A8000F0B5424F00212DED028BB0EE408A83B0BD
:101A90003A461E2910F8013B02F101058CBF0026D1
:101AA0000126002BA3F1410408BF00265EB1202BC4
:101AB000EFD9192C1C4601F1010198BF43F0200415
:101AC00014702A46E5E716703B7830485F2B09D042
:101AD0001BB119F02DFE1E281CD9304603B0BDECF9
:101AE000028BF0BD4378002BF7D0294D3C242949C7
:101AF00001E038B1E968013C24480C3D19F04CFC88
:101B0000002CF6D100283AD10126304603B0BDECB6
:101B1000028BF0BD204B1F68204D2C681CB91FE0C4
:101B2000A56A65B12C4623689F42F9D11749201D4B
:101B300019F032FC0028F3D184ED098AE4E72C2067
:101B400017F0C2FF03460028C7D0181D0F490193A4
:101B500019F08CFD019B1F609D62A3621C46EBE7A0
:101B60002C2017F0B1FF04460028B6D00749201DED
:101B700019F07CFD002327602C60A362DCE703489A
:101B800019F0D6FD1E28A8D80027C5E784A8002094
:101B9000743F0060242E002014A30020B0AC00206D
:101BA000C3B2013B70B584B0052B04D8DFE803F065
:101BB00014253158730B9A4B1B68002B00F08D8055
:101BC000984704B070BD974A0024D37F43F00803C0
:101BD000D377204604B070BDF6F73EFD10F4003F09
:101BE00003A94FF0110014BF00241C24FFF740FC90
:101BF000002874D127242046ECE7F6F72DFDC0F32A
:101C0000074000F00600062800F0A1801C242046B2
:101C1000E0E7F6F721FDC1060446F7D5042002A946
:101C2000FFF726FC0028E5D0C4F30744A20740F1E3
:101C3000948003A91120FFF71BFC0028DAD0DDED0A
:101C4000027A9DED030AFCEEE77ACDED017ABDF84C
:101C50000400FFF753FC0028CCD000242046B9E74D
:101C60000AF036FD002402466F4892FAA2F3A2421F
:101C7000B3FA83F308BF4FF0FF33013300EE103A9D
:101C8000B8EEC00AFFF7FCFEB7EE000A6748FFF7A0
:101C9000F7FE20469EE7F6F7DFFC8303B6D503A9DF
:101CA0001120FFF7E5FB0028A4D0614BDDED037A9E
:101CB000D3F81831002B00F09F80FCEEE77ACDEDD1
:101CC000017A9DF804009847002893D000244FF42F
:101CD00080200EF077FB20467CE7FF2071E7DDEDEA
:101CE000037A0021FCEEE77ACDED017ABDF804001D
:101CF00009F054F8064600283FF47CAFDDED037A86
:101D0000027BFCEEE77A0588062ACDED017ABDF864
:101D10000430A3EB05056BD009F0A8F928B93046CB
:101D200009F09CF900283FF454AF2946304608F0EA
:101D300083FD07EE900AB8EE670A3B48FFF7A0FE66
:101D4000B7EE000A3948FFF79BFE204642E7394CC0
:101D5000A369F3B9262420463CE7DDED027A03A906
:101D6000FCEEE77ACDED017ABDF80400FFF780FBC9
:101D700000283FF43FAF04F0080404F0FF05002CF6
:101D800041D002A91320FFF773FB00283FF432AFC4
:101D900055E702A91120FFF76BFB0028DAD003A951
:101DA0001220FFF765FB0028D4D0DDED027AE3694D
:101DB000FDEEE77A17EE900A98470028CAD0DDEDCD
:101DC000037AFCEEE77ACDED017A9DF80430022B20
:101DD000C0D800EB83030024134893ED000AFFF7FB
:101DE0004FFEB7EE000A1148FFF74AFE2046F1E623
:101DF000294608F061FDA0E7F5EE407AF1EE10FA11
:101E00007FF4F8AE62E79DED030A2C460648FFF723
:101E100037FEB7EE000A0548FFF732FE2046D9E646
:101E2000D4A8002098BD00201C2B0020242B0020CB
:101E300034BE00204CC00020F8B51B4B16460746A8
:101E40000D462DED028B1B68B0EE408A5A1C23D044
:101E500003EB4303154A9B0003F1080413441444A5
:101E60009B68E3B1206888B13946442213F022FE12
:101E7000686822682F68A96857649064D1642368F1
:101E800083ED0F8A236883F8406020680030BDEC42
:101E9000028B18BF0120F8BD054C2368E1E75020F4
:101EA00017F012FE2060DEE7688C002018A30020E7
:101EB00060A800200B4B10B51B685A1C0ED003EB1A
:101EC0004303094C9B0003F108022344144498681F
:101ED00018B117F001FE0023236010BD034C2068E9
:101EE000F6E700BF688C002018A3002060A800203F
:101EF000074B1B685A1C07D003EB4303054A02EB50
:101F000083039868F6F7AEBB034B1868F6F7AABBD5
:101F1000688C002018A3002060A800200A4A70B432
:101F20001368082BD4BF0124002409DC01330749BE
:101F3000074E03EB43051360306001EB85035860E7
:101F4000204670BC704700BF688C002018A300209A
:101F500014A300202DE9F84F394E3568002D3BDBE6
:101F6000384F3C68DCB1DFF8E0B0DBF8000040B18E
:101F70008046D94603689C4240D08046C06800280D
:101F8000F8D1DFF8C8B0DBF8000040B18046D94690
:101F900003689C4224D08046806A0028F8D16C00F7
:101FA000DFF8AC80631908EB8303986848B190F8B8
:101FB00040308BBB2C4417F08FFD002308EB8404CA
:101FC000A360013D002D35602FDB05EB450308EBD9
:101FD0008308D8F804303B60E843C00FBDE8F88FB1
:101FE000DBF80030D0F828A0834224D0C8F828A01D
:101FF00017F072FD50460028CAD1D0E7DBF8003058
:10200000D0F80CA0834212D0C8F80CA017F064FDE1
:1020100050460028AED1B4E7F6F724FB35686C00D3
:10202000631908EB83039868C4E70023D3E7C9F872
:1020300000A0D046EAE7C9F800A0D046D8E700BF24
:10204000688C002014A30020B4AC0020B0AC0020A9
:1020500018A30020014B186801307047688C0020DD
:10206000044B93F8103113F0010F14BF0420032028
:10207000704700BF7CC10020094B1A786AB9094A31
:102080000121094830B4094DD2F820411970C2F835
:102090002051046030BCFFF70DBFFFF70BBF00BF3E
:1020A0005BBC00204CC00020D4A80020B1B80000C8
:1020B0000E4B00229A73A0B1014603F10E0010B43A
:1020C0000B4CA4FB0132D20802EB8203A1EB4303C9
:1020D0001146303300F8013D002AF2D15DF8044B7F
:1020E00070471846302300F80D3F7047B4A2002017
:1020F000CDCCCCCCB5EEC00A0023F0B53D4EF1EE10
:1021000010FAB3733C4B4CBFF1EE407AF0EE407ADC
:1021100003EB800393ED007A77EE877ABCEEE77AE3
:1021200017EE104A00284DD0B8EE477A012877EE16
:10213000C77A5AD003469FED317A023B67EE877A21
:10214000012BFAD8C30750D40138FCEEE77A2C4AA9
:102150004FF0300EC0B22B4F17EE903AC0F10C0189
:102160000E440BE0C908013A01EB8105A3EB4505DC
:102170000B4605F130015170B24208D0A7FB035164
:10218000002BEFD182F800E0013AB242F6D11C4BAD
:102190002E221B1A03F8012CD4B1581E1949A1FB99
:1021A0000432D20802EB8203A4EB4303144630331B
:1021B00000F8013D002AF2D1B5EEC00AF1EE10FAA6
:1021C0000FD4F0BD104B2E2203F8012C002CE4D1CB
:1021D000B5EEC00A3022981E03F8022CF1EE10FA78
:1021E000EFD52D2301380370F0BDB2EE047A67EE0F
:1021F000877AA9E7B4A20020400B00200000C84263
:10220000C1A20020CDCCCCCCC2A2002010B52E2182
:10221000044619F04DF890B10021204619F048F815
:1022200010F8013C0138302B05D1002200F80129BB
:102230000378302BFAD02E2B01D1002303702046D7
:1022400010BD00BFF0B50C68035D05192D2B3BD008
:102250002B2B3BD0013404445BB34FF0000EDFF86E
:1022600080C075467646774611E025BB53BB4EBB12
:10227000042B88BF092F22D8664520D806EB860696
:102280004FF0010E03EB460614F8013B73B1303BEF
:10229000092BEAD913F1020F14BF00230123AB422B
:1022A00004D914F8013B0125002BF0D1BEF1000F39
:1022B0000FD10220F0BD002BDAD01720F0BD4FF077
:1022C000010EE1E70137D3E70420F0BDAC1C6B78C9
:1022D000C2E7231A16600020013B0B60F0BD00BF6F
:1022E000999999192DE9F0410D6810F80580431965
:1022F000B8F12B0F6DD0B8F12D0F6AD001354346E0
:102300000544002B70D04FF0000C66466446E6464C
:10231000674611E0002B56D1002C54D1BEF1090FB5
:102320004CD806B1013F04EB84044FF0010C03EBE1
:10233000440415F8013B73B1303B092BEAD913F182
:10234000020F14BF00230123B34204D915F8013B47
:102350000126002BF0D1BCF1000F3DD007EE904AD2
:10236000F8EE677AF5EE407AF1EE10FA17D07E1C9F
:102370000CDA3B469FED1E7A023367EE877A5C1CCF
:10238000FADB02377B4223F001031F447B1C26D07B
:102390002FB1B2EE047A013F67EE877AFBD1B8F134
:1023A0002D0FA5EB00054FF0010008BFF1EE677A95
:1023B000013DC2ED007A0D60BDE8F08136B901370C
:1023C0004FF0010CB5E70EF1010EA7E74FF0010C3D
:1023D000AFE79D1C5B7894E76046BDE8F0819FED18
:1023E000057A67EE877ADAE71846BDE8F08100BF24
:1023F0000AD7233CCDCCCC3DB4EE400AF1EE10FA26
:102400000FD6F6EEC07A30EE670ADFED077AB0EE4F
:10241000C00AB4EEE70AF1EE10FA4CBF012000202A
:1024200070470020704700BF6F12833AF3EE047AC2
:10243000F8B520EE270A01240646124FBAFE400ADC
:10244000BCEEC00A10EE105A2544013D0CD05CB120
:1024500066B901F0C9FE044600213220002CF4D0F8
:10246000FB6B9847013DF2D12046F8BD01F0E4FB3B
:1024700008B90446E9E70AF01BF980F00100C4B28C
:10248000EAE700BF34BE00209FED1C0A00F10C03F8
:1024900073ED017AF5EE407AF1EE10FA18BFA7EE6F
:1024A000A70A8342F4D1F1EEC07A00B583B0F4EE0E
:1024B000677AF1EE10FA1AD1B7EE005A90ED026A7F
:1024C000D0ED016AB0EE670A90ED007AC5EE275AAA
:1024D00026EE256A66EEA56A67EE257A80ED026A29
:1024E000C0ED016AC0ED007A03B05DF804FB019015
:1024F00015F092FA0198F0EE407ADDE70000000056
:102500002DE9F047DFF83C810025064624224046AD
:10251000294617F04DFEC2464FF0FF332F46DFF835
:102520002891C8F80030C8F80430C8F80830C8F856
:102530000C30C8F81030C8F8143016F8014B17F0FA
:10254000B9FA204443785B071ED505EB8505A4F155
:10255000300303EB4505002CEFD1D8F81410D8F860
:102560001020D8F80C300A43D8F80840D8F80410E6
:102570001343D8F80020334823430B431343002B65
:10258000D8BF0020BDE8F0872D2C07D03A2C05D00D
:10259000542C18BF5A2C01D0002CDED1052F0CD89A
:1025A000DFE807F0313C1E171003002C18BF5A2C2F
:1025B00003D13B2D98BFC8F8005001370025002CEF
:1025C000BBD1CAE73A2CF8D13B2DF6D8C8F8045055
:1025D000F3E73A2CF1D1172DEFD8C8F80850ECE703
:1025E000542CEAD1002DE8D0D8F8102022EAE2736A
:1025F000012A19F803301AD0002213449D42DCD876
:10260000C8F80C50D9E7A5F2B273812BD5D82D2C80
:10261000D3D1A5F26C75C8F81450CEE72D2C05F176
:10262000FF35CAD10B2DC8D8C8F81050C5E7DAF865
:102630001420642AE0D012F0030F0CBF0122002204
:10264000DBE700BF08A500208C3F0060034628B1EF
:1026500000205A1E01301340FBD17047704700BF65
:10266000704700BF014B1B68185C7047B4A800207E
:1026700030B410B90D4B01225A700D4A0D4C13782D
:102680006BB92468B0FA80F3255C5B0920448D4265
:1026900018BF43F001030170137030BC7047246809
:1026A00013702044017030BC704700BF74C100201B
:1026B00054BC0020B4A80020DFF890C02DE9F04100
:1026C000BCF8B4E104460D4616461F46BEF1000FA5
:1026D00004D0BCF8B6C1E6448E452ED3FFB9DEB1B6
:1026E000BE46DFF86C80D8F8000023463444421917
:1026F00012F8011B03F8011B9C42F9D135445FB16C
:102700004219435D507843EA0023CEEB0300B0FA50
:1027100080F04009BDE8F0810120BDE8F081DFF8DC
:1027200030803146D8F800002844F5F78DFB864606
:10273000002ED8D1D8F80000E2E7034C246AA44662
:10274000BDE8F041604700BFB4A9002034BE0020BE
:10275000B4A800202DE9F04FDFF8408283B0064690
:102760000C46B8F8B4E115461F46BEF1000F05D07F
:10277000B8F8B6C1E6448645C0F0DC80002F40F0D2
:102780008380DFF8089289F80070002D00F0D9806E
:1027900000977D4A04EB050C33460021D2F800A0D7
:1027A000DFF8F0B10AEB06000195B3FA83F214F8F2
:1027B00001EB002B00F0DE805209013329B90178CA
:1027C00071450CBF114642F00101644500F801EB70
:1027D000EBD1019D89F8001035446C4AA7B19DF8F2
:1027E0000070002D40F08F8001258BF801500029EA
:1027F00000F09E80009B8AF80070C3F307205544C8
:102800000123287089F800309BF8013083B301233D
:1028100089F800305E4B1B7833B30121B8F8B4312E
:102820005C4A8BF80010002B7ED15B4804E0D3B2E9
:1028300030F823201146BAB18E4203F10102F6D1DD
:102840009B00C2189278042A0ED8DFE802F08F0DA0
:1028500084038000034401219BF80520DB7801FA02
:1028600003F313438BF80530012003B0BDE8F08F6C
:10287000D8F8B0316345CAD099F80030002BC9D1DF
:10288000012003B0BDE8F08F29462046F5F7DCFAB9
:10289000DFF8F8900023009089F80030002D7FF4D5
:1028A00078AF394BA4469DF80070D3F800A0002EF5
:1028B00065D03546DFF8DCB0B5FA85F21AF8053098
:1028C000009952090AF80570C1F30720BB420CBFFA
:1028D000134642F00103013589F800301FD0002B68
:1028E0008DD1B5FA85F31AF8052055445B09287097
:1028F000824218BF43F0010389F800309BF8013091
:10290000002B84D1B4E70029D6D001230AF8057042
:102910000099ED181370C1F307207FF470AF012206
:1029200000258BF80120DAE79E420ED200237CE7D7
:102930000D46C1E7164CE469A44603B0BDE8F04F6C
:102940006047A446DFF84CB05EE711718CE70123C5
:102950008BF8033088E703440121BBF80620DB78BD
:1029600001FA03F31343ABF806307DE701238BF83C
:10297000023079E74FF001058BF801501CE7314632
:10298000DFF810B030E700BFB4A8002054BC00202E
:10299000B4A9002074C10020F47D002034BE0020C2
:1029A0002DE9F8436D4FFC69002C00F096806C4DCA
:1029B0006B78002B74D1AB78694C002B63D1EB782A
:1029C000674C002B52D16B79654E33B1980700F1FB
:1029D000A4806B79624ED9076CD4EB88604A002BD7
:1029E0003AD04FF42A780C24DFF87C9105E0013CC2
:1029F000A8F10E08631C18D0EB88E340DA07F6D57F
:102A0000D9F8001000230E2240464144FE69B04729
:102A100001230028EBD0A340EA88013CA8F10E086E
:102A200022EA0303EB80631CE6D12B7933B14D4BD3
:102A3000B3F8B621002A40F084802A71EB88484A16
:102A400083B9937873B9137963B96B79444A4BB9F5
:102A5000D3782B70BDE8F8831379002BE7D19378F6
:102A6000002BF2D001232B70BDE8F8833E4940F2E1
:102A7000B7300023FE69096848220144B04780F05E
:102A80000100E0709FE7384901200023FE690968D2
:102A90004FF4D3720144B04780F00100A0708EE77C
:102AA00000233149012209681846A04780F001003F
:102AB000687080E723F001002B4AFC69002311684D
:102AC0004822707140F226300144A047002884D08B
:102AD000737923F0010373717FE7BB6A8BB1224DD9
:102AE00004242868984730B9013C0CD0BB6A286898
:102AF00098470028F8D01A4B00221A605A60BDE8A7
:102B0000F883BDE8F8830221184803F07DFD144BDB
:102B100000221A605A60BDE8F88323F00200124ACE
:102B2000FC69002311684822707140F26E30014444
:102B3000A04700283FF44DAF737923F0020373716F
:102B400047E70948B3F8B41100230668FC69084652
:102B50003144A04780F0010028716FE7B4A900203C
:102B600074C1002034BE0020B4A80020CC30002066
:102B700070B5184B184ED3F8AC4133689C4214D84A
:102B8000164B1C68B4F5806F1ED3204616F09CFFD0
:102B9000134B0546186020B12246FF21346017F020
:102BA00007FB281C18BF012070BD0D4BB4F5805FDA
:102BB0000A4D28BF4FF4805418682C600028E1D0DB
:102BC00016F08AFF2C68DDE7064BEA21064A074823
:102BD00016F0CCFD34BE002030910020349100204E
:102BE000B4A80020E4300020280500200431002093
:102BF00010B5094C206868B1084B1B781BB9BDE8BB
:102C0000104016F069BFFFF7CBFE2068BDE810400A
:102C100016F062BF10BD00BFB4A8002074C1002030
:102C20002DE9F041484E494FD6F8A831D7F800E0D9
:102C3000013B43F003030133C6F8A831BEF1000F96
:102C40007CD0DFF8208106F5D27544460FCD0FC445
:102C50000FCD0FC498F8003095E80700032B84E8E7
:102C600007005FD0002B31D10424394839493A4A52
:102C7000C6F8C831C6F8CC31384B86F8A441C6F83E
:102C8000B801C6F8BC11C6F8C021C6F8C431344B2F
:102C9000344C187807F020FF98F80030032B48D008
:102CA000E56945B10023B6F8B6213968184602F542
:102CB0008062A847237883BB386800222A4B801A99
:102CC0001A605A6018BF0120BDE8F081B6F8B6213D
:102CD0000023D8F82040704602F580621946A047CC
:102CE00098F8004004211A4A00231A4886F8A411D3
:102CF000C6F8B8211849194AC6F8BC01C6F8C0116F
:102D0000C6F8C421C6F8C831C6F8CC31002CBED0F4
:102D100038680378172BBAD1CFE7144B07209B688C
:102D20009847C9E77046D8F82430984798F800408B
:102D3000D8E7A36A386898472378BCE70C490D4860
:102D4000F9F730FD3868B8E734BE0020B4A8002099
:102D500075C3000081C3000065C40000C9C3000042
:102D6000DC0E0020B4A9002074C100204CC000205B
:102D70001C3100205D0301001C4B93F8A4110429B1
:102D800032D01B4A70B414685CB3B3F8B42142B9B2
:102D90004FF48065174A6119A3F8B451C3F8B01114
:102DA0001160154D821CB3F8B6112B6811440F4DFC
:102DB000A3F58063994214D20E4ED5F8B011336852
:102DC000013B43F0030301331A44181B511A3260CC
:102DD0008BB2A5F8B61103F20143C5F8A83170BC57
:102DE0007047002070BC70470020704734BE002040
:102DF000B4A800205CA8002034910020024B1B786E
:102E00000BB1FFF7CDBD704774C10020054B064ADA
:102E100093F8A40103F5D27304280CBF104618469A
:102E2000704700BF34BE0020B4A90020064A1368D2
:102E30005168013303F00F038B4203D01168136014
:102E40000A441072704700BF68A50020064A536804
:102E500011688B4206D0591C134401F00F01187AF7
:102E6000516070470020704768A50020064A13682B
:102E70005168013303F00F038B4203D011681360D4
:102E80000A441072704700BFACB30020064A536872
:102E900011688B4206D0591C134401F00F01187AB7
:102EA0005160704700207047ACB30020064A136899
:102EB0005168013303F00F038B4203D01168136094
:102EC0000A441072704700BF0CA40020064A5368E1
:102ED00011688B4206D0591C134401F00F01187A77
:102EE00051607047002070470CA400200023054863
:102EF0000549064A436003604B600B6053601360F2
:102F0000704700BF0CA40020ACB3002068A50020CF
:102F100000234FF07E520363C262436283628A6879
:102F2000CB6830B40D684C68056044608260C36053
:102F30000D694C698A69CB69056144618261C3612D
:102F400030BC704700234FF07E520363C26243627D
:102F500083627047D0ED0B6A70EE600AD0ED097A9B
:102F600086EE816A90ED047A90ED000AB5EE407A23
:102F700020EE800AF1EE10FAE0EE867AC0ED097AD2
:102F800008D0F4EEC77AF1EE10FA43DDF0EE477A9E
:102F900080ED097A90ED027A90ED016AB5EE407A03
:102FA000A6EE270AF1EE10FA12D081EE266AD0EDD5
:102FB000056AD0ED0A7AF5EE406A70EEE77AF1EE36
:102FC00010FA67EE867A1DD1A7EE870AC0ED0A0ACD
:102FD000D0ED077A80ED0B1AF5EE407AF1EE10FA9B
:102FE0000DD0B4EEE70AF1EE10FA1FDCF1EE677ACD
:102FF000B4EE670AF1EE10FA48BFB0EE670A80ED52
:103000000C0A7047F4EEE67AF1EE10FA13DDF0EEFA
:10301000667AD9E7B1EE477AF4EEC77AF1EE10FAA4
:10302000B8D5F0EE477A80ED097AB3E7B0EE670ADB
:1030300080ED0C0A7047F1EE666AF4EE667AF1EE06
:1030400010FA48BFF0EE667ABEE700BF2DE9F843FC
:10305000DFF82C91484FD9F800203C68D66DA64285
:1030600076D096ED0C7AD6ED0D7A37EE077AD6ED5E
:103070000B6AF56D67EE277AF4EEE76AF1EE10FA67
:1030800048BFF0EE667AAC42C6ED0A7A66D0DFF849
:10309000EC80EC6DD8F800309C425BD0D5ED0B7A1B
:1030A00095ED0A7A3B68B4EE677AF1EE10FA12D029
:1030B00095ED0C7A95ED0D6A77EE076A96ED0A7A32
:1030C000A6EE867AF4EE477AF1EE10FAC8BFF0EE7B
:1030D000477AC5ED0A7AA3422E462546D9D1D9F8BA
:1030E0000020236E9A4233D0D4ED0A7A002138684A
:1030F00023E0D4ED0C6A94ED0D6A76EEA66AE6EE56
:10310000867AF0EE676AF0EE477AB4EEE67AF1EE90
:1031100010FA05DDF0EE667A18460121C3ED0A6A61
:1031200093ED0B7A1C46F4EE477AF1EE10FA01D1DA
:10313000184601211B6E9A4209D093ED0A7AB4EE2B
:10314000E77AF1EE10FAD4DCF0EE477AE8E781B9DD
:10315000BDE8F88300200AF05FFA9FE7074B1B6881
:103160009C42BED100200AF057FAD9F800203C68F2
:10317000B7E73860ECE700BFA8A20020B0A20020AB
:10318000A4A20020014B1868704700BFACA2002029
:103190002DE9F047DFF83081D8F80030002B54D00B
:1031A000DFF82891404E414D3468A4B12B689C4211
:1031B00011D00027636D184613B116F08DFC6765BA
:1031C000A36D18460BB1F5F721FA32682B68146E1F
:1031D000A3423460EED1202200213548012716F0A9
:1031E000E7FFD8F800E0D9F800C04FF064086FF0AE
:1031F0006300714608FB0CF80022002A14BF044645
:103200004446624500F1C80302F10102744408BF5C
:103210000023BC4500F16400CC65734407F1010450
:1032200001F1640141F8043C2746E6D2214A012716
:10323000DEF86010204B3846C5F800E0C6F800E024
:103240001160C3F800E0BDE8F0871C4B6425DFF88F
:103250007C90DE8AC9F80060344606E0FA2C34BF60
:103260000A236423E41AC9F8004004FB0550DFF880
:1032700058A016F029FC282CB0FA80F7C8F80000F6
:103280004FEA571798BF0027002FE7D1A64205D075
:103290000B490C48F9F786FADAF80000002881D1CA
:1032A0003846BDE8F08700BFB0A20020A4A20020ED
:1032B0007CAB0020A4A80020A8A200207CC1002094
:1032C0003C3100203D030100A0A20020ACA2002060
:1032D00038B50C4D0C4B2C681B689C4211D0606DAE
:1032E00018B116F0F9FB00236365A06D10B1F5F776
:1032F0008DF92C68054A1368A342236E08BF13603A
:103300002B6038BDB0A20020A4A20020A8A20020FB
:10331000014B1868704700BFA4A20020034A044B69
:1033200010681B68834208BF00207047B0A20020CD
:10333000A4A20020054B064A1B6812681B6E93422C
:1033400014BF93ED0A0A9FED030A7047B0A2002054
:10335000A4A2002000000000044A054B10681B686E
:10336000C01AB0FA80F04009704700BFB0A2002038
:10337000A4A8002010B52DED028B037D044658064D
:1033800003D494F84420110647D5236D012094ED11
:10339000108ADB6B9847D0ED007A214B28EE277A14
:1033A000C3ED077A237DDA0716D51E4B9FED1E0A63
:1033B000D3ED057AF8EE677A67EE807A67EE877A62
:1033C000B7EE000ABDEC028BF4EEC07AF1EE10FA13
:1033D000C8BFB0EE670A10BD124AD4ED0F7A126969
:1033E000642A12D0DB0610D4B4EE677A06EE902A77
:1033F0009FED0D6AF8EE666AF1EE10FA66EE866AE7
:10340000C8BFB0EE677A27EE267AB4EEE77AF1EE1F
:1034100010FAD8BFF0EE477AD2E794ED107AC2E7FF
:103420007CAB002098BD00200AD7233C70B5194E14
:10343000194D3468286884422DED028B28D09FED09
:10344000178A2046FFF796FFB4EEC80A94ED0E7A6D
:103450002B68F1EE10FACCBF68EE087A60EE007AC5
:10346000B0EE408AB4EE677AF1EE10FA48BFF0EEA3
:10347000477AC4ED0B7A246EA342E2D1084A306841
:1034800082ED060AC01ABDEC028B18BF012070BD88
:103490000346F7E7B0A20020A4A200209976967E0A
:1034A0007CAB00207D4B5C222DE9F04F2DED028B93
:1034B0001C6889468FB07A4B0546002120461E467F
:1034C000019316F075FE4846009505F10C0A754B00
:1034D00050F8047F0DF1140B04F108089FED728A77
:1034E0004568D0F808E0C068676408AFA5640325A4
:1034F0002065C4F84CE0D9F8142000986261B9F84E
:103500001820217D6282D9F81C2011F0020FA261DF
:1035100008BF9C4699F91A206274D9F82420A26544
:10352000D9F8202062650246D0F800E09268406831
:1035300062625E4AC4F81CE018BF944620629CE8B0
:1035400007008BE807003AED010A013DD6ED1C7A31
:1035500020EE270A14F014F85BF8253002AA42F88E
:103560002500C01A00F0878080EAE073012207EE90
:10357000900AA3EBE07302FA05F1F8EEE76AC8F8E7
:103580000030E2689A4238BF1A460028E26096EDA1
:103590001C7AC6EE877AC7ED027A78DB444B444A40
:1035A0001B7823EA01031370203EA8F10408043FAE
:1035B000002DC8D13E4B1A78A36C2274002B53D037
:1035C0005A690EA9364801EB8201D3ED046A00EB7B
:1035D000421211ED097A92ED0C6AB8EEC77AC7EE85
:1035E000067A77EEE67AF5EEC07AF1EE10FA40F35D
:1035F00017819FED307AD3ED006A67EE877A86EE09
:10360000A77A84ED137AD3ED037AB4EEE77AF1EE7C
:1036100010FA39DC5A69009993ED047A01EB8202C1
:10362000D2ED007A77EEC77AF5EEC07AF1EE10FAB5
:1036300040F3F2809FED1F7AD3ED006A67EE877A40
:1036400086EEA77A83ED017AA36CD3ED037AB4EE0C
:10365000E77AF1EE10FA13DC94ED137AD3ED017AE8
:1036600077EEC77AC3ED027AE06828BB0FB0BDECF5
:10367000028BBDE8F08FC8F8000087ED028A93E75F
:10368000C3ED017AA36CE7E7C4ED137AC2E7084AF9
:103690000B4612781343064A137085E7A4A2002054
:1036A0007CC100207CAB00200000000024BE002074
:1036B000FCA40020DB0FC94000230BAD08A8C9F80B
:1036C0002030C9F82430FEF7DFFE29462B468D4A0C
:1036D0009FED8D6A84ED0D0A73ED017AF5EE407A67
:1036E000F1EE10FA0CD0D2ED1E6A86EEA77AF0EE5B
:1036F000C77AF4EEC67AF1EE10FAD8BFB0EE676A78
:1037000008A8203A8342E7D17E4A2B46DFED7E6A45
:1037100084ED0C6A73ED017AF5EE407AF1EE10FA61
:103720000CD092ED1D6A86EE277AF0EEC77AF4EEA1
:10373000E67AF1EE10FAD8BFF0EE676A08A8203AF0
:103740009842E7D1227DC4ED0F6AD6076BD490066C
:10375000D9ED007A76D4C4ED107A6C4802F00202FA
:103760006B4B00681B68834260D002F0FF03002AA5
:103770005DD10EAE674A9FED688A334671ED017ADE
:1037800008A832ED017A884277EEC76AA7EE678A09
:1037900063ED016AF2D1DFED617AB4EEE78AF1EE12
:1037A00010FA54DD0023A3632046FFF7E3FD5C4BD2
:1037B00094ED0E7AD3ED067A83ED060AB4EEE70AAD
:1037C000227D574BF1EE10FACCBF67EEA77A60EE80
:1037D000007AB4EE677AF1EE10FA48BFF0EE477A5D
:1037E0001207C4ED0B7A09D408AA03F10C0407CA26
:1037F00084E8070002AA07CA83E80700494B444847
:103800001A68116E02601960FFF720FC01200FB0EA
:10381000BDEC028BBDE8F08FDA685A60A36C1BE741
:10382000DA68E264F6E6C4ED106A96E7D3B20022E5
:10383000A262A263002BB7D001200FB0BDEC028BB7
:10384000BDE8F08F20EE270A84ED100A85E7DFED52
:10385000367AB4EEE78AF1EE10FA02D5334BA36361
:10386000A2E72846DFED288AFEF70EFE019B36ED23
:10387000017AB5EE407AF1EE10FA0CD0D3ED1E6A63
:10388000C6EE877AF0EEE77AF4EEE87AF1EE10FA17
:10389000D8BFF0EE678AB542A3F12003E7D1F7EE77
:1038A000007AB6EE007A37EEC88A28EE077AB1EED3
:1038B000C70AB4EE400AF1EE10FA1ED1114BF7EE32
:1038C000006A9FED157AD3ED017A76EEC06A237D0A
:1038D00068EEA78A03F0020368EE807ADBB287EE17
:1038E000A66AB4EEC76AF1EE10FA54BFF0EE467A5B
:1038F000F0EE477AC4ED0E7A9CE7B0EE470A14F07A
:103900008BF8DBE77CC100209976967EB0A2002080
:10391000A4A2002094AB002000000000EFFF7F3F36
:103920007CAB0020A4A80020EFFF7FBF9976967E95
:10393000024A034B07CA83E80700704724BE0020F1
:103940007CAB00200A4B0B4A1B681068834206D2EE
:10395000C01A094A801002FB00F0013870471B1A98
:10396000064A07489B10126800FB0320704700BFFF
:10397000A4A20020B0A20020295C8FC2ACA200202B
:10398000D7A3703D08B5002009F046FE064B074A54
:103990001B681268064993420B6003D0BDE80840DB
:1039A000FFF754BB08BD00BFB0A20020A4A20020B6
:1039B000A8A2002010B504460120236DDB6B9847B8
:1039C0000D4BD0ED007A93ED077AF4EE477AF1EEE5
:1039D00010FA05D0C3ED077AFFF728FD38B910BDFE
:1039E00021460A220548BDE81040F8F77FBDBDE832
:1039F0001040FFF7C7BF00BF7CAB0020C5D600005A
:103A0000264BDA7FD20731D42DE9F04180B91C6909
:103A100000293FD0042926462CD964290A4628BF0C
:103A20006422B44230D1596991421DD001250BE086
:103A300009281CD9C8281E6928BFC820044629BBEC
:103A4000B4425A6928D00D4640201C615A610CF0DE
:103A5000B9FCFFF7EBFCA0B9114FBB6B23B1A64239
:103A600001D0002098473DB9BDE8F08170471E693C
:103A70000A24E4E70522D6E7BB6B0020BDE8F0414D
:103A80001847FFF77FFFE7E70025DDE70429C4D8E3
:103A90000522C6E7BDE8F081BDE8F08198BD0020B1
:103AA0004CC0002010B528220021044616F080FBEF
:103AB0000B4B4FF0FF3093F98730A376F4F782FD7C
:103AC000084BC168627D216193F89930B3FA83F3A2
:103AD0005B0963F3410263F38202627510BD00BFAC
:103AE000C0BC002098BD0020274B70B5D3F8D03063
:103AF0009847431C18D00A2817D00D2815D07F28C6
:103B00002BD0082829D0214D2A68002A2FD0FF2A3F
:103B100037D8531C1E4C2B60A05413B12378242B90
:103B200028D000221B4B1A7070BD184D0022184C73
:103B30002B68E254207818B124281DD0092300E016
:103B4000034600221449154E1846227086F8863026
:103B50008B682A6098472B68DFE70C4A1368002BB4
:103B6000DFD0013B0A4C00211360E154D5E7202847
:103B7000D7D0CEE70122D5E720460CF005FA034660
:103B8000DFE7034CCAE700BF34BE002004A40020D6
:103B900054A700205EBC00204CC00020C0BC002008
:103BA000154B1B780BB10020704710B5044608F088
:103BB0008FFDC0B9114BDB6B1B0612D4104B93F871
:103BC00080200AB11B7E2BB121460B4817F04EFD19
:103BD000012010BD03220B49204617F047FE0028A4
:103BE000F2D1002010BD08F073FD40F22123034004
:103BF000002BDFD1F5E700BF3CBB002098BD0020C3
:103C0000C0BC00206031002010B5094C23780BB9EE
:103C1000637803B110BDFFF781FB0028FAD0054B94
:103C200004F13C0002211B6CBDE81040184700BFA6
:103C300098BD002034BE00202DE9F047B04C236C25
:103C4000002B5DD10026E36BAD4D03BBAD4E756D12
:103C500008F03EFDA84794F82030A94FDA0740F15C
:103C6000A58003F0040202F0FF07002A00F0AC80F8
:103C7000990767D508F02CFD10F0FC0F5FD1237871
:103C80009F4A002B36D000252846BDE8F0879E4F7E
:103C9000002105F13C00BB6C984780460028D5D038
:103CA00000F02003002B14BF012200222A7140F0F3
:103CB000B88010F0100F40F0A481924E18F0010F60
:103CC00040F0528218F4805F40F0458218F4005FA3
:103CD00040F03E8218F4006F40F0438218F4804FA9
:103CE00040F03C82894808EA00000028AFD008F084
:103CF000A3FEACE7557885F001052846BDE8F087BE
:103D0000814F002104F14000BB6C98478046002899
:103D100098D0E66B5FFA80F906F02006002E14BFFB
:103D200001230023237140F0F18148460CF0FCFA96
:103D3000B9F1110F40F201810023637183E709F0AB
:103D400039FD9CE7FFF7C2F80546002892D0DFF85E
:103D5000C0916D4F99F8198008E097F812329A07D0
:103D600000F13C81FFF7B2F8054670B1A02D00F0DC
:103D7000D380A12DF1D0F36D002BF3D0E8B298479A
:103D8000FFF7A4F805460028F0D199F819305FFA3A
:103D900088F29A423FF46EAF4046F4F727FCB36BCB
:103DA000002B3FF467AF2846984763E7FFF74EF8CC
:103DB00090B13D697F699038072811D8DFE800F09D
:103DC0001E272B29200F2F2DFFF760F8054600280E
:103DD0004ED194F820304BE797F8203041E7642724
:103DE000092D10D80A25FFF731F80028E3D139460C
:103DF0002846FFF705FE94F8203032E76425F2E705
:103E0000013D092DEED9C82D28BFC825EBE70A359D
:103E1000E6E70135E4E70A3DE2E71927E0E7322764
:103E2000DEE7002E00F08E81FB6E984700F0400028
:103E3000DFF8D480C5B2DFF8C890002D0CBF012395
:103E40000023237000F03B81D8F8D43098470A2033
:103E50000CF06AFA2B4B0C20DB68984716B9D7F8A0
:103E6000A0319847257885F001052846BDE8F08700
:103E70004FF0FF30B846F4F7A5FBD0F80C90D9F816
:103E80000430DF68A5F19903052B00F2B380DFE869
:103E900003F0033432412B256427FEF7F7FF054674
:103EA0000028EFD13946484607F052FFB8F1000F1D
:103EB0008FD008F00DFC10288BD14FF0FF30F4F7B5
:103EC00081FB0378DD0784D5237F0D49002B40F06B
:103ED0006981022291F820300A77C9E688F001084A
:103EE000092F04D80A27D8E7013F092FFAD9C82F8C
:103EF00028BFC827D1E70A3FF2E70A37F0E700BF3B
:103F000098BD00204CC0002034BE0020EE87FFFF8B
:103F1000C0BC00200137E3E797F81232DB077FF5DA
:103F200021AF08F0D5FB002840F0FE8008F0010327
:103F300083F0010363F3000814E79F4B23FA09F3AE
:103F400003F0010383F00105002B3FF4F5AE4FF0C1
:103F5000010A4146BB6C84F805A098489847B9F11E
:103F60000A0F00F00681B9F1110F00F0BB80944EEA
:103F70005046F36898470023924A93491370D7F844
:103F8000D4200B6090477B6C202190489847904B41
:103F9000B3F8008005E0FFF7A7FD736D4FF4807064
:103FA0009847E36BDFF82C9203F02003002B14BF3B
:103FB00001230023237005D0FB6E984718EA000107
:103FC00000F09F80E36BDB07E5D57B6C01217F4828
:103FD0009847D7F8C40003F0A9FCDCE708F078FBA9
:103FE000002840F0A88088F00203C3F3400363F385
:103FF0004108B7E6F36D002B3FF472AFE8B2984783
:104000006EE72A890120E97F63F34512AB72490606
:1040100085F820302A816870DFF8C89102D5B9F898
:104020002C30EB830022D7F8A0316A4D89F8842028
:1040300098472089C0F3002038B9D5F8E03023B183
:10404000984710B1D5F8D83098472389E2796FF3B3
:104050000823614D2381002A49D109F0F1F8584E17
:10406000002840F08B800120F4F7D6F9FFF790F894
:1040700009F04EFAFFF75CFC584959480CF0F4F887
:10408000F4F7A4FA4FF00000F4F7B0FAFEF72EFFB1
:1040900008F01EFB012805D194F880300B3B022B61
:1040A0007FF60CAEFB6E984710F0080F14BF40204F
:1040B000002008F013FBF36816209847FEE5D8F8B7
:1040C0006C309847C0057FF5C9AED8F8D43089F870
:1040D0000050984711200CF027F9394B1020DB686D
:1040E0009847BBE6364E1020F368984743E709F03F
:1040F000A7F8E870E8790CF017F90023304EEB715F
:10410000B1E7D9F848302D489847BDE508F05EF88A
:104110007B6F4FF000000126984748460CF004F9E9
:10412000D7F8A031984703E608F0D2FA10F0180F3C
:104130007FF4FCAE16E608F0CBFA10F0180F7FF40F
:1041400052AF0FE608F042F87B6F304698476BE6B7
:1041500002F0F4FBBEE502F09DFDB7E5F8F71CFEAA
:10416000C0E504F0A1FFB9E5D7F8C40003F0DEFB19
:10417000A8E5134E0C20F3689847FCE6802008F071
:104180005BFC09F017FB756D08F0A2FAA84709F06F
:1041900057F80028F5D10146BB6C0C48984748EA0F
:1041A000000860E7D8077FF514AE43F0040291F8E9
:1041B00020300A775CE500BF06040200D8BD00206D
:1041C0004CC0002054A7002004A40020D4BD00202F
:1041D0005407002034BE002098BD002024BE0020DB
:1041E0002CBD0020C0BC00202DE9F041FFF724FDCC
:1041F000344C50B92378334A23B9507880F0010009
:10420000BDE8F0810020BDE8F08108F061FAA378F4
:104210000746EBB9B7B92C4B1B78002BEAD02B4BD8
:1042200093F88030002BE5D1FEF7E8FDE2E70023AC
:104230002748284A28490370D2F8D4200B609047B9
:10424000A3785BB940F201133B40002BD2D0E2E7E8
:1042500080280CBF012300236371E8D02378002B52
:10426000D8D11E4DDFF86C80164E11E008F0E0FE4C
:1042700008F02EFA402816D095F810311B071ED4EE
:10428000FFF7DAFCA378002BC4D03378002BC1D120
:104290006379002BEAD0FFF727FC08F0C9FE08F08D
:1042A00017FA4028E8D1D8F86C3098470207E3D4D1
:1042B000D8F840304FF4004109489847DCE707F050
:1042C0009FFADDE798BD002074C10020C0BC00202B
:1042D00054A7002034BE002004A400207CC100208C
:1042E000D4BD00202DE9F04FAD4E85B096F880008A
:1042F000102800F02982AB4DEB6E9847410640F143
:104300008E800A200CF010F8A74B0C20DB68984731
:1043100096F88130A24C002B40F0C1800023DFF8DA
:10432000A482A24FDFF888B29946DFF894A21C4617
:1043300088F800303B608BF80030D5F8D0309847D3
:10434000421C43D0182800F0F3801A2800F0BC80EB
:104350000A283B6800F0B2800D2800F0AF800828E2
:1043600000F05181002B14BF1F2220228242E4DA88
:10437000292800F03C8100F32781242800F07F8168
:10438000282813D19BF8002089497AB909F0040242
:10439000002A0CBF0122002262F3410906D195F8E0
:1043A000022282F00802C2F3C0020A70FF2B8CBF07
:1043B0000122002262F30009BFD85A1C0AF8030048
:1043C0003A60D5F8D0309847421CBBD198F80030FD
:1043D0008BB1242B00F0CB8008F07AF940F2211346
:1043E0000340002B00F0BF806F4B09209B6898476B
:1043F000002388F80030FFF707FCFFF7F5FE20B92F
:104400003378674A002B40F07C816A4B002293F896
:10441000103172701B0790D507F0F2F98DE7EB6E43
:104420009847C20500F1C381624C94F814319B0691
:1044300004D5EB6E9847470400F1C181FBF740FCBF
:104440000746002840F0878194F81A3103F00303EF
:10445000032B00F0C08196F881303BB194F8103105
:1044600099060FD4EB6E9847C2070BD408F030F9C9
:1044700010F0810000F0C78196F88020484B0B2A8D
:1044800000F0A5810120464C08F028F9464B022097
:10449000DB68984796F88130002B3FF43FAF002748
:1044A00007F094FE6B6F3846984784F8817004F1EA
:1044B0003C002B6C4FF4804198472FE793B98CB1A7
:1044C00084420FD0002438E7374BD3F8F830002B64
:1044D0003FF433AF384A3349D1F8080192F88610D7
:1044E00098472AE7C4B2FFF77FFE002800F0118149
:1044F0003B68002219F0010F0AF803202CD02E4B44
:104500000B2283F8862032782549002A7FF45EAF9B
:104510004A78002A7FF45AAF2349914693F88600DF
:104520008B6801929847019A8BF800203A6004E763
:104530000024214B88F80040A1468BF800403C60E5
:1045400083F8864008F0C4F82028BBD1154B8021A1
:104550001A481B6C9847F0E6194B1A785AB9164B53
:1045600083F88620CFE71748F4F7A6F940E7154807
:104570000BF00AFD3CE7242A00F0D3805B2A40F0D0
:104580008B80094BD3F8A420002A00F085800A4BC9
:104590000B4801939047019B83F88600B3E700BF67
:1045A00098BD002034BE00204CC0002004A4002090
:1045B0005EBC00207CC10020C0BC0020D4BD002017
:1045C00054A700203CBB00205B2858D07F281AD07D
:1045D0003B287FF4EBAE09F0020202F0FF01002A53
:1045E0007FF4E4AE8BF8001049F00409DEE609F030
:1045F000040202F0FF01002A7FF4D8AE8BF800100D
:1046000061F34109D2E6002B3FF497AE013B002154
:104610000AF8031089469AF800203B60002A00F04F
:10462000C28095F802E201208C4B8EF0080ECEF38A
:10463000C00E11E0242A16D0282A09D141B909F068
:104640000402002A0ABF01220022714662F34109D6
:1046500013F8012F00207AB1292A48D0EAD93B2A41
:104660003BD05B2AF4D1002813F8012F4FF0000053
:1046700018BF0121002AEFD18BF800105DE6002B56
:104680007FF494AE012263F300090AF803008BF86B
:1046900000205A1C3A6094E608F01AF840F2211300
:1046A000034043B19AF80030252B5CD06C4B0922B3
:1046B00083F8862027E76A4B93F8862012B1282AD0
:1046C0007FF421AF65480193F4F7F6F8019B0028C9
:1046D00083F8860018BF002415E709F0020202F0F3
:1046E000FF00002AB4D149F004090146B0E709F0FF
:1046F000040202F0FF00002AAAD160F3410901463A
:10470000A6E71089C0F3C00080F0010005B0BDE845
:10471000F08F3089C0F3C00080F0010005B0BDE823
:10472000F08F4E480BF030FC4D4B2D2883F886005F
:104730007FF4E9AE0C2001930BF0F6FD494A072007
:10474000D2689047019BDEE60023474D86F8803013
:104750000BF0EAFDDCE50B200BF0E6FD414B0D20F4
:10476000DB689847D4E59AF80120002A9ED101928F
:1047700007F0AEFF40F201130340002B96D0384BF8
:10478000384993F88000019A80F00100D1F8F010C8
:1047900083F8862083F8800000293FF4B4AE0193AB
:1047A0008847019BAFE611468BF80010C5E5112044
:1047B0000BF0BAFD2B4B1020DB689847A8E50D20C5
:1047C0000BF0B2FD274B1520DB689847A0E50022CF
:1047D00083F8802056E6EB6D98470390FAF7E2FDE8
:1047E00096F89810204B0142204A3FF434AE92F8DC
:1047F00080200C2A1FD00C200BF096FD194B0720AF
:10480000DB68984784E507F069FF95F80832164F92
:104810001B0703D594F83431D80714D594F88331A5
:1048200003F0040303F0FF01002B7FF471AD104887
:10483000F7F77CFF6CE5DB6E98474005DBD5384623
:1048400007F04CFF64E5FB6E98470107E6D53B6C2B
:10485000402108489847FFF7C7FCDFE754A700202E
:10486000C0BC00204CC0002034BE002098BD0020F9
:10487000A19B0100D4BD002010B5FFF7C5F902E0EF
:10488000FEF74CFD30B1FFF7AFFC04460028F7D12E
:10489000204610BD07F01CFF0828F4D0F8E700BF41
:1048A000F8B5C31E04464FF00006A12B00F2A48009
:1048B000DFE813F02B01A2001C01A200A200A2005D
:1048C000A200B100A200A200B100A200A200A200BA
:1048D000A200A200A2001101A200A200A2001E02DA
:1048E0001202A200A200A200A200A200A200A20046
:1048F000A200A200A2000402A200A200A200A20044
:10490000A200A200A200A200A200A200A200A20097
:10491000A200A200A200A200A200A200A200A20087
:10492000A200A200A200A200A200A200A200A20077
:10493000A200A200A200A200A200A200A200A20067
:10494000A200A200A200A200A200A200A200A20057
:10495000A200A200A200A200A200A200A200A20047
:10496000A200A200A200A200A200A200A200A20037
:10497000A200A200A200A200A200A200A200A20027
:10498000A200A200A200A200A200A200A200A20017
:10499000A200A200A200A200A200A200A200A20007
:1049A000A200A200A200A200A200A200A2001C017C
:1049B000E701E101DA01CF01BE01A2009F018401FC
:1049C000690166015B014B01A200A200A20048013F
:1049D0004801480148014801480148014801A20036
:1049E000450145014501450145014501A20066011A
:1049F00066013E01A20033011F2800F282810828CF
:104A000000F07F81A24BD3F89830002B73D0204662
:104A1000984700286FD19F4B9F4F1D783F2C2AD07D
:104A20007E2C41D0212C18D085F00105B3B27E2C0C
:104A300094BF002505F00105A4F11B04B4FA84F429
:104A400064093C703BB1924CD4F894300BB13046C1
:104A50009847730718D42846F8BD25B18F4B93F8B3
:104A600010315A060DD58E4B08218E4801251B6C3E
:104A70009847B3B2E0E715B3884B93F81031590665
:104A80001DD4B3B20025D7E7854B022185481B6CA6
:104A90009847854A0021D4F8903082F88410C3B139
:104AA000012598472846F8BD8DB17C4B93F810310D
:104AB000C3F3801363F382060025B3B2BCE7784BDF
:104AC000012178481B6C0D469847B3B2B4E7012327
:104AD000F0E70125BFE7704F3B7823B1704BD3F867
:104AE000E43103B198476B4B1D7897E76F48038912
:104AF0009D0540F10D81A4F11B04674B0125B4FA1B
:104B000084F4284664091C70F8BDFCF75BF9674A19
:104B1000138943F008031381EDE7614BD3F81C318F
:104B2000002B00F0F38098475A4B5B4F1D7875E7D8
:104B30005B4B4FF400615B481B6C9847DBE7FEF76B
:104B400095F9D8E7FEF772F9D5E7544B9B8A002B0D
:104B50003FF461AF554A13891189C3F3402383F0B1
:104B6000010363F349211181C5E74D4B93F8B4303C
:104B7000012B7FF450AF00214D48F7F7D7FDBAE77E
:104B8000FEF794F9B7E7464B93F8093203F00803B0
:104B9000002B0CBF0123002363F3CB267FF43BAF34
:104BA000424A3C4813891189C3F3C01305783A4F30
:104BB00083F0010363F3C71111812FE7384B93F89A
:104BC000083203F02003002B0CBF0123002363F302
:104BD00045167FF420AF354A2E4813891189C3F357
:104BE000801305782C4F83F0010363F38611118144
:104BF00014E72E4D2A4E95F825106B6CC1F38001F9
:104C00002C480133D6F8183161F38A20B4BF002252
:104C10000122003362F3CB2018BF012363F39240DB
:104C20000BF0D0FB336C05F13C000121984762E7A3
:104C30001B4B0021204AD3F8D83011609847144B01
:104C4000D3F8DC50002D3FF456AF07F041FDA847E4
:104C500051E707F03DFD40283FF4DDAE104B402109
:104C600010481B6C984746E70D4B4FF480510D4898
:104C70001B6C98473FE70A4B08210A481B6C984772
:104C800039E7044B4FF00406034F1D78C6E600BF1A
:104C90004CC000205EBC002055BC00207CC1002020
:104CA00034BE0020D4BD0020C0BC002098BD002030
:104CB000758E0100FFFF038004A40020174B1B68C2
:104CC00023BB174A174B92F81051174F85F0400538
:104CD000C5F380151D70A1E6144D102114482B6CEE
:104CE00098470E4A0021D5F8D8301160984702E75E
:104CF0000E4BDB6E984746063FF5FDAEFCF762F8BB
:104D0000F9E684F080033F2B7FF67CAE064FEAE69F
:104D1000064B3C3001211B6C9847ECE604A40020B4
:104D20007CC100205EBC002055BC002034BE0020A9
:104D3000D4BD002070B505460E46144621463046C7
:104D400000F00CF838B914F8013B2BB12E2DF5D03A
:104D5000AB42F3D070BD012070BD00BF0378002BC3
:104D60003DD0F0B445782A2D2DD0242B00D18DB321
:104D70000C78B4B3A34205D0A3F12E03B3FA83F3A6
:104D80005B09EBB14E1C441C31462046ADB114F812
:104D9000017F2A2F18D0242D00D1DFB116F8013B56
:104DA00073B12E2D04D05B1BB3FA83F35B093BB1C7
:104DB0003D4620463146002DE9D10120F0BC704728
:104DC0001846F0BC70471D460A46811C2846F0BCB8
:104DD000FFF7B0BF0B78B3FA83F04009F1E7012089
:104DE00070472046EDE700BF00230549024605480D
:104DF00010B4054C0B7023705DF8044B104700BFD6
:104E000064BC00206431002079BC0020024B0348C0
:104E1000D3F8C030184700BF34BE002090310020C6
:104E200002680B6810881B88C01A704702680B68FC
:104E300010781B78C01A704702680B6810781B78CE
:104E4000C01A704702680B6850785B78C01A7047C8
:104E500082B0019111F007010BD0264BCA0704D58F
:104E60001A680130127800F8012C490803F1040394
:104E7000F4D19DF805302C22411C13F00703027079
:104E80000BD01C4AD80704D510680131007801F80E
:104E9000010C5B0802F10402F4D19DF806302C22CB
:104EA000481C13F007030A700BD0124AD90704D527
:104EB00011680130097800F8011C5B0802F1040256
:104EC000F4D19DF807302C22411C13F00703027027
:104ED0000BD0084AD80704D510680131007801F8D2
:104EE000010C5B0802F10402F4D1002308460B70A8
:104EF00002B07047100700204B6801334B607047C9
:104F000040694B69C01A70478368103B032B02D875
:104F10004B6801334B607047FCEEC07A17EE900A85
:104F2000FDF7C6B8DFED047A20EE270AFCEEC07A62
:104F300017EE900AFDF7BCB88B42213D70B50A4CC4
:104F40000D46D4F8C0309847092D03D8D4F8C030A6
:104F500006489847D4F8C0402846FDF7A9F82346EC
:104F6000BDE87040184700BF34BE0020941B0020ED
:104F700070B5294C05462948D4F8C0309847D4F874
:104F8000C03028699847D4F8C03025489847287918
:104F9000D4F8C060FDF78CF8B047D4F8C030204892
:104FA00098476B7FD4F8C020D8062ED413F0200F7A
:104FB0001C4B1D4818BF18469047D4F8C0301848FD
:104FC00098476B7ED4F8C020D90620D413F0200F68
:104FD000144B154818BF18469047D4F8C0301048F5
:104FE00098476B6AD4F8C0609BB128469847BCEEDE
:104FF000C00A0220B8EE400AFDF77CF8B047D4F8AA
:10500000C0300A489847002070BD0948D4E70848D6
:10501000E2E70848F2E700BF34BE0020EC31002090
:10502000FC310020283A0020E0310020003200202E
:10503000E4310020E831002070B5174C05461748D0
:10504000D4F8C0309847D4F8C03028699847D4F8CD
:10505000C030134898472879D4F8C060FDF728F885
:10506000B047D4F8C0300F4898476B6AD4F8C06096
:105070007BB128469847BCEEC00A0220B8EE400A31
:10508000FDF738F8B047D4F8C030074898470020FB
:1050900070BD0648F6E700BF34BE00200432002091
:1050A000FC3100201432002000320020E8310020C2
:1050B000F8B504466B4D002900F0BB80D5F8C03030
:1050C0006948984794F90000D5F8C060FCF7F0FFF4
:1050D000B047D5F8C03065489847237AD5F8C06006
:1050E000002B40F0A1806248B047D5F8C0305F483F
:1050F0009847E368D5F8C060187AFCF7D9FFB04745
:105100005C4A7C21637A1170002B40F08980531C2B
:10511000E1688A7A500705D55322013303F8012C40
:10512000E1688A7A970705D54422013303F8012CF8
:10513000E1688A7A160711D54C225E1C1A70E16864
:105140008A7A100740F18C80886B002800F08880F4
:105150004122023303F8012CE1688A7A970605D5CB
:105160005022013303F8012CE1688A7AD60605D56E
:105170004922013303F8012CE1688A7A500605D5EB
:105180004E22013303F8012CE1688A7AD00905D058
:105190005222013303F8012CE1688A7AD20704D540
:1051A0005622013303F8012CE168CA6B002A55D05E
:1051B00045215A1C197000217C20D5F8C030107090
:1051C00051702C489847D5F8C03060689847E3681C
:1051D000244ED3ED067AF5EEC07AF1EE10FA19DD21
:1051E000D6F8C03021489847E3680120D6F8C0704F
:1051F00093ED050AFCF77EFFB847D6F8C0301E488D
:105200009847E3680120D6F8C04093ED060AFCF702
:1052100071FFA047D5F8C030184898470020F8BD66
:105220002A21931C517073E794F90200FCF740FFA8
:105230005AE790F90000D5F8C060FCF739FFB04795
:10524000D5F8C0300E4898476068D5F8C030984708
:10525000D5F8C0300B4898470020F8BD1A46AAE799
:1052600033467BE734BE00201C320020FC31002096
:1052700018320020C4A20020AC36002000320020EA
:10528000283200203C3900201F4B00222DE9F0413C
:105290001E4E05465B793270DFF8748043BB0320F5
:1052A00095ED000AFCF726FF0146304615F0E0FFB9
:1052B0001648043516F03CFA0127B8F8003033528E
:1052C00095ED000A0320FCF715FF04460F4816F081
:1052D0002FFA2146304415F0A5FF022F02D10B48CA
:1052E000BDE8F081B8F80030043502270380E7E715
:1052F00090ED000A032030EE000AFCF7FBFE0146A9
:10530000304615F0B5FFD3E7C0BC0020C4A2002092
:10531000AC3600202DE9F041224B0022224E0546FA
:10532000DFF88C8032702DED028B9FED208A90ED9E
:10533000000A04205B7920EE080A4BBBFCF7DAFE7A
:105340000146304615F094FF1748043516F0F0F981
:105350000127B8F80030335295ED000A042020EE02
:10536000080AFCF7C7FE04460F4816F0E1F921468B
:10537000304415F057FF022F04D10B48BDEC028BCF
:10538000BDE8F081B8F80030043502270380E3E778
:1053900030EE000AFCF7AEFE0146304615F068FF1D
:1053A000D2E700BFC0BC0020C4A200208B42213D38
:1053B000AC36002008B50320FCF79CFE01460248ED
:1053C000BDE8084016F052B9C4A20020DFED067A0D
:1053D000042008B520EE270AFCF78CFE014603489E
:1053E000BDE8084016F042B98B42213DC4A200201E
:1053F00010B543790C464B7043690B7003690B6120
:1054000083688288A3F11001032994BF1B04002341
:1054100013436361C16821B1A01C16F027F920462F
:1054200010BDA170204610BD10B40B688A685C1CCA
:1054300003EB43030C6002EBC3015DF8044BFFF781
:10544000D7BF00BF0FB430B482B00D4804AB1D46C7
:1054500053F8044B14F1FF3401930CD3034655F871
:10546000041F11F8012B184603F8012B002AF8D16C
:1054700014F1FF34F2D2024802B030BC04B07047DD
:10548000C4A2002070B5094C0546D4F8C460FCF7EE
:105490000FFE074B024607490320FFF7D3FFB04733
:1054A000E36B002164209847284670BD34BE00207D
:1054B0003C3900202C3200202DE9F84F8846054663
:1054C00016F036F9441C204614F0FEFA002852D09B
:1054D00081462246294610F0EDFA2849484616F042
:1054E000C7FC0446002841D0254F01260025BA46B6
:1054F00008E02249002016F0BBFC01357600044686
:10550000002833D01F49204615F046FF0028F0D070
:10551000D7F8C0301C489847D7F8C0301B48984788
:105520002846D7F8C0B0FCF7C3FDD847D7F8C0303D
:105530001748984723788BB9B8F1000FD9D0D7F81E
:10554000C030144898473046D7F8C040FCF7B0FD4B
:10555000A047D7F8C03010489847CAE72046DAF885
:10556000C0309847B8F1000FC3D0E8E74846BDE81F
:10557000F84F14F0B1BABDE8F88F00BFAC36002088
:1055800034BE0020FC1500203C39002034320020BD
:10559000283200203C320020542B00200A68036887
:1055A0005168586815F0F8BEB1FA81F32DE9F04F53
:1055B0008B4685B01D46064605F0A4F904465846BC
:1055C00005F0E6FB8DF808606B0900258DF80900F1
:1055D0000093C0EB0B0303932389A4691D44002CA3
:1055E000FAD1022E00F09F80032E00F0A28005F079
:1055F00089F904210746284614F0D6F801900028BE
:105600005BD082464FF00008DFF83C913A89C2B186
:1056100000252E46FC68635B2C44183B9BB2012B93
:105620003ED994F82C30DB093BB9BBF1000F2FD0E9
:10563000A1789DF8093099422AD001363035B2421E
:10564000E8D8BF69002FE1D1019C04223C4B4146C0
:10565000204615F0D9F8B8F1000F0ED0043C009D9B
:1056600002AA384954F8040F013705F075FC0028E8
:1056700018BF01254745F3D10095019814F02CFA85
:10568000009B002B0CBF3520002005B0BDE8F08F3B
:10569000A36A53B100212046984730B93A89CCE734
:1056A00099F88331C3F34003BEE7CAF8004008F11C
:1056B00001080AF1040A3A89BFE7234C009EB7F8B3
:1056C00008E0BEF1000F1DD0002505EB4502F9688A
:1056D0001301CA5A0B44183A92B2012A17D993F807
:1056E0002C20D2095AB902AA18491846BBF1000F5A
:1056F00012D093F802C09DF809309C450CD00135BA
:10570000AE45E2D8BF69002FD9D10096B8E794F82A
:105710008321C2F34002E5E705F01EFC00B101263B
:10572000B7F808E0EBE70A4B0A48D3F8C0309847CF
:105730005DE7074B0848D3F8C030984757E700BFEC
:1057400031EB00004D0101007CC100201901010076
:1057500034BE00204032002078320020002946D09C
:105760002DE9F043884689B0914606460027192264
:10577000716801A816F0CAF801A8044614F8013BA4
:10578000421CA3F161057BB1202BF7D0192D1946DE
:1057900098BF03F05F010170104614F8013B421CF2
:1057A000A3F16105002BEFD1037001A94846FFF773
:1057B000D5FA38B901370C36B845D8D1002009B030
:1057C000BDE8F0830B4C0C48D4F8C0309847D4F8AF
:1057D000C03070689847D4F8C0300848984771784E
:1057E0000120FFF7E1FE012009B0BDE8F0830020B1
:1057F000704700BF34BE0020C0320020C8320020F5
:1058000070B5174C05461748D4F8C0309847AB78A8
:1058100003BB2878D4F8C060FCF74AFCB047D4F842
:10582000C030114898476878D4F8C060F2F7EEFBB2
:10583000B0472B690A4E3BB1D6F8C0300A489847AA
:10584000D6F8C03028699847D4F8C0300748BDE87A
:1058500070401847D4F8C030A81C9847D9E700BF5B
:1058600034BE0020CC320020AC36002000320020B4
:1058700000B587B06946FFF7BBFDFFF7C1FF07B072
:105880005DF804FBF8B5274C05462748D4F8C0302E
:1058900098472869D4F8C07000283ED0B847D4F89B
:1058A000C030224898472879D4F8C070FCF700FC33
:1058B000B847D4F8C0301D4898476B7F1C4E13F092
:1058C000040F1C48D4F8C03018BF30469847D4F8AD
:1058D000C030164898476B7E174813F0040FD4F871
:1058E000C03018BF30469847D4F8C0300F489847AA
:1058F0006B6AD4F8C06073B128469847FCEEC07A52
:1059000017EE900AFCF7D4FBB047D4F8C0300B4830
:1059100098470020F8BD0A48F6E76879F2F776FB69
:10592000BCE700BF34BE0020D8320020FC3100208C
:10593000D4320020E0310020183200200032002054
:10594000E831002070B54F4C05464F48D4F8C030C0
:1059500098472869D4F8C060002800F08F80B047CD
:10596000D4F8C030494898472879D4F8C060FCF78B
:105970009FFBB047D4F8C030444898476B7F444AF7
:1059800013F0040F4348D4F8C03008BF10469847BE
:105990002B7FD4F8C020C3F3C103013BDBB2022B41
:1059A00062D83D4951F823009047AB8BD4F8C02012
:1059B000C3F34413013BDBB21E2B5BD8374951F8CC
:1059C000230090476B7F364E13F0800F3548D4F894
:1059D000C03008BF30469847D4F8C0302B489847AD
:1059E0006B7E2C4813F0040FD4F8C03008BF30464B
:1059F00098472B7ED4F8C020C3F3C103013BDBB230
:105A0000022B35D8244951F8230090472B8BD4F82A
:105A1000C020C3F34413013BDBB21E2B26D81F4921
:105A200051F8230090476B7E1D4A13F0800F1D48EC
:105A3000D4F8C03008BF10469847D4F8C030134897
:105A400098476B6AD4F8C060B3B128469847FCEE1B
:105A5000C07A17EE900AFCF72BFBB047D4F8C030A1
:105A600011489847002070BD0D489DE70C48D9E7C4
:105A70003046CAE70A48A4E70C48EEE76879F2F72F
:105A8000C5FA6CE734BE0020EC320020FC31002067
:105A9000E0310020D432002068040020EC03002014
:105AA00018320020E832002000320020E8310020C7
:105AB00038B5044600880D460844FCF7F9FA0D494C
:105AC00002460D4B0320FFF7BDFC2946204604F09B
:105AD00029FE68B1094C05460948D4F8C0309847FA
:105AE0002846D4F8C0309847D4F8C03005489847C5
:105AF000012038BD00330020FC32002034BE0020DD
:105B0000C4A200203C39002038B5036A23B10B4BF6
:105B10005B699847012038BD094D04460948D5F80E
:105B2000C03098472088D5F8C040FCF7C1FAA0479C
:105B3000D5F8C03004489847012038BD4CC000203B
:105B400034BE002000330020043300208368103B63
:105B5000032B00D9704710B40B688A685C1C03EBF8
:105B600043030C6002EBC3015DF8044BFFF740BC3C
:105B700038B50C4B10B1FE28044606D100240A4863
:105B8000D3F8C0309847204638BDD3F8C050FCF752
:105B90008FFA064B024606490320FFF753FCA8473D
:105BA000204638BD34BE00200C3300203C39002094
:105BB000143300202DE9F041114D0646D5F8E4706C
:105BC000C7B188463F2115F073FB044690B1864269
:105BD00003D0811B304689B2B84708F10100D5F8DF
:105BE000C060FCF765FAB047D5F8C030601CBDE86E
:105BF000F0411847D5F8C0303046BDE8F0411847AD
:105C000034BE002070B5044640780D4605F02CF8EF
:105C100010B18DB1637803B970BD194E2846D6F81E
:105C2000C03098476068D6F8C0309847D6F8C03082
:105C30001448BDE870401847114D1348D5F8C030DE
:105C400098476078D5F8C060FCF732FAB047D5F8CD
:105C5000C0300E4898472078D5F8C060FCF728FA85
:105C6000B047D5F8C030094898476068D5F8C030CB
:105C70009847D5F8C0300648BDE87040184700BFC7
:105C800034BE00203C3900201C330020E481002079
:105C90000032002070B5154D0C4606461448D5F864
:105CA000C0309847611E032907D8DFE801F01A15B4
:105CB0001002D5F8C0300F4898473046D5F8C030AC
:105CC0009847D5F8C0300C48BDE870401847D5F863
:105CD000C0300A489847F0E7D5F8C03008489847E0
:105CE000EBE7D5F8C03007489847E6E734BE002018
:105CF0002C33002050330020003200204833002095
:105D00003C3300203433002070B50546FAF71AF80A
:105D1000A0B1466844780B4BD3F8B830984740B9E7
:105D20002DB9094BD3F8C8300BB10848984728461D
:105D300070BD21463046FFF7ADFFF1E70446034E44
:105D4000E9E700BF34BE00204CC0002078340020BA
:105D500070B50A4C06460A4DD4F8C030284698471C
:105D60003046D4F8C03098472846D4F8C030984719
:105D7000D4F8C0300348BDE87040184734BE002056
:105D800058330020AC3600202DE9F0410D4691F843
:105D90002C1017464A070CD5C1F3C301B7FBF1F627
:105DA000032800F21D83DFE810F06A00EF003C00DA
:105DB00006003E46F4E72888924C3844D4F8C08068
:105DC000FCF776F9C047D4F8C0308F489847AB78D5
:105DD0002B2B00F0168231466868FFF7EBFED4F8F3
:105DE000C03089489847A868864B002800F0F680A4
:105DF000D3F8C0309847D4F8C03083489847287B00
:105E000005F026F9092800F21981DFE810F03202C6
:105E10002D02280223022D021E02190214020F0273
:105E200013012888774C3844FCF742F9FFF790FFBC
:105E3000D4F8C03075489847AB782B2B00F0E88138
:105E400031466868FFF7B6FE7148D4F8C03098470D
:105E5000A868002800F0CC81FFF77AFF2888384432
:105E600080B205F0C1F86B4B002808BF1846FFF759
:105E70006FFFD4F8C0306848BDE8F0411847614C66
:105E80006648D4F8C03098472888D4F8C080384491
:105E9000FCF70EF9C0476248D4F8C030984795F82F
:105EA0002C20AB7812F0040FD4F8C08014BF304619
:105EB00000201844FCF7FCF8C047D4F8C03058481C
:105EC0009847AB782B2B00F0AA8131466868FFF722
:105ED00071FED4F8C03052489847A868494B10B1B9
:105EE000D3F8C0309847D4F8C0304D489847287B45
:105EF000D4F8C06005F0ACF8FCF7DAF8414FB047D1
:105F00004748D4F8C0309847286910B1D7F8C03056
:105F10009847D4F8C030424898476B69394E2BB146
:105F2000284605F09BF8002800F0EE80D4F8C03039
:105F30003B489847A869334B10B1D3F8C030984715
:105F4000D4F8C0303648984795F82C00D4F8C06093
:105F500000F00100FCF7ACF8B047D4F8C03030488E
:105F6000984795F82C00D4F8C050C0F34000FCF7D7
:105F70009FF8A847D4F8C0302A489847D4F8C030D2
:105F80002548BDE8F04118471E4C2748D4F8C030DA
:105F900098472888D4F8C0803844FCF789F8C0476F
:105FA000D4F8C03021489847AB782B2B00F02281E1
:105FB00068683146FFF7FEFD287B05F049F809289F
:105FC00000F25C81DFE810F0A500EA00F400FE00BA
:105FD00008015A015A015A015A010E012A7B511E29
:105FE000012940F25981042A00F05681002A00F06C
:105FF000F281032A7FF4FFAED3F8C0300C489847F3
:10600000F9E600BF34BE0020903400205833002051
:106010008C340020783400203C3900207C3400206F
:10602000E481002088340020DC3300203833002055
:1060300094340020D4F8C0309A489847D4F8C0303F
:10604000994898472869994B002855D0D3F8C03013
:106050009847D4F8C030944898472888934E3844DD
:1060600080B204F0C1FFD4F8C0300746002800F029
:10607000A781984795F82C30D90709D58C4B3878EB
:10608000191DD6F8C020002814BF184608469047AE
:10609000D4F8C030844898476869844B10B1D3F86D
:1060A000C0309847D4F8C0307F489847A8697F4BE4
:1060B00010B1D3F8C0309847D4F8C0307A48984728
:1060C00095F82C00D4F8C06000F00100FBF7F0FF59
:1060D000B047D4F8C0307448984795F82C00D4F8ED
:1060E000C050C0F34000FBF7E3FFA847D4F8C0302E
:1060F0007048BDE8F04118472A7B042AA9D1D3F89B
:10610000C0306D489847A4E7D6F8C0306869984712
:106110000CE7D4F8C0300026684898476B69002B1C
:1061200000F0FA80AB69002B00F0F680D4F8C030A4
:1061300063489847D4F8C03068699847D4F8C030AD
:1061400060489847D4F8C030A869984795F82C3033
:10615000DB0707D55C485D4AD4F8C030002E08BF85
:1061600010469847D4F8E430DFF84081002B3FF424
:1061700080AE2888384480B204F036FF064618B155
:106180000378002B40F0E58095F82C30DB077FF595
:1061900070AED4F8C0304E4898476AE60126D4F86D
:1061A000C0304C48984731462869FFF785F9B5E774
:1061B0000126D4F8C0304848984731462869FFF78F
:1061C0007BF9ABE7D4F8C03001264448984700215A
:1061D0002869FFF771F9A1E7D4F8C03000264048DC
:1061E00098479BE7D4F8C03000263E48984795E78B
:1061F0003D4831E63D4AD4F8C03052F82700984770
:10620000D6E63A4AD4F8C03052F827009847E2E57B
:10621000364AD4F8C03052F82700984710E6334A7F
:10622000D4F8C03052F8270098474EE6D4F8C03072
:106230002F48984702E7D4F8C0302E489847FDE62B
:10624000D4F8C0302C489847F8E6D4F8C0302B4832
:106250009847F3E6D4F8C03029489847EEE6D4F8DA
:10626000C03028489847E9E6D4F8C0302648984717
:10627000E4E6D4F8C03025489847DFE6AE68002E43
:106280003FF44CAFD4F8C030002621489847D4F8EA
:10629000C030A868984741E7D4F8C0301D489847F7
:1062A000A9E500BFD43400209034002034BE002083
:1062B000883300203C390020E8340020F0330020EF
:1062C00058340020283200205C3300207433002032
:1062D0008C330020FC3300200C340020E0350020FB
:1062E000E0330020403400207834002010070020E4
:1062F000DC340020C47000209C3400209434002042
:10630000C4340020B8340020AC340020A434002071
:1063100050340020E8330020284604F09FFE002877
:106320007FF414AF6B693BB1D4F8C0302D48984767
:10633000D4F8C03068699847AB69002B3FF406AFCA
:10634000D4F8C03028489847D4F8C030A869984796
:10635000FCE6D8F8C030254898472549304615F066
:1063600077FC074688B1D4F8C03020489847B91B5D
:106370003046BE1C89B2D4F8E430984730461C49F8
:1063800015F066FC07460028EDD13378002B3FF46A
:10639000FBAED4F8C03015489847D4F8C03030462A
:1063A000144F984795F82C30D8077FF562AD3378B5
:1063B000002B3FF4EEAED7F8C0300F489847E8E620
:1063C0000E48984795F82C30DA077FF561AED6F87D
:1063D000C0200B485BE6D3F8C0300A4898470AE56E
:1063E000044C46E5643400206C3400203C39002025
:1063F000BC78002034BE00207434002078340020A3
:106400008C330020F433002070B5547883789C429C
:106410000ED0836A0E461546044613B100219847F4
:1064200020B1324621462878FFF7AEFC012070BD2E
:1064300053688B42EDD0012070BD00BF10B5547879
:1064400083789C4208D013460C46014622461878B1
:10645000FFF79AFC012010BD53688B42F3D0012056
:1064600010BD00BF70B50546F9B10078FBF720FEFE
:106470001D4CFFF76DFC1D48FFF76AFC68681C4D5A
:10648000D4F8C030002818BF05461A489847D4F8F9
:10649000C03028469847D4F8C03016489847D4F8FA
:1064A000C0301548BDE8704018470F4C1348D4F869
:1064B000C03098472878D4F8C060FBF7F9FDB047A2
:1064C000D4F8C0300E4898470D48D4F8C0309847EB
:1064D000686810B1D4F8C0309847D4F8C030094883
:1064E000BDE87040184700BF34BE0020FC150020F6
:1064F00078340020583300203C390020F03400204C
:10650000E48100200032002070B50546F9B1007822
:10651000FBF7CEFD1D4CFFF71BFC1D48FFF718FCD9
:1065200068681C4DD4F8C030002818BF05461A48CA
:106530009847D4F8C03028469847D4F8C030164859
:106540009847D4F8C0301548BDE8704018470F4C44
:106550001348D4F8C03098472878D4F8C060FBF7C7
:10656000A7FDB047D4F8C0300E4898470D48D4F87E
:10657000C0309847686810B1D4F8C0309847D4F854
:10658000C0300948BDE87040184700BF34BE002045
:10659000FC15002078340020583300203C390020BE
:1065A000FC340020E4810020003200200C4B93F8E2
:1065B0001031DB0709D50B4B0B4A0C491A600C480C
:1065C0000C4B0D4A086013607047064B0B4A074995
:1065D0001A600B480B4B084A08601360704700BFF5
:1065E0007CC1002080A6002025F000007CA60020B1
:1065F000DDF0000035EC000084A6002099EF0000DB
:10660000C5F0000029EC000038B5074B04460D46E4
:10661000D3F8B830984700B938BD29462046BDE8C0
:106620003840FFF737BB00BF34BE0020064B10B523
:10663000D3F8B8300446984700B910BD2046002171
:10664000BDE81040FFF726BB34BE0020064B10B556
:10665000D3F8B8300446984700B910BD204602214F
:10666000BDE81040FFF716BB34BE002070B50C4CDF
:1066700006460C480D46D4F8C03098473046D4F84A
:10668000C0309847D4F8C030074898472846D4F817
:10669000C0309847D4F8C0300448BDE8704018476F
:1066A00034BE0020083500201435002000320020C0
:1066B00038B50D460021044604F070FB38B101885E
:1066C0002A46044B611A5B699847002038BD352083
:1066D00038BD00BF4CC000202DE9F04F83B082468A
:1066E0008946002604F00EF904462389A4691E4455
:1066F000002CFAD104F006F904218046304613F04C
:1067000053F80190002800F08480B8F808100029A0
:1067100000F0938053460646A346A2461F46D8F88B
:106720000C502B5B2544183B9BB2012B64D995F888
:106730002C30DB092BB9002F55D12B7F043B012BCB
:1067400051D90BF1010B30345945E8D83B46574637
:1067500083B3D8F818A0BAF1000F2BD05346B24635
:106760001E4632891AB30025A84605E0328908F191
:106770000108303542451AD9F4682C4494F82C307D
:1067800023F07F0303F0FF01002BF0D1A36A204622
:1067900013B198470028E9D0CAF8004008F1010871
:1067A000328901370AF1040A30354245E4D8B66926
:1067B000002ED6D1019C04222D4B3946204614F0E0
:1067C00023F857B1251F002401344A46294955F8BA
:1067D000040F04F0C1FBA742F6D1019803B0BDE855
:1067E000F04F13F079B9AB6A63B10021284698479E
:1067F00040B9B8F80810A4E71F4B93F88331C3F3EE
:10680000400397E735600AF1010A0436B8F808102A
:1068100097E747465EB100242546F86801354A46A9
:1068200014492044303404F097FBAE42F5D1BF69DF
:10683000002FEFD103B0BDE8F08FBAF1000F0AD0FE
:10684000D8F818A0BAF1000F0BD0019E5346274686
:10685000B2461E4685E75146054B042213F0D4FF8D
:10686000BBE72146024B042213F0CEFFB5E700BF81
:1068700031EB000019F800007CC1002030B585B074
:10688000104C114901A809F0EFFCD4F8C0300F48B2
:1068900098470F4B01A8D4F8C0501B689847A847E9
:1068A0000C4B0D4A1B890D4813F0020FD4F8C03071
:1068B00008BF10469847D4F8C0300948984705B03B
:1068C00030BD00BF34BE0020C4BD002018350020FC
:1068D00080A6002098BD0020F4370020EC3700206F
:1068E0000032002070B50F4C0F48D4F8C0309847E4
:1068F0000E4D0F4B2846D4F8C0601B689847B04730
:10690000D4F8C0300B48984715F8040CD4F8C050A0
:10691000FBF7CEFBA847D4F8C0300748BDE870406D
:10692000184700BF34BE002020350020E4BD002001
:1069300080A60020E03500200032002070B5094C10
:106940000948D4F8C0309847084B09481B68D4F868
:10695000C0509847A847D4F8C0300648BDE87040FA
:10696000184700BF34BE00202835002080A6002034
:1069700088BD00200032002070B5184C054618482C
:10698000D4F8C0302DED028B82B098472846D4F859
:10699000C060FBF78DFBB047284601A9FAF768FDF8
:1069A000D4F8C03050B90F489847D4F8C0300E48DA
:1069B0009847002002B0BDEC028B70BD0B48984791
:1069C0009DED018AD4F8C050FBF74AFBB0EE480AAF
:1069D000FBF790FBFBF71AFCA847E6E734BE002064
:1069E000303500203835002000320020FC320020F5
:1069F00030B5174C05461748D4F8C0302DED028B42
:106A000083B09847D4F8C03028469847284601A953
:106A1000FAF7C0FFD4F8C03050B90F489847D4F8FF
:106A2000C0300E489847002003B0BDEC028B30BD4B
:106A30000B4898479DED018AD4F8C050FBF710FB36
:106A4000B0EE480AFBF756FBFBF7E0FBA847E6E78A
:106A500034BE0020303500203835002000320020C0
:106A6000FC320020794B2DE9F04F93F82F3085B0A0
:106A7000002B40F0AE80764E0024B0461EE00B2C7A
:106A8000384618D0092C2CD0D8F8C070F1F7CEFBBE
:106A90000130B8470B2C29D0D6F8C0306D48984744
:106AA0006D4B01A8D6F8C0701B689847B847D6F858
:106AB000C0306A48984701340C2C17D0E7B201A9BE
:106AC000634D384603F0ACFF00287BD0D6F8C030C9
:106AD000634898470A2CD2D1D8F8C030614898470B
:106AE000DAE7D8F8C03060489847D5E7DFF8688122
:106AF000D5F8C0305D489847D8F800305C48D5F8E4
:106B0000C04098475B4EA047D5F8C03053489847DF
:106B1000B369002B00F097800124574FDFF8709184
:106B2000336A20469847824640B197F8903113F077
:106B3000040F036919D0DB43DB0FE3B90134B369F8
:106B4000A342EDD297F88231DB0779D44B4CFFF7A3
:106B5000F5FEFFF793FE94F87030002B4BD1736E67
:106B600003B1984705B0BDE8F08F002BD4BF0023D8
:106B70000123002BE2D0D5F8C03041489847DAF81D
:106B80001000D5F8C0B0FBF793FAD847D5F8C0305D
:106B90003C489847D8F800305046D5F8C0B09847E0
:106BA000D847D5F8C03037489847D9F800309AED23
:106BB000030AD5F8C0A09847D047D5F8C030274879
:106BC0009847BBE72B4B07209B68984705B0BDE86B
:106BD000F08F1F4C2C48D4F8C03098471E4BD4F887
:106BE000C0501E68F1F750FBB047A847D4F8C0303A
:106BF0001A4898473FE7154B68469979F1F7F6FB35
:106C0000D5F8C030214898479DF80230204A04EB5F
:106C10008304D5F8C08007EB43171368D4ED1D7AC1
:106C200097ED0C0AF8EEE77A87EE800A9847C0479E
:106C3000D5F8C03009489847736E002B91D191E781
:106C4000FFF750FE82E70C4F7CE700BFC0BC00207E
:106C500034BE0020E035002080A600200032002055
:106C600048350020503500204C3500205435002098
:106C70007CBD00204CC000207CC1002098BD0020BD
:106C800058350020FC310020403500205C350020C4
:106C90007CA600202DE9F041B34CB44DB448D4F8A3
:106CA000C030984728888B2840F20781D4F8C0303C
:106CB000B04898472888D4F8C0608A38FBF7F8F9BC
:106CC000B047D4F8C030AC489847287DD4F8C060AD
:106CD000F1F7ACFAB047D5ED317AA44BF5EE407A36
:106CE000F1EE10FA40F01781D3ED307AF5EE407AEC
:106CF000F1EE10FA40F00F81D3ED2F7AF5EE407AE5
:106D0000F1EE10FA40F007819C4E337E022B00F02A
:106D10000B81D4F8C0309A489847A879D4F8C0704D
:106D20001130FBF7C5F9B8479649974AE878D4F887
:106D3000C03000280CBF0846104698479349944A33
:106D40002879D4F8C03000280CBF08461046984770
:106D50008B48D4F8C0309847A878D4F8C07002287F
:106D600000F05A8180F001005D30FBF7A1F9B847CF
:106D7000337E022B00F05881EB797C4F002B40F0E2
:106D8000B880D4F8C0308348984795F82E008249DF
:106D9000824AD4F8C030012814BF084610469847EC
:106DA00095F82F30002B00F08E80D4F8C0307C484E
:106DB0009847F1F76DFA10F0070000F07481794BF5
:106DC000794AC70704D519680132097802F8011C0D
:106DD000400803F10403F4D10021D4F8C030724814
:106DE000117098472B7E002B74D10020D4F8C0700E
:106DF000F1F7E8FB0378D80700F103816B48B84747
:106E000095F88430002B40F0F7806B7E574F002BB5
:106E100000F0A480990700F12C81DA0700F12481A9
:106E2000634FFB7FDB0700F19480BB7F002B40F0BA
:106E30008B80FB7F980700F1828096F820315907FC
:106E400003D5FB7F5A0700F11A81D5F8D430D4F866
:106E5000C0701869FBF72CF9564902460220FEF76C
:106E6000F1FA414EB847544B95ED190A1B68D4F816
:106E7000C0509847514902460220FEF7E3FAA8475E
:106E80000020F1F79FFBC3689B7ADB070FD500203A
:106E9000D6F8C050F1F796FB90ED020A0020FBF700
:106EA00029F9474902460220FEF7CCFAA847D4F850
:106EB000C0304448BDE8F0411847D4F8C060FBF743
:106EC000F7F8B047FDE6D4F8C0303F4898472B7E2E
:106ED000002B8AD0032B00F0E18000F2BB80012B55
:106EE00000F0D780022B80D1D4F8C03037489847C3
:106EF0007BE7D4F8C03036489847FB791A4A012B13
:106F00003FF443AF33493448D2F8C020022B08BFC6
:106F10000846904739E7194ED4F8C0302F489847B3
:106F2000337E022B7FF4F5AE68792D492D4AD4F8D3
:106F3000C03000280CBF084610469847E9E6D4F850
:106F4000C0302948984778E7D4F8C0302748984798
:106F50006FE7D4F8C0302648984766E7D4F8C030C9
:106F6000244898475CE700BF34BE0020C0BC002026
:106F7000B4350020BC350020603400207CC10020E6
:106F8000C8350020743500206C3500208435002081
:106F90007C350020CC350020AC350020A435002005
:106FA000DC35002010070020C4A20020BC1E0020F9
:106FB00098BD00203036002084A600203436002002
:106FC0003836002000320020E4350020F43500205F
:106FD000D43500209C350020A0350020C03500208D
:106FE0006835002064350020203600201836002047
:106FF000103600200C360020D4F8C0302B489847BB
:1070000003E70020F1F7DEFA0278294B12F0020FB5
:10701000284808BF1846F2E65F20FBF749F8B84752
:10702000337E022B7FF4A8AE0020F1F7CBFAC368C1
:107030009B7ADB077FF5A0AE0020D4F8C070F1F793
:10704000C1FA1D4A1D4B4078002814BF104618464F
:10705000B84791E61E2B17D03C2B7FF4C6AED4F870
:10706000C03017489847C0E6D4F8C0301548984754
:10707000D6E6D4F8C030144898477B7ECDE6D4F8E5
:10708000C03012489847E0E6D4F8C030104898471E
:10709000ABE6D4F8C0300F489847A6E6D4F8C03025
:1070A0000D489847A1E60D4A96E600BFC41E002091
:1070B000AC1E0020B41E0020943500208C3500202A
:1070C0000036002008360020CC1E00202836002084
:1070D000F8350020F0350020EC350020C4A2002057
:1070E00070B50B4C0D46D4F8C060FAF7E1FF094BC0
:1070F000024609490320FEF7A5F9B0472846D4F80F
:10710000C0309847D4F8C0300448BDE870401847F4
:1071100034BE0020FC3200203C3600203C390020E8
:1071200070B50A4C06460A480D46D4F8C030984758
:107130003046D4F8C0309847D4F8C0300548984756
:10714000054B28469B68BDE87040184734BE0020B8
:1071500040360020E03500204CC000202DE9F04FE3
:10716000C54C9DB00546C548D4F8C0309847C448C2
:10717000D4F8C060FAF79CFFB047D4F8C030C148DB
:1071800098472846D4F8C0309847D4F8C030BE4855
:107190009847002004F024FDBC4B024693E803000E
:1071A0000390ADF810101AB1937AD90700F18F82CD
:1071B0000DF1110194F812324E209B07087000F176
:1071C0007D824B1CB24E96F82001C70703D5502193
:1071D000013303F8011C96F882110D0703D55A25D7
:1071E000013303F8015C8F0703D54825013303F809
:1071F000015C96F81A512D0703D55425013303F885
:10720000015C96F81451EF0603D54125013303F8CC
:10721000015C1AB1927A950740F1548296F8A92040
:10722000D20703D53022013303F8012C94F8002251
:10723000D70703D55322013303F8012C450703D5A3
:107240005222013303F8012C480703D44C220133A6
:1072500003F8012C94F80822110703D52B220133DF
:1072600003F8012C96F80D21D20703D457220133DD
:1072700003F8012CD4F8A020002A00F00A83322160
:107280005A1C19702C2103AD4FF0000AD4F8C030FD
:107290001170284682F801A09847D4F8C090FBF7F7
:1072A00071FFDFF81882FAF703FF774FC847D4F869
:1072B000C03078489847A06AD4F8C090FAF7F8FE32
:1072C000C847D4F8C030734898470320D4F8C0901A
:1072D000FAF7EEFEC847D4F8C0306E489847D8F8A1
:1072E0001800D4F8C090FAF7E3FEC8473846D4F83F
:1072F000C0309847FBF78AFDD4F82831814698477B
:10730000654B019093E8030003900320ADF8101043
:10731000FAF7CEFE0146284613F0AAFF5F493A234A
:1073200028460A688DF812304B6892F800E08A68A7
:107330008DF813E01B78D4F8C0B08DF814301378B2
:107340008DF816A08DF8153014F0F2F90346386860
:107350002F46E8502846D84796F81021504B12F097
:10736000400F504ADFF858E118BF134696F882A143
:10737000D3F800C01AF0010F4FEA1C4BBEE80F0013
:107380000FC78DF81EB0ADF81CC040F05382D4F882
:107390001431394F002B00F09282D7F818311BB30B
:1073A000284614F0C5F997F8032286463E4B02F0B2
:1073B000020102F0010297F8027241EA820203CB55
:1073C00005EB0E0345F80E0042EAD7105960FAF7B4
:1073D0006FFE0746284614F0ABF93946284413F0EF
:1073E00021FF2C4B1B88038094F808723B0600F1A8
:1073F0004882B80600F1D481F90600F1DB817A06F3
:1074000000F1E28194F80272FB0700F1E981337E1A
:10741000022B00F0F381BF0700F10182D4F8E431C0
:1074200043B1284614F084F9204B02462F1803CBB1
:10743000A8507960019B002B00F035811C4B1D4941
:10744000019A022A18BF1946284613F011FF94F832
:1074500001329E0700F10982284614F069F9164AA4
:1074600003462E1894F8031210681279E850480762
:10747000327100F1F28125E034BE00207836002020
:1074800083013501E03500200032002084360020E1
:107490007CC10020AC3600208C3600201007002074
:1074A0004836002044360020BC360020EC36002050
:1074B0004C36002058360020F83600204CC0002002
:1074C00094360020F0F752FC002840F0BB8128469B
:1074D00014F02EF91CAB0138184410F8643C2C2B26
:1074E00000F0CB81D4F8C03028469847D8F86030F7
:1074F0000120984E9847D4F8C03097489847D4F860
:10750000C03096489847D4F8C03095489847B4F8AA
:107510000832DA0B40F0E180002B00F0DE8096F8B4
:1075200008022E468F4A00F00800C0B2D90707D5DE
:107530001178202904D0442900D108B131700136D6
:107540005B0802F10102F1D10027D4F8C0302846CF
:1075500037709847D4F8C0307F48984799F8003082
:107560007C4E13F0FB0F40F0C980636B794D7BB10B
:10757000D5F8C0307C4898476B6BD5F8C060984709
:10758000800AFAF795FDB047D5F8C030774898479C
:107590006368704D5BB1D5F8C03075489847D5F831
:1075A000C03068689847D5F8C0306B489847A368E2
:1075B000684D5BB1D5F8C0306E489847D5F8C030FB
:1075C000A8689847D5F8C03063489847E368614D8C
:1075D0005BB1D5F8C03068489847D5F8C030E86846
:1075E0009847D5F8C0305C4898476369594D5BB1FE
:1075F000D5F8C03061489847D5F8C03068699847D9
:10760000D5F8C03054489847E36A524D002B66D1F4
:1076100000210120F6F7D2FB012105460846F6F7C6
:10762000CDFB002106460846F6F7C8FB01210746B8
:107630000020F6F7C3FB814615B90EB907B958B358
:10764000D4F8C0304E4898472846D4F8C050FAF7CE
:107650002FFDA847D4F8C0304A4898473046D4F8A0
:10766000C050FAF725FDA847D4F8C03045489847E0
:107670003846D4F8C050FAF71BFDA847D4F8C030FC
:10768000404898474846D4F8C050FAF711FDA8473B
:10769000D4F8C03030489847D8F860300020984778
:1076A0001DB0BDE8F08F337F042B3FF4D0AED4F88B
:1076B000E030002B3FF4CBAE3349C5E64D208B1CA8
:1076C00048707FE54422013303F8012CA6E55623D8
:1076D0000DF112018DF811306CE52E4634E7D5F826
:1076E000C0302A489847E86AD5F8C060FAF7E0FC4D
:1076F000B047D5F8C0302648984789E7D6F8C0305B
:107700002448984796F8A4318DF80C70042B00F0AB
:10771000E58099F80020032A00F0CF801E4B1F4E11
:10772000022A18BF1E46284614F002F831462844A3
:1077300013F078FD0346D4F8AC01002840F0AB808C
:107740002846D4F8C0309847D4F8C030024898474B
:107750000BE700BF34BE00200032002010370020AD
:1077600028370020E00E00204C3700205C37002036
:1077700064370020703700208437002098370020BD
:10778000B8370020AC36002054360020A037002047
:10779000B0370020343700206036002070360020DB
:1077A000284613F0C5FF514A0346F9061068E85011
:1077B0007FF525AE284613F0BBFF4D4A03461068FF
:1077C0007A06E8507FF51EAE284613F0B1FF494A0D
:1077D000034694F802721068E850FB077FF517AE75
:1077E000284613F0A5FF444A034629181068127969
:1077F000E850337E0A71022B7FF40DAE284613F059
:1078000097FF3E4B2A180146B3F804E0BF071868FB
:107810009B796850A2F804E093717FF5FFAD28468C
:1078200013F086FF364A0346291810681279E8508B
:107830000A71F3E5334B18689B88CDF81E00ADF84C
:107840002230A4E5284613F073FF2F4A0346291877
:1078500010681279E8500A7139E604332B4AE918A6
:1078600010681279E8500A712CE6284613F060FF80
:10787000274A03461068E850EEE5002300F8643C10
:1078800030E6284613F054FF224A03461068E850B9
:10789000AFE51A46F6E4204A800A12881A80FAF701
:1078A00007FC0646284613F043FF3146284413F0F0
:1078B000B9FC1A4B1B88038042E7194E33E7284670
:1078C00013F036FF174B2A18864697F8087203CB39
:1078D0001B7845F80E00137251608AE5284613F0B4
:1078E00027FF114B1B882B5213E700BFC83600201F
:1078F000CC360020D0360020D4360020DC360020E4
:10790000E4360020A8360020083700200037002089
:10791000F4360020C43600206034002048370020B0
:1079200068360020B0360020443700202DE9F04FA3
:10793000DFF8B89091B0044608F03EFDD9F8143154
:107940000546002B00F04C8298478046C8F381130F
:107950000393C8F34003049308F0010302931C4807
:10796000A04704F0B5FE1B4BB0F10802074693F8A0
:10797000843018BF01229A42C0F0B284102800F06F
:10798000B48435D8022800F0A38440F23082042861
:1079900000F09484082840F05D840F4B0F4800935A
:1079A000A047009B0E4E93F83820D2B2012A00F077
:1079B00067850C4A1B891178002900F037850298E9
:1079C0009B06107000F1358548B30748A04726E0B4
:1079D00008380020C0BC002098BD002014380020CA
:1079E0007CC1002067BC00201838002034BE002075
:1079F000802800F02D8400F23682202800F0638475
:107A0000402840F02784BB4BBB4E93F82800FAF780
:107A10004FFBBA4902460220FDF714FDA047B849C2
:107A200007A808F021FC96F80D31C3F3401363F367
:107A3000D345002B40F05E8296F80CA11AF0010AA3
:107A400040F022820AAB00940DF11C0B1C465046FC
:107A50000121F0F733FCDBED007A0AF1010AA4EC16
:107A6000010A37EEC00ABAF1030FABEC010AEED1FE
:107A700096F80C31009CD90700F10682A148A04776
:107A8000A14B07A8DFF870A21B689847A04796F89B
:107A90000C319A0700F16C825B0700F157822803D2
:107AA00000F14C820020DFF850A204F099F8836ABC
:107AB0008346984796F80C318DF80000190731D5A8
:107AC0009BF80A3013F0010F904B00F00E83D3F8AF
:107AD00000A006F05BFBD0478D4902460220FDF76F
:107AE000B1FCA047009B13F0010040F05F84FAF75F
:107AF000DFFA884902460220FDF7A4FCA047DBF824
:107B00003C306BB10120984790ED000A0FF038FD32
:107B1000FAF7CEFA7F4902460220FDF793FCA04710
:107B200096F80C31DA0600F15F8203F0400202F0B1
:107B3000FF01002A00F0AA81774A1378002B00F099
:107B4000BF8105F0400101F0FF00002940F0B8813D
:107B5000013B60F38615DBB21370092B40F2C28241
:107B6000002F40F0BF82092196F80C31117003F00C
:107B7000200303F0FF08002B00F09181674A13787F
:107B8000002B00F08F81C5F30021002940F08A818D
:107B9000013B61F30825DBB21370002F40F08D81AB
:107BA000092B40F28A810923884613702DB95C4B5A
:107BB00093F88430002B00F0F080C5F3072A1AF008
:107BC000010F0ED096F80C3113F0010F0AAB40F004
:107BD0001E8302935348A0474B4B02981B6898475B
:107BE000A0471AF0020F40F0D882EFB27A0600F1F7
:107BF000B38217F0B00B04D1494B93F88430002BBB
:107C00003AD0D9F878309847474B9DF8002047493B
:107C10000B60D30740F1788212F0020F01F10403E8
:107C20000CBF4FF0530E4FF0430E81F803E0920665
:107C300007D599F80122910703D54522013303F8AE
:107C4000012CC0B2C20703D54622013303F8012C30
:107C5000800703D54D22013303F8012C304A92F8F6
:107C60008420002A40F0528227F07F0B5FFA8BFBC2
:107C700000222E481A70A047B90700F153822C4BFE
:107C80002B4083B1B38A73B11A4B2A4A19892A4807
:107C900011F4007F009318BF1046A047009B1B897A
:107CA0009B0500F19183F80709D5124B234A93F8FD
:107CB0008400234B00280CBF10461846A0477907C4
:107CC0004DD50C4B197B29B996F8822112F0220F61
:107CD00045D0072193F8482002200093DFF86CE09C
:107CE00031EA0203174A184918BF7246FDF7AAFB8A
:107CF000A0472DE098BD00207CC10020483800201E
:107D000024BE0020D437002080A6002084A60020B6
:107D100078380020AC36002064BC002079BC0020FC
:107D2000C0BC00208C3800207C413A00C4A2002056
:107D300001000080DC370020E4370020F03700200D
:107D4000E8370020A01B0020AC380020941B002046
:107D500096F88221009B12F0020F40F007833A0749
:107D600002D5337E022B49D0BBF1000F52D16B03F9
:107D70005ED41AF0800F67D11AF0080F0DD0854B32
:107D8000586C471C09DB00F0FC82FAF791F9824934
:107D900002460220FDF756FBA047804BD3F88830FF
:107DA00013B1294620469847C5F3076020F07F00AD
:107DB00010F0FF0040F0B88096F80D319E0700F1FA
:107DC000F4817748A047002008F0FCFA18F0010F72
:107DD00003D04FF4807008F0F5FA11B0BDE8F08FD1
:107DE000002201239046039202920493B7E50028F3
:107DF00040F0E4826B48A0476B4E10E66B4B6C4A38
:107E000058796C4B00280CBF10461846A047BBF1B0
:107E1000000FACD0654BD3F8D4301869FAF748F9A5
:107E2000654902460220FDF70DFBA0476B03A0D574
:107E30000398FAF73DF9614902460220FDF702FB7B
:107E4000A0471AF0800F97D0524B93F87000003083
:107E500018BF0120FAF72CF9594902460220FDF714
:107E6000F1FAA04788E7B0F5807F40F03682002D18
:107E70004D4E80F2D582474B93F88000002840F0A9
:107E8000DC825048A047CAE54F48F8E503F02003DC
:107E900061F3861503F0FF08002B7FF46FAE68F3E3
:107EA000082583E617F07C0845F4807500F0C08152
:107EB0001D23002D137080F2C0814FF0000875E67D
:107EC00017F07C0F45F0400500F007811323002DCB
:107ED0001370FFF642AEE80600F17482009901F0DB
:107EE000010161F30415A90640F1B182012161F39A
:107EF000451532E6FBF712FA002814BF01230023D0
:107F000063F3D3453FF498AD00F11C0307A9283073
:107F10000DAAB3EC017AF1EC017A834277EE677A2D
:107F2000E2EC017AF5D187E52848A047194B5B7947
:107F3000002B3FF446AF2648A04742E72548A0471C
:107F4000254B0DA81B689847A047ABE5FBF7E6F962
:107F500000283FF4A4AD806900287FF7A0ADFAF7B0
:107F6000A7F81E4902460220FDF76CFAA04796E5E5
:107F70001B48A047FBF7E6FCFAF79AF8A047194818
:107F8000A047D9F8BC309847FAF792F8A0479AF87A
:107F90000C3181E598BD0020C03800204CC0002085
:107FA000E43800200C3800207CC10020C0BC002038
:107FB00000380020F8370020B0380020B438002006
:107FC000B838002038380020CC370020D0380020C6
:107FD000DC3800207038002080A60020683800209F
:107FE00060380020AC360020029B63F30008D9F80B
:107FF0005C309847049A069062F34108F7F7D2F98B
:10800000039A5FFA80FAD9F86C3062F387189847C0
:10801000029B024688F00208DFF848E363F38E32E1
:10802000B94BC8F34008C5F38071188968F3C712CB
:10803000BEF800E0DFF83083C2F3800C1EEA000FC8
:108040004CEA010161F3820218D098F80812880600
:1080500004D41889C0F3801060F34512C80604D414
:108060001989C1F3001161F3041299F80912090783
:1080700004D41B89C3F3C01363F3CB22BAF1000FFE
:1080800000F0EB80500500F17F81A04993B2A04A37
:1080900003C9964610600EF8041F1AF0070A0ED0A6
:1080A0009C491AF0010F05D00A680EF1010E1278F2
:1080B0000EF8012C5FEA5A0A01F10401F1D1002205
:1080C0008EF80020002B40F06F81002390488EF83E
:1080D0000030A04796F80C3127E50923002D1370D6
:1080E000BFF6F9AE96F80C3141E51B68059306F032
:1080F0004DF8059B9847884902460220FDF7A2F9F2
:10810000A0479AF80C310DE5CB1C90E527F07F02D3
:1081100002F0FF0B002A7FF4ABAD5422013303F8C9
:10812000012CA5E5F0F7B4F810F0070000F0B481D9
:10813000784B7749C20704D51A680131127801F8E3
:10814000012C400803F10403F4D1002373480B70A1
:10815000A0476F48A04792E56B4B18690293F9F767
:10816000A7FF6F4902460220FDF76CF9A047029B6A
:108170005869F9F79DFF6B4902460220FDF762F945
:10818000A047DBF80430D868F9F792FF654902464A
:108190000220FDF757F9A0472BE56348A047634B42
:1081A000187DF0F743F8A0471FE5F0F70BFA5F4A98
:1081B0005F4BD2ED197A114693ED007AF4EE477ACF
:1081C000F1EE10FA72D15B4A90ED027AD2ED006ABC
:1081D000B4EE667AF1EE10FA00F0FB80D1F8D4101C
:1081E000554E0F69C3ED007A376082ED007AD9F8F9
:1081F00040304FF480515148984768057FF5E1AD14
:10820000D9F840304FF400514C489847D9E51F4603
:108210000293002304943C461F463846013701214F
:10822000F0F74CF8032FA4EC010AF6D1049CD1E43A
:108230000923002D1370FFF6B9AC414B2B40B3F16D
:10824000005F3FF43AAE6FF308254FF00108ADE44C
:108250003C48A0473C4EFFF7E2BB93B2002B3FF4F3
:1082600039AF2A491A462A4B03C99E4618600EF8B0
:10827000041F130416D499F80802344B00F00800C8
:10828000C0B2D10709D51978202906D0442900D1D8
:1082900018B18EF800100EF1010EC2F34F02013337
:1082A000002AEED100238EF800300EE7D2F8D42059
:1082B00090ED027A1769204E1E4A93E72448A047A2
:1082C000214EFFF7ACBB2348A0471F4EFFF7A7BBCB
:1082D0002148A0471C4EFFF7A2BBB0F5007FB9D1E3
:1082E0001E48194EA047FFF79ABB074B164E93F84E
:1082F00029000138F9F7DCFE194902460220FDF792
:10830000A1F8A047FFF78BBB98BD00208438002060
:10831000C4A200201007002080380020A4380020CC
:108320009C380020AC36002094380020C0BC0020CF
:1083300084A500201CB40020FCBA0020D4BD00207D
:1083400040000020503800207CC10020E00E0020BA
:1083500028380020243800204038002058380020D9
:108360001C380020F07D002034BE002093F8480027
:10837000F9F79EFE494902460220FDF763F8A0473F
:10838000EDE44748A04708E593B2002B3FF4A2AEC6
:10839000DFF830C152054349E64603C94EF8040BE5
:1083A0008CF804107FF579AE1A4662E7DBF80430EA
:1083B00093ED010A0FF0E4F8FFF799BB01283FF4B1
:1083C00056AD47E701218CE5B08AF9F771FEA04769
:1083D00069E4D1F8D400344E0769306887427FF4ED
:1083E00001AFD1ED317AF5EE407AF1EE10FA08D115
:1083F000D1ED307AF5EE407AF1EE10FA08BFD1ED0A
:108400002F7AF5EE407A294A1378F1EE10FA14BF6C
:1084100001210021994225D083F001031370E6E683
:1084200096F80D3158077FF52CAD24E599067FF5B8
:10843000F6AA1F48A047FFF7F2BAF9F739FE1D491F
:1084400002460220FCF7FEFFA047FFF7E8BAD9F882
:10845000783002929847C0B2029A011C137818BF74
:10846000012144E544221449144811F00BFE002870
:108470003FF4C3AE4422104910480DF01BFBB6E692
:1084800096F80D1109077FF594AA1B890C490A700B
:108490009A06CED4FFF799BA0A4956E6AC360020C0
:1084A000C838002084380020FCBA002059BC0020C5
:1084B000EC37002030380020C0BC002008A7002086
:1084C00067BC0020C4A2002040F27E33994212D043
:1084D00070B50C4606460021204602F05FFC40B114
:1084E0000288A2F11803012B08D990F82C50ED094D
:1084F0005DB1352070BD1146FDF756B8064B93F8B7
:108500008351C5F34005002DF3D10146A21A304630
:10851000FDF73AFC284670BD7CC100202DE9F041F2
:108520000D4606460021284602F038FC48B1038873
:108530000446183B9BB2012B21D990F82C30DB0963
:1085400013B10020BDE8F0812846234F02F04CFD16
:10855000804646B3204DD7F8C030B8F1000F31D077
:108560004046984794F82C30DA070ED4002EE8D114
:10857000D7F8C030194898470020BDE8F081184B63
:1085800093F88331C3F34003DAE7164B98F8000001
:10859000191DD5F8C020002814BF1846084690477A
:1085A000002ECED1E4E7D7F8C0300F4898472846D0
:1085B000D7F8C050F9F77CFDA847D7F8C0300B4872
:1085C0009847C7E70A48984794F82C30DB07CDD581
:1085D000D5F8C0200748E2E734BE00200032002072
:1085E0007CC1002088330020E8380020E48100208E
:1085F000783400208C3300202DE9F0412B4F0646C3
:10860000FB6F98470446002E4AD100252388A468B2
:108610001D44002CFAD1FB6F9847042104462846DC
:1086200011F0C2F8074648B3014623884BB1002336
:10863000626802EBC302013341F8042B22889A429C
:10864000F6D8A468002CF0D1194B042229463846EC
:1086500012F0DAF84DB1A7F104080134314658F8A8
:10866000040FFDF751FFA542F7D1384611F034FA57
:108670000020BDE8F081A468002CF9D02388002BED
:10868000F9D000256068314600EBC5000135FDF7E3
:108690003BFF2388AB42F5D8A468002CEED1E7E776
:1086A000044B0548D3F8C0309847AEE74CC00020D3
:1086B0003DEB000034BE0020F83800202DE9F041E9
:1086C0002C4F0646D7F8803098470446002E4BD1F1
:1086D00000252388A4681D44002CFAD1D7F88030E7
:1086E000984704210446284611F05EF8074648B32F
:1086F000014623884BB10023626802EBC3020133B9
:1087000041F8042B22889A42F6D8A468002CF0D1B4
:10871000194B04222946384612F076F84DB1A7F1DC
:1087200004080134314658F8040FFDF79BFEA542BA
:10873000F7D1384611F0D0F90020BDE8F081A468E7
:10874000002CF9D02388002BF9D000256068314631
:1087500000EBC5000135FDF785FE2388AB42F5D857
:10876000A468002CEED1E7E7044B0548D3F8C030ED
:108770009847ADE74CC0002049EB000034BE002014
:10878000403900202DE9F04780460F46002602F0D0
:10879000B9F8437880691E440028FAD102F0B2F893
:1087A00004210446304610F0FFFF0546002847D05C
:1087B000814694F801C0BCF1000F1FD0002086460E
:1087C00063682A6803EB000A9AF801105AB15378DB
:1087D0008B4248D02A4602E05B788B4243D052F865
:1087E000043F002BF8D1C9F800A009F1040994F85E
:1087F00001C00EF1010E0C30F445E1D8A469002C43
:10880000D7D11A4804221A4B3146B8F1000F18BFCD
:108810000346284611F0F8FF4EB1A5F104080134D3
:10882000394658F8040FFDF7EDF9B442F7D1284660
:1088300011F052F90020BDE8F087A469002CF9D0AE
:108840006378002BF9D000252E4660683946013642
:1088500028440C35FDF7D6F96378B342F5D8A469FE
:10886000002CEDD1E6E7013EC3E700BF55EB000069
:10887000ADF2000038B50478002C35D0054602462C
:10888000A4F161032146192B98BF04F05F01117018
:1088900012F8014F002CF3D122492846FCF75EFA6A
:1088A000044628B1204B9B6E03B19847002038BD89
:1088B0001E492846FCF752FA48BB02F023F82A4624
:1088C000044641784068FCF749FF0028EED1A469CE
:1088D00014B363682A461846002BF8D06178FCF779
:1088E0003DFF0028F3D0E1E7114D1248D5F8C03024
:1088F0009847D5F8C03010489847D5F8C0300F4891
:10890000984720460E49FFF73DFF002038BD21461D
:108910000120FCF749FEC9E7054B0A48D3F8C030EF
:108920009847C3E7B03900204CC00020BC39002074
:1089300034BE00208839002098390020A439002056
:1089400060340020C8390020F8B5194B194E1A4D73
:10895000B6F88640194F0FCB07C52B70E30B14D127
:108960009CB197F80812164B01F00801C9B2E20752
:1089700007D51A78202A04D0442A00D109B12A70D8
:108980000135640803F10103F1D128462C23D6F800
:10899000881000F8013BFCF75BFAD7F8C0300648B6
:1089A0009847D7F8C030074898470020F8BD00BF67
:1089B000D039002098BD0020C4A2002034BE002081
:1089C000E00E00200032002070B50D4B82B00D4E3D
:1089D0000D4D344693E80700EB6D03C422709847B1
:1089E00001462046FCF734FA3046D5F8C0309847A7
:1089F000D5F8C03005489847002002B070BD00BFD0
:108A0000E0390020C4A2002034BE00200032002043
:108A100030B5234C83B0636E984722490346224AFF
:108A2000ADF8040003C982E8030013F0070002F167
:108A300007020BD01D4BC50704D519680132097810
:108A400002F8011C400803F10403F4D19DF805303D
:108A50002C20511C13F0070310700BD0134AD807B9
:108A600004D510680131007801F8010C5B0802F1AF
:108A70000402F4D194F810020D4A0E4BD4F8C05001
:108A8000002818BF134608481A889B780A808B7004
:108A9000A847D4F8C03008489847002003B030BD3C
:108AA00034BE0020F4390020C4A2002010070020AA
:108AB000EC390020F039002000320020F8B54FF0EA
:108AC000FF302DED028BEFF77DFDC368DB6B002BD4
:108AD0003FD0054602209847204CEB6890ED038A72
:108AE0000020DB6B98470646D4F8C0301C489847F6
:108AF0007069D4F8C070F9F7DBFAB847D4F8C03021
:108B000018489847B069D4F8C070F9F7D1FAB84757
:108B1000D4F8C03013489847F069D4F8C060F9F72A
:108B2000C7FAB047D4F8C0300E489847B0EE480AAC
:108B30000320D4F8C060F9F7DDFAB047D4F8C030AC
:108B400009489847EB68DB6B1BB10020BDEC028B3A
:108B5000F8BDBDEC028B0320F8BD00BF34BE002081
:108B6000FC390020AC3600200032002030B51F4D0B
:108B700085B00024D5F8D03102940194039463B3F6
:108B800001AA1B4920469847029800EB4000C0000C
:108B900010F09AFFD5F8D0310246039000B301AA35
:108BA000144920469847144B18220299039811F053
:108BB0002BFE029B01946BB12046039B00EB40000F
:108BC00003EBC000FCF71CFE0198029B01308342BE
:108BD0000190F2D8039810F07FFF002005B030BD5F
:108BE00006499847002005B030BD00BF34BE0020C4
:108BF00009EC000039F1000011EC000081F50000E3
:108C00002DE9F04F854D89B00024D5F8D03102947C
:108C100001940394002B00F0F08001AA80492046C3
:108C20009847029800EB4000C00010F04DFF02464C
:108C30000390002800F0DD80DFF8149201AAD5F837
:108C4000D0312046774989F800409847764B182262
:108C50000299039811F0D8FD029B0194002B00F0BB
:108C6000D580CA466EE018F83400D5F8C040F9F750
:108C70001FFAA047D5F8C0306C4898477078D5F8EF
:108C8000C040EFF7C3F9A047D5F8C830634E002BBA
:108C90004BD0384605F0ACFF0746002845D0D6F843
:108CA000C030634898477868D6F8C040F9F700FAB2
:108CB000A047D6F8C0305D4898473B7A5D4903F03D
:108CC0000303D6F8C820C85C9047D6F8C030574890
:108CD00098473B7A5849C3F30213D6F8C820C85CBA
:108CE0009047D6F8C0305148984797F808E008AA4E
:108CF000524B0EF00C0E0DF1200CD6F8C0409644ED
:108D00000FCB0CE90F005EF8100CA0477B789B0698
:108D100077D4D5F8C030464898477B784849C3F3A4
:108D20004003D5F8C820C85C9047D5F8C030454806
:108D30009847002389F80030019C029B0134A3422C
:108D4000019463D904EB4404DDF80C8008EBC406FD
:108D50007778C82F2BD0F78AD5F8C030103F3A4823
:108D60009847D5F8C0B0FFB23846F9F7A1F9D8470F
:108D7000D5F8C0302E489847D5F8C03030699847AC
:108D8000D5F8C0302A48984799F800002F4AD5F8FE
:108D9000C030002814BF504610469847B378002BC7
:108DA0003FF461AFD5F8C030B01C98475BE7B11C09
:108DB000274812F05BFC18F83400F9F779F90446FB
:108DC000234812F0B5FC2146484412F02BFA174B09
:108DD0001B8803803846EFF719F904461C4812F047
:108DE000A7FC2146484412F01DFA114B1B88038052
:108DF000A2E7D5F8D03117499847002009B0BDE85F
:108E0000F08FD6F8C0301448984782E7039810F0E6
:108E100063FE002009B0BDE8F08F00BF34BE002023
:108E200019EC00005DF8000011EC0000AC360020E9
:108E3000FC310020203A0020243A0020700300205A
:108E40002C3A002000320020143A0020103A002072
:108E5000C4A2002081F500001C3A002010B50024B7
:108E600082B00F4B0120224621460094F5F7AAF963
:108E700001212246009408460A4BF5F7A3F9224641
:108E8000214600942046084BF5F79CF900942246B1
:108E90002046064B0121F5F795F9204602B010BD9A
:108EA00055F6000095F5000049ED000081EC00004A
:108EB00030B5194C8BB0D4F83C3113B101A89847A8
:108EC00010B903200BB030BDD4F8C0301348984718
:108ED0000698D4F8C05000F26C70F9F7E9F8A8478A
:108EE00005990F480131FCF729F804990C48FCF763
:108EF00025F803990B48FCF721F802990A48FCF77A
:108F00001DF801990848FCF719F8D4F8C030074853
:108F1000984700200BB030BD34BE0020303A00200E
:108F200018320020383A0020E035002000320020BE
:108F300010B504460848214602F0C6FE0CB10020D8
:108F400010BD02F08FFE0028F9D1044B0448D3F87D
:108F5000C0309847002010BDC1ED000034BE002095
:108F60003C3A002010B54A4C82B0D4F8B030002B07
:108F700000F0868000209847019083B2002B42D1F8
:108F8000BDF8063033B9D4F8B030002B78D00020CB
:108F900002B010BDD4F8C0303E4898479DF8063066
:108FA00013F007036FD03C4A3C49D80704D510683A
:108FB0000131007801F8010C5B0802F10402F4D1E0
:108FC00000229DF807300A70A3B12C2213F007038A
:108FD00001F101000A700BD02F4AD90704D511689E
:108FE0000130097800F8011C5B0802F10402F4D199
:108FF00000230370D4F8C03028489847D4F8C03014
:1090000027489847BFE7D4F8C030264898479DF8CE
:10901000043013F0070338D01F4A2049D80704D57D
:1090200010680131007801F8010C5B0802F10402BC
:10903000F4D100229DF805300A70A3B12C2213F060
:10904000070301F101000A700BD0134AD90704D5B8
:1090500011680130097800F8011C5B0802F1040274
:10906000F4D100230370D4F8C0300C489847D4F8EA
:10907000C0300B489847BDF80630002B83D089E7F5
:10908000032002B010BD05499AE70449D1E700BFAB
:1090900034BE0020683A002010070020C4A200203F
:1090A00000320020583A0020014B14209B681847DA
:1090B0004CC0002070B4074D074C0FCDE66B0FC4B9
:1090C00095E8030084E8030016B1334670BC1847E6
:1090D00070BC70477C0E00204CC00020024B00206A
:1090E00083ED400A704700BF7CC10020084BD3F8D5
:1090F000A03053B1002010B50C469847054B04EA48
:109100000001002083F8FA1010BD3520704700BF21
:1091100034BE00207CC1002008B50846044A054B37
:10912000012182F8FC00D3F88C309847002008BD5C
:109130007CC1002034BE002089B2054B998221B940
:10914000044B1A8961F349221A810020704700BF3D
:109150007CC1002098BD0020024B0020A3F80C1118
:10916000704700BF7CC10020064B00314FF000006B
:1091700093F8A92018BF012161F3000283F8A92008
:10918000704700BF7CC10020034691F9012090F98F
:10919000000090420CBF0120002001D15B780B70D1
:1091A000704700BF134A0023F0B4134D92F81D011D
:1091B00085F8993098B11946012703230E46013BE3
:1091C00020FA03F4E40706D5D2ED1F7AF5EEC07A53
:1091D000F1EE10FA05D4203A002BF0D139B9F0BCE9
:1091E000704707FA03F401212643F6B2F3E785F846
:1091F0009960F4E77CC1002098BD0020094B93F8EA
:1092000008325B0601D435207047074BB1FA81F173
:10921000002093F81121490961F3C71283F8112145
:10922000704700BF34BE00207CC10020064B0031D7
:109230004FF0000093F8122118BF012161F30412CE
:1092400083F81221704700BF7CC10020154B01F04C
:10925000010210B5D0B293F81A4160F3000483F80C
:109260001A41B2B1C1F34001E2B261F3410283F8A5
:109270001A2193F81A314FF000010B4C13F001033F
:109280000A4A18BF0723926D84F89830904700204F
:1092900010BD93F81A1162F3041162F3410183F8CF
:1092A0001A11E6E77CC1002098BD002034BE0020E2
:1092B000094B29B193F88221D20701D40A207047C3
:1092C000003193F81A214FF0000018BF012161F31B
:1092D000820283F81A2170477CC10020064B0031BE
:1092E0004FF0000093F8102118BF012161F386129E
:1092F00083F81021704700BF7CC1002011F00103EA
:10930000074A14BF01F0070119460B4682F82011E5
:10931000990703D543F0040382F8203100207047F9
:109320007CC10020064B00314FF0000093F8102163
:1093300018BF012161F3410283F81021704700BF7B
:109340007CC100200D4B93F8832192070BD4182881
:109350000BD0192805D183ED210A83ED190A83ED7D
:10936000110A002070473520704783ED220A002043
:1093700083ED1A0A83ED120A704700BF7CC10020FA
:10938000064B00314FF0000093F8102118BF012167
:1093900061F3C30283F81021704700BF7CC1002035
:1093A000074A002010B492F81031C1F3400461F371
:1093B000041364F3C71382F810315DF8044B70474F
:1093C0007CC1002070B4124A81F0020681F00405CD
:1093D00081F0080492F81231C6F34006C5F3800507
:1093E00001F0010166F34103C4F3C00492F8826105
:1093F00081F0010165F34513002061F3C71664F3A2
:10940000861382F8826182F8123170BC704700BF07
:109410007CC10020064B00314FF0000093F8112171
:1094200018BF012161F3410283F81121704700BF89
:109430007CC10020064B00314FF0000093F8102152
:1094400018BF012161F3451283F81021704700BF56
:109450007CC10020204B30B493F81421C1F3800468
:1094600093F81501C1F3400561F3041265F30000A0
:1094700064F3451283F8150183F8142111F00802F2
:1094800007D0164C94F8030200F0020000F0FF022F
:10949000E0B993F8150111F0100162F3410083F86F
:1094A00015010AD00D4A92F8031211F0010104D0FF
:1094B000D2F81811003118BF012193F815210020AE
:1094C00061F3C30283F8152130BC7047D4F818212A
:1094D000003218BF0122DCE77CC1002034BE00202E
:1094E000064B93F8023203F0040303F0FF000BB1C4
:1094F00003207047024B83ED0B0A704734BE0020F7
:109500007CC10020B0F5C57F2CD021D940F21B23AF
:10951000984210D040F2A12398420AD1DFED187A88
:10952000184A20EE270AFCEEC07A17EE903AA2F80D
:10953000983000207047DFED127A0020114A20EEAB
:10954000270AFCEEC07A17EE903AA2F8A2307047D4
:10955000B0F5AA7FEDD10B4B002083ED310A83EDEE
:10956000290A7047DFED067A0020064A20EE270A16
:10957000FCEEC07A17EE903AA2F8A030704700BF18
:1095800000007A447CC1002001207047014B186123
:1095900018467047D4BA002000B2704710B50024B6
:1095A00082B00A48ADF804408DF8051001A902F018
:1095B0008BFB10B9342002B010BD2046044B9DF83F
:1095C000042083F89D2002B010BD00BF992E010039
:1095D0007CC1002010B5002482B00C48ADF80440D6
:1095E0008DF8051001A902F06FFB10B9342002B00C
:1095F00010BD074B9DF804209DF9050083F89C20C1
:1096000002F016FB204602B010BD00BF992E0100EB
:109610007CC1002008B5044B184480F85A11F6F7B5
:1096200039FB002008BD00BF7CC10020CBB2012B5C
:1096300010B50C460BD00FD3022B06D1094A0121DD
:10964000094B002011701C7610BD032010BD0020B6
:1096500002F07CFA030703D5044B00225A71EDE7B0
:10966000112010BD5FBC00207CC10020C0BC0020C8
:1096700038B54C4C237E012B00F08780E38A40F202
:10968000CA3248491E3B9BB2934201D92323CB8265
:10969000454991F8003223F07F0303F0FF020BB934
:1096A000A4F89E20D1ED077A94ED407A3D4BB4EEBC
:1096B000E77ACA6AF1EE10FA48BFC3ED407AF2B118
:1096C00007EE902A374BDFED395AB8EE677AA3F1EF
:1096D0006002D3ED1C6AD3ED1D7A66EEA77A87EEA1
:1096E000A56AB4EEC76AF1EE10FA05DD27EE256A29
:1096F000C6EE267AC3ED1D7A203B9342E9D1227F44
:10970000284B042A07D993F81221032042F00802BB
:10971000187783F8122191F80322234912F00100EF
:109720001DD0D1F818314BB394F815319207C3F31B
:10973000400300D400231E4AB4F89010158894F812
:109740001501B4F89220294363F3410022EA05028F
:10975000A4F8901084F81501A4F8922038BD94F86C
:10976000153160F3C303900784F81531C3F3400348
:10977000E0D5D1F81821002ADDD1DBE794F81521D6
:1097800063F3C30284F81521D4E7002002F0DEF968
:1097900000F0080000F0FF0300287FF46FAF23768D
:1097A0006CE700BF7CC1002034BE00200000704286
:1097B000880C002000B585B010EE102A074B04A8D5
:1097C0008DED030A8DED020A40F80C2D83ED5C0A45
:1097D000F6F770F9002005B05DF804FB7CC10020AD
:1097E0000E4AD2F81031B3B10D4B10B592F80342C6
:1097F00093F81421A40761F3410283F8142106D5DC
:10980000C1F34001D2B261F3C71283F81421F5F716
:10981000EBF8002010BD3520704700BF34BE00209B
:109820007CC10020074A084B10B51488B3F80832F1
:10983000064A23EA04031940A2F89210F5F7D4F877
:10984000002010BD880C002034BE00207CC1002008
:1098500070B5164CD4F810312BB3154B94F8032285
:1098600093F8145161F3000583F81451950707D557
:1098700093F81461C1F3400565F3861683F814610B
:10988000D20707D593F81521C1F3800161F3820255
:1098900083F81521F5F7A8F80021D4F8103108460F
:1098A0009847002070BD352070BD00BF34BE002039
:1098B0007CC10020084A08B5084BB2F808221B8872
:1098C0001140074A0B43A2F89030F5F78DF806F0E7
:1098D000AFF9002008BD00BF34BE0020880C002076
:1098E0007CC1002008B50031074B18BF012193F857
:1098F000102161F3000283F81021FCF757FE06F0F7
:1099000095FC002008BD00BF7CC10020002800F0AD
:10991000868008B50388B3F5AD7F25D8B3F5AA7F57
:1099200000F21681242B63D8212B80F03181102B7B
:1099300000F0B98000F28380082B00F0178140F21C
:10994000F180092B40F0D780984B93F8023203F056
:10995000200303F0FF00002B00F0A480002002F0A1
:10996000F5F8C0F3C00008BDB3F5F27F00F0EA805F
:109970001FD840F2891293424AD0B3F5C57FC0F098
:10998000878040F28B12934200F0D580B3F5C57FFB
:1099900040F2F88040F2E112934200F09A80B3F571
:1099A000F17F73D1814BD3F84001003018BF012003
:1099B00008BD40F2A12293422AD04CD840F21B228B
:1099C000934200F0DF80B3F5077F56D340F28A223E
:1099D00093426ED040F29F22934257D1734B586E00
:1099E00000285FD093F81002003018BF012008BD96
:1099F000412B00F0998013D83D2B00F0B1803E2B15
:109A00001BD0262B42D1694B93F80002C00908BD38
:109A1000664B93F81202003018BF012008BD704752
:109A2000B42B6BD070D9BE2B68D0B3F5AA7F2DD1E3
:109A3000012002F08BF84207E5D5012032E0132B1C
:109A400072D04DD91E3B012B20D8002002F07EF8A9
:109A500000F0010008BD40F2E622934216D3B3F5B0
:109A60003A7F2FD340F2E92293420FD84F4B93F81D
:109A70001502003018BF012008BD40F207229342B2
:109A800004D14A4B93F800321B0654D4002008BD81
:109A9000B3F5AF7F3AD3B3F5C47FF7D102F0E2F864
:109AA00000287BD108BD002002F050F8C0F3002050
:109AB00008BD3E4B93F8013213F00C0F14BF012088
:109AC000002008BD394B93F81302003018BF012065
:109AD00008BD364BD3F8D801003018BF012008BDAF
:109AE000112BD3D1314BB3F8080220F48040003061
:109AF00018BF012008BD0E2BF4D0C7E72C4B93F8FC
:109B00008301C0F3400008BDAA2BBFD1274BD3F877
:109B1000A030002BBAD001209847C0B2003018BF47
:109B2000012008BD062BB1D1204BD3F81401003021
:109B300018BF012008BD02F095F8012894BF00204D
:109B4000012008BD194B93F80802C0F3801008BD2E
:109B5000164B93F8020280F00400C0F3800008BDA9
:109B6000124B93F80802C0F3C00008BD0F4BD3F8A6
:109B7000A030002B8AD000209847C0B2003018BF18
:109B8000012008BD02F06EF8003018BF012008BDAA
:109B9000064B93F80202C0F3401008BD012001F00B
:109BA000D5FF80F00400C0F3800008BD34BE002063
:109BB0007CC10020292810B582B000F05E8119D840
:109BC000112800F0288154D9162800F05A8140F25B
:109BD0009880252800F0498140F24281272800F032
:109BE000E580282840F0CE80BE4B93F81A01C0F3E0
:109BF0008000C8E040F25513984200F04D81B0F566
:109C0000AB7FC0F0958040F2E113984200F05381A1
:109C1000B0F5F17F51D340F2E513984200F0548142
:109C2000B0F5F37FC0F0138140F20723984200F0B3
:109C3000FA80B0F5297F40F0A580AA4B93F8122155
:109C400093F9820112F0020F0CBF022300230028B7
:109C5000A8BF43F0010312F0200F0CBF0420002026
:109C600012F0400F43EA00030CBF08200020184305
:109C700089E00A2800F0D3807CD8082800F0F98019
:109C800000F29A8006287DD1974A964B92F80322DB
:109C900093F81401940700F0010005D593F814110E
:109CA000490648BF40F00200D4076CD593F815313F
:109CB000590768D540F0040065E0B0F5C07F00F0BA
:109CC000FD8040F28B13984200F0B780B0F5AD7F75
:109CD00058D1844B93F8122193F8113112F0040FEC
:109CE00083F0400314BF02200020C3F3801312F05E
:109CF000080F43EA000314BF0422002242EA0300D3
:109D000041E0142800F0E68067D813283AD1764A5B
:109D1000744B92F8032293F814019207C0F34000A9
:109D200031D593F814311B062DD540F002002AE0FE
:109D30003E2800F0E98028D9402800F0DF805DD37C
:109D400041281FD1674A92F8143192F81511C3F3D4
:109D50004014C3F3001201F00103C1F34000A4005A
:109D6000C1F3C00144EA4303134343EAC00343EA97
:109D7000011008E00E2800F09280102847D00D282E
:109D800000F0B680002002B010BD2C28FAD3312894
:109D900007D93C28F6D1534B93F81001C0F340008B
:109DA000F1E7504B184490F85A01ECE74D4B93F80B
:109DB0001001C0F38010E6E74A4B93F8A9305A0728
:109DC000E0D413F0010F14BF0320012013F0020FA1
:109DD00014BF042300231843D5E7424B93F81A31EC
:109DE00013F00100CFD003F0020013F0100F40F089
:109DF000010014BF042300231843C4E7394B93F830
:109E00001031D809C3F3001343EA4000BBE7354BD8
:109E100093F8A800B7E7334BB3F89200B3E7314BA0
:109E2000B3F80C01AFE72F4B0DF1070193F89D003C
:109E300001F0B6FE9DF90700A5E72A4B0DF10701D9
:109E400093F89C0001F0ACFE9DF907009BE7B0F58C
:109E5000F27F97D1234B93F91101C043C00F92E7D2
:109E600020288FD11F4B187E8DE71E4B93F8FC00E6
:109E700089E71C4B93F8FA0085E71A4B93F8200109
:109E800081E7184A92F81A31B2F88201C3F3C0038D
:109E900063F3041080B276E7124B187F73E7114A20
:109EA000114BB2F89000B3F80832104A0340108802
:109EB00023EA000067E70B4B988A64E7094B93F8A5
:109EC0001101C0F340005EE7064B93F81201C0F3A6
:109ED000001058E7034B93F81D01003018BF012014
:109EE00051E700BF7CC1002034BE0020880C002058
:109EF000084B93F8100100F0010044E7054B93F87C
:109F00001001C0F340103EE7024B93F81001C0F37C
:109F1000C00038E77CC10020044B002201201A60F9
:109F20005A609A60DA601A61704700BFD4BA0020A4
:109F300010B5002304462DED028B82B04069B0EECF
:109F4000408A019330B36A4601A9F8F7CBF920B9EA
:109F5000022002B0BDEC028B10BDDDED007AF4EE04
:109F6000C87AF1EE10FA1FD8A06938B300236A4608
:109F700001A90193F8F7B6F90028E9D0DDED007AE0
:109F8000B4EEE78AF1EE10FA18DD342002B0BDEC31
:109F9000028B10BDB5EEC00AF1EE10FAE4D5042034
:109FA00002B0BDEC028B10BD94F82C309B07ECD5B1
:109FB000B5EE408AF1EE10FAE7D1D5E70020C8E708
:109FC00070B5114D0C22114C2946204610F05AF85C
:109FD000002814BF0126002603D095E8070084E876
:109FE000070050220A490B4810F04CF8002814BF13
:109FF0000124002404D05022054906480BF05AFDE4
:10A0000046EA040070BD00BF18C2002024B400203E
:10A0100024C20020CCB3002070B5044630B10F4BF1
:10A020001B68CBB12046BDE8704018470C4DFFF7C8
:10A030001FFB2B895B05F2D5F5F742FE0028EED019
:10A040002B890B2064F38A232B8106F06DF9054BD5
:10A050000D20DB689847E2E770BD00BFC4A8002070
:10A0600098BD00204CC0002011F0010203D0072948
:10A070000ED9342070471049104691F8A93043F0AA
:10A08000040362F3410362F3000381F8A9307047CF
:10A09000094A002010B492F8A930C1F34004C1F37A
:10A0A000800103F0FB0364F3000361F3410382F8D2
:10A0B000A9305DF8044B70477CC1002008B5074B00
:10A0C00031B193F88221D20701D40A2008BD0721BB
:10A0D00083F81D11FFF766F8002008BD7CC1002041
:10A0E000114B93F8023203F004030BB103207047C5
:10A0F0000E4A03F0FF0070B4C1F3400601F0010402
:10A1000092F81231C1F3800192F8115184F00104E8
:10A1100066F3820364F3861561F3C30382F8115179
:10A1200082F8123170BC704734BE00207CC1002020
:10A13000A0F164035D2B16D9A0F548735D2B12D9ED
:10A14000B0F5AA7F00F0898053D8182800F08180EC
:10A1500040F2BF80192800F0CF801B2835D1684B12
:10A1600093ED5C0A7047A0F165035C2B22D96FF474
:10A17000487C00EB0C025C2A8CBF00220122CAB989
:10A18000A0F1C9035C2B15D96FF4C8714318302BAB
:10A1900077D96FF41673C318262B19D8594BA3FB24
:10A1A00000239B0803EB8303C31A03F516739BB2CA
:10A1B000C01A08E0534BA3FB0023DB0803EB830327
:10A1C0005B009BB2C01A022804D99FED4F0A70476A
:10A1D00003461046822B61D023D9B42B6DD0BE2B01
:10A1E0003FD0AA2BF1D1464B03EB401090ED100A63
:10A1F0007047B0F5C57F20D058D940F21B23984254
:10A200006ED040F2A1239842DFD13D4B9FED3F7AC3
:10A21000B3F8983007EE903AF8EE677A87EE870A3F
:10A2200070476E2B4FD0782B21D0642BCDD1344B7F
:10A2300003EB401090ED0C0A7047314B9FED337AE1
:10A24000B3F8A03007EE903AF8EE677A87EE870A07
:10A2500070472B4B93ED120A7047294B93ED310A4F
:10A260007047274B03EB401090ED110A7047244BC9
:10A27000DFED277A03EB401090ED0E7A87EE270A88
:10A280007047204BA3FB0023DB0803EB8303A0EB09
:10A29000430303F5C8739BB2C01A94E7184B03EB52
:10A2A000401090ED0F0AB1EE400A7047B0F5AB7F59
:10A2B0008BD1134B93ED0B0A7047114B03EB4010FE
:10A2C00090ED120A70470E4B03EB401090ED0D0A13
:10A2D000704700287FF479AF094B93ED400A70472F
:10A2E000074B9FED0A7AB3F8A23007EE903AF8EEEA
:10A2F000677A87EE870A7047014B93ED110A704722
:10A300007CC10020CDCCCCCC0000000000007A4401
:10A3100000006145114A13788BB1114BD0689168E8
:10A320005268986799659A6393F811210D496FF304
:10A33000850291F8A40183F8112110B97047084BE8
:10A34000F2E710B40123D1F8C0414FF4D2720449AE
:10A35000A44618465DF8044B604700BF24A90020BE
:10A360007CC1002034BE00200B4A92F8023203F078
:10A3700004030BB10320704710B503F0FF04D2F8BB
:10A38000E0303BB1042905D8044B197706F050FEA4
:10A39000204610BD032010BD34BE00207CC100202B
:10A3A00010B54B070B4C84F8A81001D4002010BD49
:10A3B000002001F0CBFB00F0100000F0FF020028AD
:10A3C000F4D194F8A830352062F3820384F8A830E1
:10A3D00010BD00BF7CC1002010B4064C0146012313
:10A3E0004622D4F8C04140F2B730A4465DF8044B91
:10A3F000604700BF34BE002010B5012401E00130E9
:10A4000001342C2110F054FF0028F8D1204610BD53
:10A410000120704770B5274CCBB2B4F8825113F0CD
:10A420000106A4F8821125F4FF754FEA85554FEA1D
:10A4300095552ED094F81A21C3F300116FF304132D
:10A4400061F3C30284F8823184F81A21012D10D0FF
:10A4500094F88221174BD1070BD593F883219207EB
:10A4600007D4996C5A6CC3F888109966C3F8842095
:10A470005A66114A002094F88331516E1A4681427F
:10A480000CBF002303F0010363F3000284F883216F
:10A4900070BD43F0010384F81D6184F88231FEF73A
:10A4A00081FE94F81A31A4F8826166F3820384F87D
:10A4B0001A31CBE77CC1002034BE0020A0F1650337
:10A4C0005C2B2DE9F0412DED028B40F289806FF479
:10A4D0004877C4195C2C8CBF00240124002C7FD148
:10A4E000A0F1C9035C2B7BD96FF4C8768319302B9C
:10A4F00040F2DB806FF416754319262B00F297802B
:10A50000814BA3FB00239B0803EB8303C31A03F5D2
:10A5100016739BB2C41A022C6DD8822B10EE105AFF
:10A5200000F087806CD86E2B00F0B580782B00F09F
:10A53000C980642B5FD1754F6601BB19D3ED0C7ACE
:10A54000B4EE670AF1EE10FA43D0F5EEC07AF1EE00
:10A5500010FA3EDD80EE276ADFF8BC8104F12201AB
:10A5600004F10A0204F11C0304F1120008EB81015A
:10A5700008EB8202D1ED017A08EB830308EB80003F
:10A58000F8EEE76AD2ED017AD0ED015AB8EEE77A3B
:10A59000D3ED017AF8EEE77A66EE866A27EE067A60
:10A5A00067EE867AFDEEE66A25EE866ABDEEC77A2C
:10A5B000FDEEE77AC1ED016A80ED016A82ED017A74
:10A5C000C3ED017AF9F7B4F908F18C01504805F0B0
:10A5D0004BFE3E4400203563BDEC028BBDE8F081AC
:10A5E000494BA3FB0023DB0803EB83035B009BB217
:10A5F000C41A022C91D93520BDEC028BBDE8F08144
:10A60000B42B3DD0BE2B72D0AA2BF4D1414BD3F842
:10A61000A030002BEFD001209847C0B2E040C10726
:10A62000E9D53A4B002003EB44142564E4E70346E4
:10A6300073E7364F6601B1EE408ABB19D3ED0F7A4E
:10A64000F4EE487AF1EE10FA10D0334B01220420D8
:10A65000198902FA04F493F8482041F4806122EA4F
:10A660000404198183F8484005F0ACFE3E4486EDB1
:10A670000F8AFEF797FD0020BDEC028BBDE8F0814C
:10A68000224890F883319A07B5D500EB4414002096
:10A6900084ED120AB0E71D4B002003EB441484ED57
:10A6A0000D0ABDEC028BBDE8F081174BA3FB002324
:10A6B000DB0803EB8303A0EB430303F5C8739BB2F2
:10A6C000C41A96E7DFED157A0020154A20EE270A16
:10A6D0000E4B02EB840203EB441420EE270A82EDBA
:10A6E000010A84ED0E0ABDEC028BBDE8F08107483B
:10A6F00090F883319B077FF57EAF00EB4414002078
:10A7000084ED110A78E700BFCDCCCCCC7CC1002011
:10A710002CBD002034BE002098BD002000007042F7
:10A7200024A90020002877D0027F072A73D80123AC
:10A7300070B5044603FA02F010F0AA0F2DED028B5B
:10A740000DD110F055001BD0237B0B2B6DD8DFE80B
:10A7500003F05A5A5A5A5A5242403B405A4A2088A9
:10A76000237B0144063B88B2032B56D8DFE803F075
:10A77000110B020B2E4B93F8B630DB0703D52D4897
:10A78000BDEC028B70BDBDEC028B636ABDE870400E
:10A790001847636A98472569B0EE408A0DB32E21A9
:10A7A000284610F085FD0446D8B12846002110F057
:10A7B0007FFD001B0138C0B2B0EE480ABDEC028B31
:10A7C000BDE87040F7F796BC194B93F8B630DA073E
:10A7D000D5D4206AD4E7236A256993ED008A002D39
:10A7E000DDD10120E8E7236ABDEC028B1888BDE8C3
:10A7F0007040F7F75DBC236ABDEC028B1868BDE8BA
:10A800007040F7F755BC236ABDEC028B1878BDE8A1
:10A810007040F7F74DBC00207047636A9847BDEC65
:10A82000028BBDE87040F7F743BC0020A8E700BFEB
:10A8300034BE0020903A002088B1027F072A0DD84C
:10A840000123934013F0AA0F04D113F0550307D14D
:10A8500018467047037B063B032B1FD80020704728
:10A86000037B0B2BFAD801A252F823F0C345010059
:10A87000C3450100C3450100C3450100C3450100B4
:10A88000BD4501006D4501006D4501006D450100AC
:10A890006D450100C3450100B74501000388426AC8
:10A8A000C81880B21047036A18887047036A18688E
:10A8B0007047036A1878704710B1037B062B02D0EB
:10A8C0009FED0B0A7047027F072AF9D801239340B6
:10A8D00013F0AA0F06D113F0550FF1D0036A93EDD0
:10A8E000000A70470388426AC81880B2104700BF48
:10A8F0000000C07F024B1A6818609061704700BF6B
:10A900004899002000487047AC980020034B93F80A
:10A91000A43103B97047FFF75FBD00BF34BE00200C
:10A92000012870B511D80C4B93F8A42102B970BD61
:10A93000D3F8C041482540F226320123A44605FB46
:10A9400000204622BDE870406047044B40F6861167
:10A95000034A04480EF00AFF34BE00209C3A00204F
:10A960003C050020B43A0020012870B51BD8114BDB
:10A9700005460E4693F8A4213AB9002428463146EC
:10A980003470FFF7CDFF204670BD40F226324821DB
:10A99000D3F8C441012301FB002146223046A047E1
:10A9A0000028EAD070BD044B40F69311034A0448D6
:10A9B0000EF0DCFE34BE00209C3A0020580500203A
:10A9C000B43A00200C2870B519D8104B04460D4637
:10A9D000DB6C03B198470E4B93F8A42102B970BD0C
:10A9E000D3F8C061C4EBC40401232946B4460C2249
:10A9F00004FA03F0BDE8704000F500706047054BB5
:10AA000040F6A111044A05480EF0B0FE4CC00020EB
:10AA100034BE0020C83A002074050020B43A00205B
:10AA20000C2870B51ED8134B05460C4693F8A4218C
:10AA300052B9114B07CB2060284661602146A260C5
:10AA4000FFF7C0FF002070BDC0EBC001D3F8C461A8
:10AA500001230C222046994001F50071B0470028DF
:10AA6000E7D070BD054B40F6B111054A05480EF020
:10AA70007DFE00BF34BE0020100D0020C83A00202B
:10AA800090050020B43A002038B5114C94F8A43158
:10AA90001BB9FEF7EDFD002038BDD4F8B831002019
:10AAA00098471728F5D10B4D0123D4F8C4414FF432
:10AAB000D27228461946A0470028EAD0FEF7D8FDF2
:10AAC0002878A0F11700B0FA80F0400938BD00BF27
:10AAD00034BE00207CC100202DE9F043C6B297B0FF
:10AAE0000024504FFF2106F0010504A846220FF074
:10AAF0005FFB8DF810402046D7F8BC31172105F0D8
:10AB0000FF089847002D56D1B20738D4720707D5F1
:10AB100004A90020FFF704FF04A90120FFF700FFAC
:10AB2000330704D597F8A4313E4C002B6FD1B8F110
:10AB3000000F06D0D7F80C311BB14FF0FF313A4867
:10AB400098473A4B9C699CB1C6F300162378A3B191
:10AB5000EBB253B1A36A03B19847E3692BB12178F3
:10AB600009B14FF0FF3130489847A469002CEDD16E
:10AB7000F8F744F917B0BDE8F0833346E9E700235E
:10AB80006FF00504DFF8A090029301930393A01DDA
:10AB9000022C01A9C0B204D899F81831E340DB07B0
:10ABA00001D4FFF70FFF0134042CF0D101A90B20D1
:10ABB000FFF708FFAAE7DFF870904FF4D2721C4944
:10ABC00048460AF077FF1B4B2046A9F892401B88A5
:10ABD000A9F8903000F0BAFF99F8A830C0F340020D
:10ABE000204602EA530262F3410389F8A83000F0DC
:10ABF000ADFF99F8A820C0F30010134600EA9200B8
:10AC000060F3820389F8A830FFF784FB7CE704A88F
:10AC1000FFF7E2FB94F8A431002B88D00648FFF739
:10AC2000DBFB84E734BE00207CC10020AC98002010
:10AC3000983F0060880C002078340020094B10B544
:10AC400093F8A4213AB1D3F8C4414622012340F23B
:10AC5000B731A04728B94FF00800FFF73DFF0020AB
:10AC600010BD10BD34BE002070B5454E7578FDB1E5
:10AC7000736805EB450500215A7803EB85051C46F2
:10AC80000C33824208D0AB420C460FD05A78214692
:10AC90001C460C338242F6D1AB42F7D1A36805467D
:10ACA0005BB12046984740B1012070BD0029F5D125
:10ACB000B669002EDAD1002070BD6378023B0C2B00
:10ACC0003AD801A252F823F0B9490100B94901006C
:10ACD0001B4A0100494A0100B9490100334A0100F9
:10ACE0003F4A0100494A0100494A0100B9490100AF
:10ACF0000D4A0100494A0100B9490100214BD3F82E
:10AD00001401003018BF012070BD1E4BD3F8A030D5
:10AD1000002B32D001209847C0B2003018BF01206C
:10AD200070BD184B93F80102C0F3400070BD154B85
:10AD300093F80102C00970BD114EF368CBB132899E
:10AD4000BAB1002403E00134A24212D9F36804EB43
:10AD5000440003EB00108378AB42F4D1836A0021F6
:10AD6000002BA1D0984700289ED132890134A242FD
:10AD7000ECD8B669002EE0D19DE7184670BD00BF43
:10AD8000AC98002034BE00208078FFF76DBF00BF74
:10AD9000A0F12C03012B98BF2B2070472DE9F84F11
:10ADA000A0F16503804689465C2B25D96FF4487174
:10ADB00047185C2F8CBF00270127EFB9A0F1C9030A
:10ADC0005C2B19D96FF4C8728318302B40F286803F
:10ADD0006FF41673C318262B7ED85B4BA3FB00239E
:10ADE0009B0803EB8303C3EB000B0BF5167B1FFAE9
:10ADF0008BFBCBEB00070BE0534BA3FB0823DB08DB
:10AE000003EB83034FEA430B1FFA8BFBCBEB0807E3
:10AE1000DFF838A1BAF80820C2B100252E4603E0B9
:10AE200001363035964211D2DAF80C00435B4419F2
:10AE30005B45F5D1A36A39462046FBB19847D0B9A6
:10AE4000BAF80820013630359642EDD3DAF818A06A
:10AE5000BAF1000FDED13D4C236B404623B1984739
:10AE6000B8EB000A064648D1A469002CF4D10025AD
:10AE70002846BDE8F88FDAF80C004419A3782B2B8C
:10AE80000CD0DFB9B9F1000F01D0C9F800A0DAF891
:10AE90000C305D19DFD02846BDE8F88F2C4BD3F875
:10AEA000C030002BEDD03946208898470028E8D0E4
:10AEB0000146A06810F0DAFB002FE3D0DAF82C305E
:10AEC000002BDFD1DAF80C302B449B781D2B36D0C9
:10AED0000320B842D6D8BEE7834699E71A4BA3FBB6
:10AEE0000023DB0803EB8303A0EB430B0BF5C87BCC
:10AEF0001FFA8BFBCBEB00078AE721890029B6D02C
:10AF00000027B8463D4604E008F1010830374145C6
:10AF1000C1D9E368DA5B3B44B242F5D19A6A514643
:10AF2000184652B1904730B1E5683D44B9F1000F81
:10AF300001D0C9F800402189E6E71D46F6E7054B38
:10AF4000D3F8E8319847C4E7CDCCCCCCAC980020FE
:10AF50004CC0002034BE00202DE9F043837883B03C
:10AF600004460F462B2B904619D090F82C1011F068
:10AF700078010ED0008801A9FFF710FF019BDE6A5F
:10AF80004EB142463946B0470646304603B0BDE8AA
:10AF9000F083B8470646304603B0BDE8F08300258D
:10AFA000DFF840902E46A36A294620460BB1984709
:10AFB00088B1D9F8C030294633B12088984718B1F4
:10AFC0000146A06810F052FB424629462046B84789
:10AFD00006460028DFD00135032DE4D1304603B00A
:10AFE000BDE8F0834CC00020F8B5174B04469B6FBA
:10AFF00013B1984700B1F8BD20460021FFF7CEFEFF
:10B00000074600B3114E7369C3B1328A3D8803EB22
:10B01000C20302E0083B7AB171B133F8084C013A3F
:10B0200001210020AC42F5D153F8040C083BB0FAE2
:10B0300080F14909002AEFD10028DCD1B669002E41
:10B04000E1D13046F8BDF8BD4CC00020AC980020DE
:10B05000A0F10A03012B98BF05207047007B01383F
:10B0600002288CBF00200120704700BF037BA3F1A2
:10B070000A00052B18BF012894BF0120002070474B
:10B080002DE9F84F0C4600210646FFF787FE98B1E0
:10B09000056935B12B7823B110E010F0E7FB58B902
:10B0A00020702C21284610F065FC04220446294912
:10B0B0000028F2D1BDE8F88FBDE8F88F2846FFF7E9
:10B0C0009BF983460028ECD04FF0000A4FF04E0960
:10B0D0004FF02F08574604E00AF1010A6408DA45E8
:10B0E000DFD014F00101F7D13046FFF757FE0028FA
:10B0F000F2D0037B013B022BEED80169BAF1000FBD
:10B100000ED00B78002BE7D04A1C504603E012F813
:10B11000013B002BE0D02C2BF9D101381146F6D1A0
:10B120004122CB7881F80090033101F8028C01F8BC
:10B13000012C0A461BB904E012F8013F0BB12C2B7D
:10B14000FAD12BB101F8013B12F8013F002BF9D1E4
:10B150000F70C1E7E43A002070B5037B86B0044667
:10B160000B2B50D8DFE803F01414141414140D063C
:10B170003C4F1414084610F0DBFA07EE900AB8EEC4
:10B18000670A2046FEF7D4FE0546284606B070BD85
:10B190000023084603AA02A90293F7F753F80546CD
:10B1A0000028F2D1237B0B2BEFD801A252F823F019
:10B1B000974F0100814F0100814F0100A34F010013
:10B1C000754F0100354F01009B4E01009B4E010061
:10B1D0009B4E01009B4E0100354F0100354F010091
:10B1E0000846019110F0A4FA082805460FD1354B06
:10B1F00093F8B630DB070AD50199334810F0CCF844
:10B2000028B90325C1E70025284606B070BD07EE22
:10B21000905A2046B8EE670AFEF78AFE0546284691
:10B2200006B070BD00236069039E059368B104AA4F
:10B2300005A9F7F707F80028F0D1049B9E4204D235
:10B2400094F82C309A0728D53EBBA06900289CD0E2
:10B25000002304AA05A90593F6F7F4FF00282CD0D3
:10B26000022592E7039B082B34BF002534258CE789
:10B27000206908B1037893B90120039D85422CBF52
:10B280003425002581E7039B022B34BF002534259C
:10B290007BE7206908B103783BB9342575E70125C0
:10B2A000FFF7AAF805FA00F0E7E7FFF7A5F8039D16
:10B2B000A84294BF3425002567E7049B9E42ECD842
:10B2C00063E700BF34BE0020903A002070B584B020
:10B2D0000023674A0C4603A9009306460193029295
:10B2E000FFF75CFD054600284FD02378027B202B1A
:10B2F00003D114F8013F202BFBD0062A4AD0073A8D
:10B30000D2B2022A34D821469DED020A2846FFF720
:10B3100023FF50BB2B7F072B08D8012202FA03F32F
:10B3200013F0AA0F3ED113F0550F4BD1ECF70AFEE4
:10B33000039B1A6A0AB19047039B4E4A934200F05E
:10B340009180D86988B14FF00005FEF739FE0028DA
:10B3500035D1494B1A7862F30005039A0024474817
:10B360002946D2691C709047204604B070BD444DF8
:10B3700001AA69462046F6F765FF0028C3D02B7F57
:10B38000012BC0D9022004B070BD072E62D0352039
:10B3900004B070BD02AA69462046F6F7A3FF002854
:10B3A000B1D1ECE72B7B062B4CD029D3092B27D826
:10B3B0002B6A2146304698470028D6D1B6E70122AD
:10B3C0002D4BC8E72B7B0B2BDCD801A252F823F0C6
:10B3D0004D5101004D5101004D5101004D510100F1
:10B3E0004151010039510100315101002751010043
:10B3F00027510100955001004D5101001F510100DE
:10B400002B6A3046019998470028AED18EE72B6A07
:10B41000019A1A808AE72146286A10F027F985E701
:10B420002B6A029A1A6081E72B6A019A1A607DE7FB
:10B43000019B2A6A03F00703137077E72B6A019ACE
:10B440001A7073E72B6A30469DED020A9847002870
:10B450008BD16BE72378074A202B039287D10246D2
:10B46000074D46E7074AD2F80C21DA6169E700BFC9
:10B470000000C07FAC9800205FBC00207CC1002091
:10B480008C42006034BE0020F8B50E4C05462046C4
:10B4900010F04EF90646284610F04AF930440130C3
:10B4A000632894BF0127002705D823782BB92946A4
:10B4B00004480FF0DDFE3846F8BD034B1B88A3534C
:10B4C000F5E700BF30B40020AC360020024B00216D
:10B4D000024A996113607047AC9800204899002097
:10B4E0002DE9F047904F84B04FF00005BB6943B998
:10B4F0008E4A8F4C8F489049FA613A627C62B862FA
:10B50000F9628E4E012096ED070AF6F7F3FD01462B
:10B510008B4810F0ABF8FFF7B7FA002840F0D9805D
:10B5200096F8A431002B40F0E8804FF01F00FFF7A1
:10B53000D3FAFBF73BF800210120FBF7CDF8FEF72B
:10B540003FFD60F30005DFF80482ECF7FBFCFDF73C
:10B5500029FE04A898F81A31D8F8702113F00103D5
:10B56000784940F80C2D18BF07230392029281F806
:10B570009830F4F79FFA00F075FB002800F0A680E1
:10B58000002000F0E3FAC20500F191806E4A0E201F
:10B59000B6F80832118823EA0101FFF771FDD6F8E9
:10B5A000A0302BB100209847C1B20820FFF768FDFA
:10B5B00096F812120F20FFF763FD736E002B00F058
:10B5C000A980DFF8A491D9F8184054B1636A03B197
:10B5D0009847E36929465D4803B19847A469002C60
:10B5E000F4D196F803420620DFF850A104F00203DC
:10B5F00004F0010443EA840444F001042146FFF707
:10B600003FFD21461320FFF73BFDD6F81831002BF4
:10B610007ED09AF8031201F00103C1F340011B012F
:10B6200043EAC10141F003014120FFF729FD98F8E9
:10B6300012314648DB072CD40368454A23F0FF014A
:10B64000914226D0434AB2EB132F19DBD0ED296A81
:10B6500090ED317AD0ED4F7AF4EE476ADFED3E6A35
:10B6600067EEA67AF1EE10FAFCEEE77A14BF01223B
:10B67000002217EE903A62F30005A0F8983040D10E
:10B68000D8F80030354A62F31F23C8F80030FEF7BF
:10B6900041FED7F8F010D6F80C01314A314BC9F809
:10B6A0001C001160C7F8F03004B0BDE8F087C0F3AB
:10B6B00040024FF00101C0F30013102062F341017A
:10B6C00063F38201C9B2FFF7DBFC5FE700F096FA93
:10B6D00056E7FAF76BFFFEF773FC60F30005D6F848
:10B6E0000C31294619489847D6F81031002B3FF401
:10B6F0002AAF00210846984725E7BB6807209847EE
:10B7000013E780ED297A2946D6F80C319847B7E738
:10B71000032189E74FF0FF31162063F3082189B236
:10B72000FFF7AEFC4DE700BF4CC000209D3201008A
:10B7300099320100A9320100293C010034BE0020E9
:10B7400078B7002098BD0020880C00207CC1002024
:10B750000083D403F6D0030000007A4483D40300AE
:10B76000C4A80020293D0100AC980020014B002214
:10B770001A7070476CBC00202DE9F047194E00216B
:10B78000194A1A48F0F7B2FE307008B9BDE8F087E0
:10B79000174FDFF86890D7F8BC309847154C8046B3
:10B7A00005E0E36B73B9236C63B9337893B1D9F8CF
:10B7B000545000F08DFFA847D7F8BC30984780451B
:10B7C0000B4DEED00023094833701946BDE8F04711
:10B7D000F0F722BF2B6C4FF400710748BDE8F0472B
:10B7E000184700BF6CBC0020E09304007D540100AA
:10B7F00034BE002098BD0020D4BD00204CC00020E5
:10B8000038B51C4D1C4CD5F8D83198472368C01A60
:10B81000312800D838BDD5F8D8319847174B20606B
:10B820001B78002BF6D1164CA379002BF2D120897E
:10B83000C0F340200028EDD1ECF7C4FE03781BB91B
:10B84000104B5B7E002BE5D000F042FF102807D0A4
:10B8500040280AD00028DDD1BDE83840FFF78CBF72
:10B8600094F82930012BD5D1F6E794F82830012B34
:10B87000D0D1F1E734BE0020FCA600206CBC002033
:10B8800098BD0020C0BC0020704700BF4FF00000F2
:10B89000704700BF704700BF00207047704700BF6F
:10B8A00038B5436A0446051D13B12846984750B180
:10B8B00001222846A36A4FF0000184F84C209FED36
:10B8C000030A984738BD84F84C0038BD00000000DA
:10B8D0002DE9F0414A4D044692B0286870B10368E2
:10B8E0001B6A5BB1474B04EB840203EB02139842E3
:10B8F00004D0837B190674D5FFF7D2FF00239C4246
:10B900002B606ADB404B1B789C4266DAA600DFF8AE
:10B91000F48033191B0158F80330002B5DD03B4FE6
:10B9200097F870303BB197F92C30A34203D03B6DB0
:10B930000BB1ECF74BFE331908EB03139A7B12069D
:10B9400006D4334AD2F8B010D2F8AC209961DA614B
:10B95000351908EB051595F84C30002B35D03444DB
:10B96000442201A82B4D08EB041104310AF0A2F87F
:10B970009DF80E30264AD5F8E410107EC3F3C002BD
:10B98000012814BF002202F0010262F3C3038DF804
:10B990000E3011B101A8884700B31C4B0120FA6892
:10B9A00003F12C0187F87000B9620AB96422DA60E9
:10B9B00001A94422184802970AF07CF8D5F8E8302B
:10B9C000DBB115489847012008E06B6A8BB1281D50
:10B9D000984785F84C000028C1D1002012B0BDE87E
:10B9E000F0810B4BD3F8B0208261D3F8AC30C36147
:10B9F00082E7012385F84C30B1E70120EEE700BF74
:10BA000090AC002094B4002061BC00208CB70020D2
:10BA10007CC100204CC00020B8B700202DE9F047C1
:10BA2000DFF8BC8098F80030012B38D0002B3BD1D8
:10BA3000064608460F46FFF727FD002834D098F841
:10BA400000504422214B314605EB8504DFF89090ED
:10BA50004FFA85FA24011E511C44A764201D0AF0E8
:10BA600029F884F804A0337A33B195B16B1C5046A1
:10BA700088F80030BDE8F087154B1A68EAB1214616
:10BA80001448F0F78FFE99F800504FFA85FA002D10
:10BA9000ECD13146442210480AF00CF8E6E70B4B93
:10BAA0001B681B7A052B04D04FF0FF3A5046BDE8C7
:10BAB000F087002388F80030BAE7084A1C6092F843
:10BAC000023243F0200382F80232CEE794B4002021
:10BAD00090AC0020B1550100B8B7002034BE002062
:10BAE00061BC002002290FD0002812DB0E4B1B780E
:10BAF00098420EDA00EB80000C4A0301D05848B19E
:10BB000041B11344181D7047094B93F92C20824210
:10BB100001D00020704793F870202C33002A14BF06
:10BB200018460020704700BF61BC002094B400207C
:10BB30008CB70020044B93F8702012B193F92C00BD
:10BB400070476FF0010070478CB70020124B1B78D4
:10BB5000FBB103EB8302002310B4104C04EB021280
:10BB600006E032F9421C503A0B43A2429BB20CD081
:10BB70001BB20028F5D152F8501C503AB1F90A1006
:10BB8000A24243EA01039BB2F2D118465DF8044B8E
:10BB900070471846704700BF61BC002094B4002075
:10BBA000074B00221B780A703BB1064B1B685B7881
:10BBB000C01AB0FA80F0400970471846704700BFBD
:10BBC00061BC002094B400200130C0B2012801D92A
:10BBD00000207047014B93F8700070478CB700202D
:10BBE00038B9054890F870302C30002B08BF002081
:10BBF00070470020704700BF8CB70020084B1878B2
:10BC000018B908490848FFF709BF0138074B00EB8E
:10BC1000800203EB02131B7B052BF2D140B270476D
:10BC200061BC0020B06A0020080F002094B40020FE
:10BC300008B50A4B1B7823B9002802DBFFF7DEFFAB
:10BC40000020074A92F870301BB192F92C208242F2
:10BC500002D0FFF73DFE0346184608BD61BC002038
:10BC60008CB7002010B5094C207810B1012805D000
:10BC700010BDFFF7DDFF20780128F9D1044B1B68C8
:10BC8000187A053818BF012010BD00BF61BC002024
:10BC900094B4002010B50446FFF7E4FF01280DD04E
:10BCA000002140F28B10FFF779F848B10021FEF730
:10BCB000C3FD201A18BF4FF0FF3010BD002010BD8B
:10BCC0004FF0FF3010BD00BF002838D01D4B1B784F
:10BCD000002B34D0F0B51C4D002485B006462A68F0
:10BCE0002046AB6C0F4652788DF8004001938DF8DA
:10BCF0000120FFF7CFFF431C8DF8020014BF012382
:10BD000023468DF8083014D0104B9DF9002093F98C
:10BD10002C40A24210D004350395B4FA84F464098F
:10BD20008DF8094039466846B04700B9002005B093
:10BD3000F0BD04350395F3E72C330393EDE70020C2
:10BD4000704700BF61BC002094B400208CB7002075
:10BD5000642938B543684BD01A7AD20645D40929EC
:10BD60005CD8DA680A2A40D0D3ED007A0A219FED28
:10BD7000357A67EE877AF5EEC07AF1EE10FA41D99E
:10BD800090ED057AD0ED066AF4EEC77AF1EE10FA7E
:10BD900008D4F4EEE67AF1EE10FAD4BFB0EE677A8A
:10BDA000B0EE667A83ED017A04464368D96000F00C
:10BDB0008FFC60B9E36A43B3256B35B362682046F4
:10BDC00092ED010A984701462046A84704E01E4A22
:10BDD000937A43F008039372402004F0F3FA1B4B6C
:10BDE0009B6B0BB100209847636893ED010A38BD47
:10BDF000DA68642AF9D0D3ED007AF5EEC07AF1EE74
:10BE000010FABDD89FED127ACCE7636B002BE3D01C
:10BE10006268204692ED010A9847DDE7C829DA6892
:10BE200028BFC8219142E0D06429D3ED007AA2D086
:10BE300007EE101ADFED076AB8EEC77A27EE267A0A
:10BE400097E700BFCCCCCC3D98BD00204CC0002073
:10BE5000000000000AD7233C38B505460C4643686D
:10BE600011B11A7AD20605D51A7A204664F3041263
:10BE70001A7238BD6421FFF76BFF6B6820461A7A8F
:10BE800064F304121A7238BDF8B53F4D2B782DEDCE
:10BE9000028B0BB96B781BB10020BDEC028BF8BD97
:10BEA000CBB20E46044613F0010138D0827AB0EED0
:10BEB000408A476A12F0080F426801D09B0755D4A8
:10BEC000D368642B5AD007EE903A9FED307AF8EEA3
:10BED000677A67EE877A67EE887AF5EEC07AF1EED8
:10BEE00010FA4ED994ED057AD4ED066AF4EEC77ACD
:10BEF000F1EE10FA08D4F4EEE67AF1EE10FAD4BFBF
:10BF0000B0EE677AB0EE667A82ED017A3146626809
:10BF10002046D360636893ED010AB84705E09FEDC2
:10BF20001C8A436A9FED1A0A98476368C6F340016A
:10BF3000102083ED008A63681A7A66F300021A7291
:10BF400063681A7A61F341021A7204F03BFAB0EEA8
:10BF5000480A01F05BFB2A780B4B002A9CD15B78E6
:10BF6000002B99D10120BDEC028BF8BDD3689FED69
:10BF7000088A642BA7D1B0EE487AC5E7F0EE487A7C
:10BF8000ABE79FED037ABFE798BD00200AD7233CBB
:10BF9000000000002DE9F8432DED028B054689468F
:10BFA000B0EE408A1746984600F092FB022823D054
:10BFB000B0EE480A49462846FFF766FF064628B90C
:10BFC00000263046BDEC028BBDE8F8832E49CB7FBE
:10BFD00003F0080202F0FF04A2B16FF3C303CB77B2
:10BFE0002A4B5B6C002BECD02846494698473046DC
:10BFF000BDEC028BBDE8F8830126BDEC028B304618
:10C00000BDE8F8836B8923F4FF6323F003031B056A
:10C010001B0D042B12D0002FE2D0EB7A1B07DFD4CC
:10C0200007EE907A4046B8EE670ADFED197A80EEA7
:10C03000270AF6F7FBF90028D2D1C1E7D5ED077A38
:10C04000F5EEC07AF1EE10FAE5D94EF66023002F36
:10C0500008BF1F4602E0A4B2A7420ED3AB6A28462F
:10C06000984710F0400F9FED0B0A4046B8D1F6F705
:10C07000DDF9C8340028EED1A2E7ECF7A7FA0E20CC
:10C0800004F052F99CE700BF98BD00204CC000208E
:10C0900000007A44CDCC4C3E70B52DED028B0546A8
:10C0A0000C46B0EE408A1646F8F7E6FBD8B10F4BC7
:10C0B0001B6C2BB13246B0EE480A21462846984701
:10C0C0000B4BE207B0EE480A214648BFB3F8A02068
:10C0D000284658BFB3F8A2200023BDEC028BBDE870
:10C0E0007040FFF757BFBDEC028B70BD4CC0002005
:10C0F0007CC100202DE9F0412DED028B837A1B07D6
:10C100001DD4836ACCB20546B0EE408A17460E466F
:10C110009847114B60401B78184204D10120BDECB8
:10C12000028BBDE8F081B0EE480A3A463146284617
:10C130000123BDEC028BBDE8F041FFF72BBF9FED63
:10C14000070AFFF7A1FE064B9A7A60F3C3029A72C0
:10C15000BDEC028BBDE8F0818C0C002000000000DB
:10C1600098BD0020642909D007EE901A9FED157A3A
:10C17000F8EE677A67EE877A20EE270AB5EEC00AF6
:10C18000F1EE10FA1BD9D0ED057A90ED067AB4EEF7
:10C19000E70AF1EE10FA08D54368C3ED017A436867
:10C1A000D960436893ED010A7047B4EEC70AF1EE17
:10C1B00010FAD4BFF0EE407AF0EE477AECE7DFED0C
:10C1C000027AE9E70AD7233C000000000E4B93F8FF
:10C1D000702012B9102004F0F5B810B5DFED0B7A1D
:10C1E00000221C6B03F12C001146B0EE670AC4ED6F
:10C1F000017AC4ED007A1C6B22721B6D98471020E7
:10C20000BDE8104004F0DEB88CB70020000000004C
:10C2100008B5054B93F8700028B15A6D03F12C0056
:10C22000904700F0010008BD8CB70020704700BFA8
:10C2300038B50446C06888B1094B0D461B6C2BB15C
:10C24000627894ED020A21789847E0682A4694EDD6
:10C25000020A2178BDE83840FFF74CBF38BD00BF67
:10C260004CC000202DE9F041484F054697F8203199
:10C27000D9074CD44FF00008454CF7F74FF8064665
:10C28000404684F80180ECF79DF900285ED0002E2E
:10C290006CD0336DC26893425FD0002A56D02261C1
:10C2A000002283686270E36003782371002E5FD000
:10C2B00094F9013004EB03131B69B27D22709B7A61
:10C2C0001A0703D597F81031DB0642D4314C2368A6
:10C2D00013F0280F29D1102D2F4A33D002202F4BD5
:10C2E000002182F828001977206813892028A0F1FE
:10C2F0000800C3F380032A4918BF0025B0FA80F074
:10C3000083F0010340090D609370BDE8F081234C78
:10C3100004F12000F7F7C6FB94F83430002243F014
:10C320001203E26384F83430A4E7002001F074F9CA
:10C33000194A1C49102D937A1B4843F002030860E8
:10C340009372CBD1022382F82930CDE700232361F9
:10C35000ACE79E20F6F78AFDB8E7F16C96F844202A
:10C3600084F801802361E1602271A6E7C26894E746
:10C370000E4B0F4A9B6F567E984794F9013030431D
:10C3800004EB031320701B6999E700BF7CC10020F8
:10C390009CAC002000B8002098BD002064A90020BB
:10C3A000ACA9002074990020356D010034BE002036
:10C3B000C0BC002008B500F0EFFEFFF707FF064BFA
:10C3C0004FF000005B6F9847044B0B20DB689847E9
:10C3D000034B044A1A6008BD34BE00204CC0002044
:10C3E000749900203D5F010040070CD5094A10B543
:10C3F000937A590708D4084B0420084A1A601B682E
:10C40000BDE81040184770476FF38203937201F044
:10C4100093F9F0E798BD002074990020356D010074
:10C4200040074AD52C4AF0B5937A85B059074CD4C9
:10C430002A4C0022DFED2A7A236B1146294DB0EEFB
:10C44000670A84F824201846C4ED0B7A5B6A984783
:10C4500095F8343103F0020303F0FF0273B3224B6B
:10C46000224E1E4F3360237F9B0704D43368042081
:10C47000984705B0F0BD95F82131D5ED497A9B007C
:10C480001849FA1892ED007AB4EEE77AF1EE10FA54
:10C49000ECD504AA01ACD1F82851134497E8070061
:10C4A00084E807003946204643ED037A41F8205FCF
:10C4B000F4F752FC0028DCD1D8E770470C4B10464B
:10C4C00084F836205B6F9847C9E76FF38203937255
:10C4D00001F032F9ACE700BF98BD002064A900204C
:10C4E000000000007CC100207567010074990020E5
:10C4F00034BE0020104B062070B5DB68022598473B
:10C500000E4B0F4A0F49104C0B60137FA07A43F07B
:10C51000040384F828501377430704D40B680420DD
:10C52000BDE870401847002001F076F8A37A43F088
:10C530000603A37270BD00BF4CC00020F96001006B
:10C5400064A900207499002098BD002010F04003D9
:10C5500008D04E4B1A7F120767D51A7F42F00402AB
:10C560001A7770474007FCD52DE9F047484DAA7A65
:10C5700051072DED028B82B07AD4444C454E237F77
:10C5800096F820216FF38203434F44492377D30762
:10C59000396002D5237F580738D4D6ED4E7A9FED07
:10C5A000408A237F67EE887ADFF8008143F0080332
:10C5B000DFF8E0A008F10400FCEEE77A2377CDED88
:10C5C000017ABDF80410FFF733FE364B364A9B6FF5
:10C5D00092F819909847C0B2484511D0DAED4F7AD9
:10C5E00098F8000027EE888AFCEEC87ACDED017A33
:10C5F000BDF80410EBF7C0FB98F80000EBF7F6FF6E
:10C60000237F00226FF3C3032A772377227F1F4BF8
:10C61000510733D41A7F920709D43B68042002B033
:10C62000BDEC028BBDE8F0471847FFF763BF1F4C16
:10C630004FF0040ED6F82C0103F1200194F90120EB
:10C64000267804EB0212186203F10C0085F828E04A
:10C650001479D26883F8366083F82440DA62F4F7FC
:10C660007BFB0028D9D002B0BDEC028BBDE8F0877F
:10C6700063F38202AA7201F05FF87EE702B0BDECBC
:10C68000028BBDE8F047FFF735BF00BF64A900206B
:10C6900098BD00207CC10020749900209969010098
:10C6A00000007A4434BE0020C0BC00209CAC0020B6
:10C6B000054B93F8200110F0010003D0034B187FC5
:10C6C000C0F38000704700BF7CC1002064A9002037
:10C6D000014B1868704700BF00B800202DE9F04FEB
:10C6E000DFF808B381B0DBF80060864211D0102873
:10C6F000044600F098800FD9802870D05ED820289A
:10C7000050D0402840F0CF8040F283123240002ABF
:10C7100061D001B0BDE8F08F02282AD8002840F08F
:10C72000A9800022A44DA54CA548A64922770860FF
:10C730002889A54CC0F34010CBF80020AA70AA723B
:10C7400085F8282085F829202260002840F00A81F9
:10C750002B896FF3CB232B81002385F88030864211
:10C76000D7D09A4B5B6B002BD3D001B0BDE8F04F14
:10C77000184704287ED0082840F09580002E00F04D
:10C78000A8808D4DA6F104012A8940F20113B1FA67
:10C7900081F13340490961F3CB222A81002BB8D1C2
:10C7A0003046D9E7B6F5007F00F0E7802020854AC3
:10C7B0008749CBF8000011607F4DC9E7B0F5807F55
:10C7C00058D0B0F5007F6ED17E4A8249CBF8000088
:10C7D0001160794DBCE77D4A0620D2689047764DBE
:10C7E0000222204685F82820FFF73CFD00285DD175
:10C7F000754A1268944203D0CBF8004000F018FB51
:10C80000DBF80000802859D0A0F104012A8940F209
:10C810000113B1FA81F10340490961F3CB222A8166
:10C82000002B9CD198E7B006634D14D4EA7F9207A1
:10C8300011D41020FFF716FD28B90120614A66497E
:10C8400085F8290011602A8910206FF34512CBF872
:10C8500000002A817CE75C4A1268102A2AD0EB7F0C
:10C86000554A03F04203422B8CD1138943F0200335
:10C87000138187E7A4F104074F4D524940F201129A
:10C880005648B7FA87F72240CBF8004008607F0986
:10C890002989002067F3CB21A87020462981002A2E
:10C8A0007FF45FAF58E73046434DADE72046CBF805
:10C8B0000040A7E72A899306D1D5BAE74149484AFB
:10C8C000096891423FF444AFFFF774FDDBF80000C4
:10C8D0009AE7F6F723FD0746002851D0364DCBF8EE
:10C8E0000040AE7100F066FF97F84420140631D581
:10C8F0003C4CD4F8D8219047396D81460A6C0AB176
:10C900009047396D3A7D02F0400202F0FF00002AA4
:10C910003AD1CA6B90474269DFF8B0A002F1020831
:10C9200011E0DAF85420DBF800009047D4F8D82161
:10C93000904741F28832C9EB000090422ED8EA6B52
:10C9400012F0300F30D13A6D0020D26B904742691F
:10C950009045E6D100F0FAFB1A4A1D49DBF80000C9
:10C96000116051E71F4A102705F13C000821126CA5
:10C9700027609047DBF8000046E7134A166015E78A
:10C98000DBF800000C4D3FE7CA6B01209047D0ED6B
:10C99000007AF5EE407AF1EE10FADBD10E2001B00C
:10C9A000BDE8F04F03F0C0BC0E4B20210E481B6CBD
:10C9B00001B0BDE8F04F184798BD002064A90020E1
:10C9C0000167010074990020ACA900204CC0002030
:10C9D000496A0100E1690100756701003D5F0100DE
:10C9E0003161010034BE0020D4BD002000B8002019
:10C9F00010B50446800719D4210713D4620507D463
:10CA0000A30500D410BD8020BDE81040FFF766BE2E
:10CA1000084B0120D3F8E03098474FF40070FFF73F
:10CA20005DFEEDE71020FFF759FEE7E70820FFF76E
:10CA300055FEE1E734BE0020430610B5044606D596
:10CA4000064B1B68402B02D04020FFF747FE044BEB
:10CA500020461B68BDE81040184700BF00B8002002
:10CA6000749900202DE9F043450785B0044604D5AC
:10CA70007C4B93F82031D8074BD4A2055BD46306D6
:10CA80005ED4A70740D5784C2068102876D080283F
:10CA90002CD0B0F5007F29D0402840F0BE80734DE7
:10CAA0002B7F5E0740F1D680714A0421714E724B94
:10CAB00032602A7F83F8281095076C4B12D569499C
:10CAC0001A7F91F82101D1ED497A6FF3820203EBCD
:10CAD00080051A7795ED037AB4EEE77AF1EE10FA55
:10CAE00040F2A080042033689847206810F0C0000E
:10CAF0000CD1614CA57AFFF7F1FD0820A572FFF774
:10CB0000EDFD05B0BDE8F08323042AD405B0BDE8EF
:10CB1000F083594DAB7A59071DD4584BDB6E9847BB
:10CB2000514BC0F3C0001B6885F82800802BA4D1AE
:10CB3000FFF740FCEAE78020FFF7D0FD6306A0D5B1
:10CB40004E4BDB6E98474C4BC0F3C00083F8280077
:10CB500005B0BDE8F0836FF38203AB7200F0ECFD2B
:10CB6000DBE7464BDB6E984700F0080000F0FF0360
:10CB70000028CBD1404A82F82830C7E73E4D2B7FB2
:10CB80000BB908232B77374E96F8103119060DD4C0
:10CB90003B4B93F9012003EB02131869836A984712
:10CBA000C2073CD5002320682B779FE7344F97F9C5
:10CBB000013007EB0313186993F80480836A08F0C7
:10CBC0000108984700F001004045DFF8B8800CD01C
:10CBD0000A20D8F80C30984797F90100B6F8A01051
:10CBE00007EB00100430FFF723FB244B97F800906D
:10CBF0009B6F9847224FC0B2484507D03878B6F8A7
:10CC00009810EBF7B9F83878EBF7F0FC0020D8F87B
:10CC10000C3028779847206868E7174DB3E7EBF7A3
:10CC2000D5FCBFE7D1F828E103F10C0204A901AF5C
:10CC3000D3F818C001EB800507CA87E8070019463A
:10CC4000384645F80CCC41F820EFF4F785F8002879
:10CC5000E1D147E7094BDB6E984700077FF524AF2A
:10CC6000D9E700BF7CC1002000B8002064A90020E3
:10CC70005D6201007499002098BD002034BE002040
:10CC80009CAC00204CC0002008B510F0400312D12D
:10CC900040070FD50C4A0D48917A82F82830490791
:10CCA00003770CD40020FFF719FD0820BDE80840E9
:10CCB000FFF714BD08BDBDE80840FFF71BBC937229
:10CCC00000F03AFDEEE700BF98BD002064A9002007
:10CCD000830726D570B5134C134D94F8840080B9A2
:10CCE000D5F8E03003B19847104BD3F8D43013B1E6
:10CCF000D4F8D4009847802003F064FB94F8843083
:10CD00000BB14FF400730A4A00201360FFF7E6FCF2
:10CD10000820FFF7E3FC2B6C01210648BDE87040BA
:10CD200018477047C0BC002034BE00204CC0002013
:10CD3000ACA90020D4BD0020022830D038B545056C
:10CD4000044626D4610704D422060ED423071BD43C
:10CD500038BD134B93F88430002B14BF4FF4007090
:10CD60000020FFF7BBFC2206F0D50120012500F0D2
:10CD700053FC0C4B0C499A7A0C4842F002029D700D
:10CD800008609A722307E3D51020BDE83840FFF70A
:10CD9000A5BC074B0120D3F8E0309847D2E7704795
:10CDA000C0BC002098BD002074990020C56A010015
:10CDB00034BE0020420711D538B5174B174C1B68FD
:10CDC000202B1AD0164B154D1868FFF787FCE17918
:10CDD00029B9144B93F884304BB938BD7047124BC6
:10CDE00005F140009B6C98470023EB7138BD4FF470
:10CDF0000070BDE83840FFF771BC0025A572F6F75A
:10CE0000C7F900F085FBF6F793FD04F18C010748A4
:10CE100003F02AFAA570D5E700B8002098BD0020DD
:10CE2000ACA90020C0BC002034BE00202CBD0020D6
:10CE30002DE9F041714C82B0F6F7A4FD0025E179AF
:10CE4000A572002940F096806D4D2B68802B12D082
:10CE5000B3F5007F00F08680402B0CD02389674A11
:10CE60005B0779D40120674B674982F82900196074
:10CE700002B0BDE8F081654E0022604996F820318D
:10CE80002277DF0754D5CB7F580751D4337E012B4F
:10CE90004ED05F4F3B7FDA077ED596F821E194F8BC
:10CEA00048305A4A23FA0EF3DB0741D507EB8E03CD
:10CEB000D2ED497ADFF8588193ED037AB4EEE77A40
:10CEC000F1EE10FA34D5534B4E4C236098F81C30D9
:10CED000580700F18880D2ED4C6A08F10C0337EE58
:10CEE000267A93E80700F4EE477A88E80700F1EE27
:10CEF00010FAC8BFF0EE477AC7ED067A07EB8E0E40
:10CF0000434D9EED007AB4EEE77AF1EE10FA4DD47F
:10CF1000287FC0F3800028B93B7F60F341033B7753
:10CF20000028A5D12368042002B0BDE8F0411847CD
:10CF3000FFF74CF996F83431374E9A0721D52B6814
:10CF4000802B1ED0F36E9847C0F3C00084F82800F1
:10CF500023892A4A5B0785D5002002B0BDE8F0414D
:10CF6000FFF7BCBBFFF732F92B4B4FF000005B6FB4
:10CF7000984773E7284E04F14000B36C9847E57179
:10CF800062E74FF00000736F9847F36E9847C0F365
:10CF9000C00084F82800DBE73B7F8C3107F10C00F0
:10CFA00043F001033B7703F05FF976E71B4A05F195
:10CFB0002001D6F82C61284692F901302E6202EB4E
:10CFC00003131278CEED007A1E7985F836201A699F
:10CFD000DB6885F82460EB622A63F3F7BDFE2B7FE4
:10CFE00059079DD498E70E494046019203F03CF959
:10CFF000019AD8ED067A92F821E17FE798BD0020EA
:10D0000000B8002074990020756701007CC10020E1
:10D0100064A900203161010034BE00209CAC0020D6
:10D0200024BE0020430700D47047FFF701BF00BFB4
:10D03000344A354B12689A4200D070472DE9F041CE
:10D040000020EBF7BFFA0378DC0758D52F4D2C7F73
:10D05000002C3DD0A00723D52D4E00222D4C336C43
:10D060002A7743B194F9010011469FED2B0A04EB96
:10D0700000100069984794F901304FF000019FEDCE
:10D08000260A04EB0314214F2069FEF7FDFE2B7FD7
:10D09000B26B43F001032B770AB1002090473C7F2D
:10D0A00061072CD51A4C0A20E3689847194B1B4995
:10D0B00093F90120B1F8A01003EB02100430FFF740
:10D0C000B7F80020A36B2877CBB1BDE8F041184733
:10D0D000AB7A1A0713D50F4E3069836A9847C30796
:10D0E0000DD596F901000D4B06EB0010B3F8A0101A
:10D0F0000430FFF79DF8AB7A64F3C303AB72BDE86D
:10D10000F08100BF749900207567010098BD002070
:10D110004CC000209CAC0020000000007CC100201E
:10D1200010B5074CA3794BB1064A0121064B92F882
:10D13000FC00D3F88C3098470023A37110BD00BFCA
:10D1400098BD00207CC1002034BE002070B50123B2
:10D1500000240C4A0C4D18460C4E0D499471F47085
:10D16000D5F888200B709047D5F884309847094B44
:10D17000B3F8920100B970BDEB6B2146BDE8704079
:10D18000184700BF98BD002034BE0020E4B4002042
:10D190006EBC00207CC10020F8B50024224DFFF7B2
:10D1A00097FA224AD5F888300746214E2046147057
:10D1B000984721461F48EFF72FFAB6F80811FF29C4
:10D1C00022D0042F12D0802F17D0B1FA81F4640935
:10D1D0009CB921461848EFF71FFAB6F808212146F6
:10D1E0001548EFF783F9154B9871F8BDD5F88C30D9
:10D1F000012196F8FC009847F8BDD5F88C30012144
:10D200004FF000009847F8BD0C4B1B6C43B9802FC2
:10D21000F3D0D5F88C304FF0070001219847F8BDC6
:10D22000042FD0D1F5E700BF34BE00206EBC002033
:10D230007CC10020C5D60000316E010098BD0020E1
:10D24000044B187820B1044B986A003018BF0120B5
:10D25000704700BF6EBC0020E4B400202DE9F0410F
:10D260009F4CA36A4BB19F4B2046D3F89830984708
:10D270000022A3682270002B6AD0E36A002B68D0DA
:10D28000994E96F83830984D012B00F0C580E06932
:10D290004FF000022369E168034491488B42E36147
:10D2A0000FD9C7785B1AD6F88C504FF0010217F0EF
:10D2B000010FC3610CBF01234FF0FF331D44C6F8BB
:10D2C0008C50206A6369864D0344994223620FD2D1
:10D2D000EF785B1AD6F8900042F0020217F0020FC6
:10D2E0002B620CBF01234FF0FF331844C6F89000A7
:10D2F000A0697B4DA0B16B6A034499426B620FD267
:10D30000E878591AD6F8943042F0040210F0040F6D
:10D3100069620CBF01214FF0FF310B44C6F8943015
:10D320003389D1B2A2701B056D4A6F4802D5C37A0A
:10D330000B409370A3686A4A23B1013B93600BB121
:10D34000BDE8F081694B1A6852681A60BDE8F08147
:10D35000E362664A664B12681B689A4200F0958049
:10D360006449E2620868D3685D4D834206D05D4A35
:10D3700018460B60D2F894309847EA6A9369A06A1D
:10D38000A3609368564D984200F0BC80E97893F80A
:10D390002C607140697001B1EE70002800F0B4801B
:10D3A00090F9320093F932104F4E88420CD096F823
:10D3B000271096F8253041F0200143F0010386F84C
:10D3C000271086F825309368A3620121586993F8E5
:10D3D0002F20E0605006217011D5DA8DF2830EE027
:10D3E000F8EEE77AF5EE407AF1EE10FA14BF01217B
:10D3F0000021F1F767F8A36AAA689A62A36A9D6A96
:10D4000005B32B786878D5ED017A002BE8D1B8EE1A
:10D41000E70AF1F74BF8EEE7324BD3F814319847AF
:10D42000C2077FF534AF002105F18C0205F12C0312
:10D4300085F83810EF6B07CA47F08007EF6383E881
:10D44000070024E7596A39B12B48EFF76FF9002834
:10D4500041D0A36A00225A62E168E26A4908A36ADD
:10D4600061622162E161916A18696160C840D56AB0
:10D47000A061D868C8406061986820FA01F1216114
:10D4800005B3D169586BA847FBE6FFF785FEA36A91
:10D4900093F831205AB15A6B927A110707D5174A7F
:10D4A0000021D1645B6B1A6B184619699047002301
:10D4B000104D0C4A0421A3622B60126C1048BDE889
:10D4C000F0411047116B00293FF4DBAE586B92ED31
:10D4D000080A8847D5E6A36A586A0CF0FDFAB8E74F
:10D4E000E4B4002034BE002098BD002094B3002096
:10D4F00090B30020A8A400203123000010AC00202D
:10D50000D4BD0020014EAEE7004E5DE798BD00207F
:10D51000F8B52F4CD4F8103113B1002108469847C4
:10D52000FFF73AFE2B4B002100E011464A1C43F85E
:10D53000343C3833082A43F8702CF6D18A1C264E26
:10D540000021264BC6F8C021C6F8C461084600E099
:10D5500011464A1C43F8303C43F80C0C0025092ABC
:10D5600043F8342C03F13403F2D11D488B1C1D4FBA
:10D570005022DFF894E029463860C0F8D4311A4FC1
:10D580001A4BCEF80000C0F8D801C0F8FC5118487A
:10D590001D603E600CF00CFE2946302215480CF050
:10D5A00007FE236A144A07EE903A9FED147AA2FB15
:10D5B0000323134AF8EE677A12485B0A67EE877A0C
:10D5C000590013609B005160C0ED007A9360F8BD74
:10D5D00034BE00204CB5002014B50020BCB10020A2
:10D5E00088B1002090B3002044B700209CAB0020FD
:10D5F00010AC0020E4B40020D34D62100000704253
:10D60000F8A10020A4A4002094B30020014B83EDD6
:10D61000130A704710AC002038B580B92348016860
:10D6200061B1234B0024D3ED0B7A1A7867EEA77A09
:10D63000046042F00102C1ED0A7A1A7038BD1D4C37
:10D640001D4D236D98471D4B296818684B681C4A6F
:10D6500083420CBF01200020107002D0E36C984779
:10D66000DCE718485A6883682A60022B04D9C06A2C
:10D670008069B3EBD00F01D252682A605368994297
:10D680000ED092F82430022B04D009E093F8240045
:10D69000022805D1536858681A468142F6D11A46C5
:10D6A0001169034BD96253682B60D7E79CAB00200C
:10D6B00010AC002034BE002090B3002094B30020B2
:10D6C00056BC0020E4B40020F0B5174C237803F0DA
:10D6D0000603022B09D023780021144A43F00403E7
:10D6E00011606FF300032370F0BD114B114F1B68E5
:10D6F0001D4603F1300E63612868103555F80C1C87
:10D700003E4655F8082C103755F8043C75450FC6B1
:10D71000F2D1286869686268A568E368A561226239
:10D72000E36103C7D7E700BF10AC00209CAB00202B
:10D7300044B700200CB70020F0B51A4C237803F052
:10D74000020333B903F0FF022270174B00221A6064
:10D75000F0BD164F666907F1300E3D4610361037A2
:10D760000FCD754546F8100C46F80C1C46F8082CF1
:10D7700046F8043CF1D1F7EE046A0D4D032303CFC4
:10D7800030607160D4ED077A606986EEA77AA1698E
:10D79000226AC4ED037A2860A1606260237084ED80
:10D7A000047AD2E710AC00209CAB00200CB700201C
:10D7B00044B700202DE9F04FDFF8B4B19BF80A30F0
:10D7C000D8072DED068B83B000F1DB825F4EDFF8CA
:10D7D000A4819FED5F9ADFED5F9A9FED5FAADFED79
:10D7E0005FAA33685E4D5A68D8F800309A4200F05C
:10D7F000C8822B68DFF86891002B00F07882594BC3
:10D800001B7803F0FF02002B40F0BB82564BF6EE74
:10D81000002A564C1146D6F800A0D3F800C028685C
:10D82000CAF808C0CAF82C20CAF8302094ED044A7F
:10D8300090ED0D2AD4ED0E4A32EE444AD4ED0F3A63
:10D8400094ED0C5AB0EE428ADFED447AB5EE404AD0
:10D85000D4ED0B6AB1EE451A94F82430D4ED0A5A8F
:10D86000B0EE677AF1EE10FAD4ED0D1AF4EE634AD9
:10D87000DFED378A48BFB0EE494AF1EE10FA14BF27
:10D880004FF0010E4FF0020E25E072EE647A75EE55
:10D89000266A77EEA77A87EEA66A78EE868AF4EE95
:10D8A000C78AF1EE10FA00F193810123F0EE456A88
:10D8B000B0EE648A19461A46B4EEC84AF1EE10FA80
:10D8C0003ED5F4EEC85A37EE2A7AF1EE10FA77EE2A
:10D8D000687A40F18980012B00F08881C0F0B48122
:10D8E000032B55D190ED0C6A27EE863A76EEC50AE9
:10D8F000B4EEE03AF1EE10FAC7DAF0EE660A78EE2E
:10D90000A78A76EEC36AE3EE620AF4EEC78AF1EE06
:10D9100010FAA0EEE78A0DD5B4EEE58A77EE687AC4
:10D92000F1EE10FAE0DC002A00F01484114684F8CD
:10D9300024305CE0B4EEC84A0121F1EE10FAC0D404
:10D94000002A54D084F8243051E000BF90B3002066
:10D950000000000017B7D1B817B7D1383EC32E3931
:10D960009CAB002056BC002044B7002010AC002027
:10D9700098BD002094B30020F4EEE53A77EE687A83
:10D98000F1EE10FA40F31482B0EE638A0223012212
:10D9900090ED0C6A27EE866AB4EEE66AF1EE10FAB4
:10D9A00040F10981B0EE663AF0EE480AA6EE623A1E
:10D9B000E3EE670AF4EEE50AF1EE10FA40F3FB80BD
:10D9C00076EEC66AB0EE608A78EEA78AF4EEC78A71
:10D9D000F1EE10FAAED5F4EEC85A012177EE687A6E
:10D9E000F1EE10FA3FF577AF002A40F0B683002938
:10D9F00040F0B0839BF80A301A0703D49CF831300A
:10DA0000002B40D090F84430DB0740F16781826CF6
:10DA1000002A00F09881D0ED037A92ED027AA36893
:10DA200017EE902AB8EE676A90ED130AD31A07EE44
:10DA3000903A036DF8EE677A5A681846D168C7EED7
:10DA4000866AA6EE870AFEF78DFBD4ED137AD24BD9
:10DA5000B4EE670AF1EE10FA15D02868016DCA6AB3
:10DA6000002A00F0688183ED130A0B6BCAF82C3092
:10DA7000006DC36A9847CAF81C009BF80A306FF320
:10DA8000C3038BF80A3094ED037AA36828EE077A73
:10DA9000C148FAFE477AFCEEE77A17EE901A5A1A56
:10DAA000CAF818203AB99BF80A20DFF8F8C297079D
:10DAB000964600F1568107EE903AD4ED016AB74BD5
:10DAC000F8EE677A286878EEA68AD3ED006A90F8B7
:10DAD00044E077EEC77AB04A1EF0800F88EEA76A5E
:10DAE00066EE267AFAFE677AFCEEE77A17EE903A4F
:10DAF00000F0DA8090F814E01EF0400F40F0D4807F
:10DB00004FF0010C92F824E08AF825C0CCEB0E0E01
:10DB1000D2ED107AD2ED116ABEFA8EFEE8EEA67A48
:10DB20004FEA5E1EC2ED107A8AF826E0126CCAF83F
:10DB300014209B4A1768BB4280F0BE800022CAF8BE
:10DB4000282007EE901ACAF80C30E26AF8EE677ADD
:10DB50003368CAF8102094F8242037EEC77A8AF880
:10DB60002420D4ED0A7A27EE067A5B68F4EEC87AB0
:10DB700080ED0D8A3360A160F1EE10FA84ED017A38
:10DB8000FFF631AE037D590600F17C82B5EEC08A06
:10DB90009BF80A30F1EE10FA00F3C98203F0040298
:10DBA000804902F0FF00002A40F0D082C9F800004E
:10DBB000F5F78EFB15E678EE657A31EEA63AB0EE13
:10DBC000658A37EEA76AF0EE616AC6EE037AFBE675
:10DBD000F4EEE54A012277EE687AF1EE10FA40F3AE
:10DBE000D580F0EE456A1146B0EE648AB0EE486A20
:10DBF000A1EE278AF4EEC83AF1EE10FA0ADC78EECC
:10DC0000A78AB0EE486AF4EEC78AF1EE10FA12D491
:10DC1000012351E636EE636AC6EE057A78EEA78AEE
:10DC2000F4EEC78AF1EE10FA3FF5A6AEB0EE638AC5
:10DC30000223012240E6B4EEE58A77EE687AF1EE3F
:10DC400010FAD5DC0123CFE690ED0C6A27EE863A78
:10DC5000F0EE660AE3EE220AA0EEE78AF4EEC84A86
:10DC6000F1EE10FA0EDD72EE647A734635EE263A66
:10DC70000122B0EE648A37EEA76AF0EE456AC6EE7E
:10DC8000037AA1E678EEA78A76EE836AF4EEC78A75
:10DC9000F1EE10FA7FF54EAEB4EEE58A77EE687AD3
:10DCA000F1EE10FAD2DC3EE600228AF825203C4A4A
:10DCB0001768BB42FFF442AF5768BB4215D3926866
:10DCC00093422CBF03220222DAF81870D340CAF81C
:10DCD000282007FA02F2CAF8182032E7036D9FEDF8
:10DCE000320A5B6883ED009AAFE60122ECE79BF80D
:10DCF0000A30590763D5F5F70BFB2860002840D0A0
:10DD0000037D5A0600F15A81234C217811F0010E4F
:10DD100058D0264B93F8203113F0010300F0168100
:10DD200001F0040303F0FF02002B00F0A5816FF364
:10DD300000012170ACE04A6B8AED080ACAF8302075
:10DD400083ED130A99E6838A03F4C073802B00F0F5
:10DD5000688190ED130A006D4368D968FEF702FAF6
:10DD600073E6124B4EF0010E93F820318CF80AE066
:10DD7000DD0706D50378580703D4237843F0020360
:10DD8000237003B0BDEC068BBDE8F08F1346F0EEB8
:10DD9000456AB0EE648AC9E510AC0020A4A4002056
:10DDA000F8A1002098BD0020000000007CC10020E8
:10DDB000B0EE665A0A46F0EE634A0223E7E7F5F74B
:10DDC000ADFA9AE7DFF8C0C3F7EE046A8368DCF8BF
:10DDD0000020DB00526813614368CCF80020DB00B0
:10DDE000D3600368DB009360C368DB005361037C8E
:10DDF00082F82C30036C1362436BD361D0ED037A4D
:10DE000090ED0D6AF8EE677A87EE867A82ED067AF3
:10DE1000036D5363836D9362438AD38590F9113008
:10DE200082F83230037DC3F3C00382F83030436D93
:10DE30005362C0F854E0D2ED067A9BF80AE086EE11
:10DE4000A77AC4ED037A1EF0020FC36884ED019A2D
:10DE5000A36084ED109A84ED047A68D0D4ED0D7A35
:10DE6000237827EEA77AC4ED0B7A6FF3C30380ED16
:10DE70000A7A2370037DC3F3C01313F0FF0F82F8F7
:10DE8000313047D1836C003318BF012382F8313021
:10DE90009BF80A10F6EE007A90ED0C7A01F002037E
:10DEA00084ED0A9A87EE878AB24A03F0FF0E002BB0
:10DEB0004ED090ED0D6A0223D0ED0A6A82F824302C
:10DEC000F0EE467AE8EE667AF4EEE97AF1EE10FAD0
:10DED00000F1C180F4EECA7A84ED0D9AF1EE10FAE9
:10DEE00048BFF0EE497AC4ED0A7AFEF7F1FB042848
:10DEF0000CD02B689BF80A101B6D0A469B7A0B43CB
:10DF0000C3F3C00363F3C3028BF80A209A4B0022C9
:10DF10001A7075E4437DDF0700F1AB80F7EE006A0D
:10DF200090ED107AC6EE877AC4ED127AB0E70B074F
:10DF300094D490ED0A0AF1EEC07AF4EE677AF1EE2D
:10DF400010FA40F0E180C4ED0B7A93E723709FE76D
:10DF5000436B490782F824E093636DD5DFED878A30
:10DF600082ED0D9AF5F706FA2B6860EE007A814A89
:10DF7000D3ED0D6A93ED0A6A84ED110A93ED0A7AE6
:10DF8000F4EEC77AF1EE10FA1FD537EE677AD3EDCB
:10DF90000D6AE8EE476AF5EEC06AC2ED0E6AF1EE70
:10DFA00010FA79D977EEE87A032382ED0C0A82F829
:10DFB000243067EE887AC2ED0F7A96E701460A228E
:10DFC0006F48EEF793FA28689EE636EE686AB6EE7A
:10DFD000007AE8EE066A26EE877AB5EEC07AF1EEB0
:10DFE00010FA54DDD3ED0D6AB4EEE67AF1EE10FAD4
:10DFF00044D577EEE86A66EE886AB4EEE67AC2ED5A
:10E000000F6AF1EE10FA6BDD82ED0C0A93ED0A7ADD
:10E01000F4EE477AF1EE10FA59D1012382F8243058
:10E0200063E794ED0B0AD0ED137A94ED127A67EE64
:10E03000807A27EE870A8EE6F5F77CF9F1EEC07A52
:10E04000F0EE408AF4EE677AF1EE10FA65D12868B6
:10E05000C4ED0D7A86E737EE077AE6EE476AB1EE51
:10E06000E60AB4EE400AF1EE10FA5BD184ED0D0A37
:10E070003BE7F7EE007A57E7227009E7022382F8C0
:10E08000243032E700213E48EEF7C6FA7EE5536BB6
:10E0900082ED0E9A136328E7D3ED0C7A022193EDFB
:10E0A0000D7A77EEA77A93ED0A0A82F82410A7EE8C
:10E0B000C70AF1EEC07AF4EE677AF1EE10FA54D1A5
:10E0C0002378C4ED0D7A43F0080323700DE777EE53
:10E0D000C77A92ED0E7AA8EE677A82ED0E7A04E79F
:10E0E00082ED0F7A82ED0E7AD3ED0C7A77EEA77A75
:10E0F000E7EE278AB1EEE80AB4EE400AF1EE10FA34
:10E100002ED184ED0C0AF0E68DE8050009F084FCC0
:10E11000F0EE407A9DE8050015E709F07DFCF0EE91
:10E12000407A94E7B0EE660A09F076FC9EE7154A5D
:10E1300043F0010392F820218BF80A30D2077FF5D3
:10E1400020AE23785B077FF518AE1AE643F0010393
:10E150008B7216E6C4ED0B6A4CE40A46FFF7E6BB89
:10E16000B0EE680A09F058FCCBE709F055FCF0EE78
:10E17000407AA5E710AC002056BC0020000000004B
:10E18000C5D600007CC1002044B7002008B5FEF7CA
:10E190009FFA10F07C0F03D0034B93ED0B0A08BDE0
:10E1A0009FED020A08BD00BF10AC00200000000077
:10E1B00008B50A4B9B6A13B193F9320008BD084BAE
:10E1C00093F82930012B05D1F5F7A8F810B190F993
:10E1D000110008BD4FF0FF3008BD00BFE4B40020BF
:10E1E00098BD0020064B1B684BB100215A7E597622
:10E1F000003218BF01221A721B6F002BF6D1704734
:10E2000064A800202DE9F04F457E81B004466B1EC6
:10E21000042B39D8DFE803F003B038916F00D0F851
:10E220002080436A984500F0BA80826C4FF0000B62
:10E23000D0E90C670432B0194FEAE273A26447EBED
:10E2400007010BF007F9301AB4F844A067EB01019D
:10E2500010F5004641F10007320C3B0C42EA074240
:10E260005B4508BF5245C4E90C01C4E90E230BD23B
:10E27000227EE369012AC8EB030314BF02220322B2
:10E28000A3626276C4E90EAB4F4E94F85C10D6F8E8
:10E29000A8302079984794F85C30E3B1D4E904239E
:10E2A00012F1FF3243F1FF33C4E90423236A627E93
:10E2B000013323623AB935B1E06E28B1022221461A
:10E2C000EEF714F9627E72B9D6F83831A06E01B05B
:10E2D000BDE8F04F1847D4E90423013243F10003AD
:10E2E000C4E90423E2E7D6F83431A16BA06E01B093
:10E2F000BDE8F04F1847866C012E5FDD3246F317FC
:10E30000043ED0E90C8918EB080049EB09010BF039
:10E31000A1F810EB0800A66441EB0901B0F5004834
:10E3200041F1FF394FEA18434FEA194243EA0943E2
:10E33000E263A363C4E90C01A6E7026A436A9A4256
:10E3400021D0826CD0E90C67043AB0194FEAE2732D
:10E35000A26447EB07010BF07DF88019794110F5B5
:10E36000004641F10007330C3A0C43EA0743E263ED
:10E37000A363C4E90C0187E7026A836A9A4283D1E6
:10E380000523637680E7037E0021B0F84400012B6B
:10E3900014BF02230323C4E90E01637674E7836A82
:10E3A0009845EDD0037E0021B0F84400012B0CBF4E
:10E3B00003230223C4E90E01637665E700230022EC
:10E3C0004376C36442655FE734BE002000B5194B55
:10E3D000F0EE006A026883B09FED176A03EB421308
:10E3E00093ED0C7AD3ED0E7A67EE877A87EE867A14
:10E3F00086EE870A80ED167AF1EEC07AF4EE677A3F
:10E40000F1EE10FA0ED19FED0D0A9FED0D7A67EE39
:10E41000807A67EE877AFCEEE77AC0ED107A03B077
:10E420005DF804FB019009F0F7FA0198F0EE407AEC
:10E43000E9E700BF7CC1002000006145560E2D3F7A
:10E4400000247449094A0A4B10B514681B689847A0
:10E4500014B90AE0246F44B1A379002BFAD0204606
:10E46000FFF7B4FF246F002CF6D110BD64A8002084
:10E47000A0B300202DE9F047364F8AB0DFF8ECA0BA
:10E48000D7F8A830DAF80040002B49D08846064675
:10E49000012178200BF088F90546002840D0D7F8F4
:10E4A0002C31002B33D04FF000094FF47A714846DD
:10E4B0009847A86658B3284B0122CDF8109003A9BD
:10E4C00005930395CDF81890CDF81C90CDF82090C9
:10E4D000CDF824908DF81020D7F830319847B8F156
:10E4E000000F0AD00CB91FE01C46236F002BFBD194
:10E4F000284625670AB0BDE8F08701232E6028462C
:10E5000003FA06F6AB712E71FFF760FFEAE7D7F862
:10E51000DC31C3B10123EB71B8F1000FE2D1ECE7BC
:10E5200000200AB0BDE8F087D7F80C4128460B4E12
:10E530000B490C4B0C4ACAF800503460C7F80C1158
:10E54000C3F8EC20D6E7284601930BF0C5FA019BEF
:10E550001846CFE734BE0020157F0100A0B300208D
:10E56000558101004CC00020F57E010064A8002008
:10E57000B5EE400AF1EE10FA0AD1437E013B032BBF
:10E5800005D8DFE803F0615D02020523437670479A
:10E5900002683A4BDFED3A6A03EB421390ED156ADD
:10E5A00093ED0D7AB4EEC70AF1EE10FAD8BFB0EED3
:10E5B000407A80ED147AD3ED0C5AC5EEA67A27EE98
:10E5C000870AB4EE460A80ED140AF1EE10FA36D04E
:10E5D0009FED2C7A60EE006AD0ED167AC7EE005AF5
:10E5E00077EEA77A10B486EEA77AFCEEE57A17EEFE
:10E5F000903AA0F84430FCEEC77A17EE902A02B9A0
:10E600000122447EC2648CB1816CC26C0139B2EBD0
:10E61000A10212D0B4EEC60AF1EE10FA19DD012CF7
:10E6200027D0046A01212244417642629BB2026CE7
:10E6300080ED150A934288BF03645DF8044B704770
:10E64000836A013B03627047836A5A1E4362026217
:10E650007047B5EE400AF1EE10FA02D1052242767B
:10E66000E4E7052CE2D0016A04248A1A4476426267
:10E67000DCE7416A0A444262D8E700BF7CC100205F
:10E680000000704200247449F5EE400AF1EE10FAE1
:10E6900071D0B5EEC00A70B5F1EE10FA01760D46F4
:10E6A000044610EE906A4CBF03790023012980F8DC
:10E6B0005C3039D902293DD101683B4B03EB411352
:10E6C000D3ED0C7A20EE270AB0EEC00A08F058FF0E
:10E6D00000EE106AE0612046FFF74AFFE369002B75
:10E6E00055D05A08E16C8A4262624DD89B1AA362E7
:10E6F000236C002201252D4E190CA3631B046576A3
:10E7000061632363A564E2632262D6F8DC31984733
:10E71000A36EC4E91801002B3BD0D6F8342118466B
:10E72000A16B9047284670BDB0EEC00ABCEEC00A8F
:10E7300080ED070A00EE106A2046FFF719FFE36933
:10E74000012B1AD1CDB9607E88B994F85C3013BB27
:10E75000D4E90423013243F10003C4E90423134B39
:10E76000207994F85C10D3F8A8309847607EB0FA0E
:10E7700080F0400970BD00207047012DAFD1E36CDF
:10E780005A1C6362A262B3E70A466162AEE70020E8
:10E7900070BD284670BDD4E9042312F1FF3243F165
:10E7A000FF33C4E90423DAE77CC1002034BE002033
:10E7B000D0E90401704700BF30B41D46437E1BB949
:10E7C00014460372C0E90445B3FA83F030BC400933
:10E7D000704700BFC37933B3437E1BB9181C18BF01
:10E7E000012070472DE9F04F784D044683B0D5F8ED
:10E7F000DC31984780468946D4E91823D4E90E01D4
:10E80000B8EB020269EB03038B4208BF82420FD3CD
:10E8100094F819A00AF1FF33042B49D8DFE803F07C
:10E820000FAB48947400437E181C18BF012070473A
:10E83000637E181C18BF012003B0BDE8F08FD4F828
:10E8400020B0636A9B4500F09F80A26CD4E90C67FE
:10E850000432B0194FEAE273A26447EB07010AF0F1
:10E86000F9FD301AB4F8446067EB01010027CDE9E7
:10E87000006710F5004641F10007320C3B0C42EAFC
:10E880000742DDE90067C4E90C01BB4208BFB242A0
:10E89000C4E90E230CD2237E012BE36918BF0222A8
:10E8A000CBEB030308BF0322A3626276C4E90E67C1
:10E8B000D5F8A83094F85C102079984794F85C302B
:10E8C000D3B1D4E9042312F1FF3243F1FF33C4E999
:10E8D0000423226A637E0132226253B9BAF1000F27
:10E8E00007D0E06E00284DD002222146EDF7FEFD54
:10E8F000637EC4E918899CE7D4E90423013243F11B
:10E900000003C4E90423E4E7D4F848B0BBF1010FE5
:10E9100055DD5A46D4E90C67D317B01947EB070108
:10E920000AF098FD8019ABF104067941B0F5004278
:10E93000A66441F1FF33120C1E0C42EA0342E66367
:10E94000A263C4E90C01B3E7226A636A9A422AD03F
:10E95000A26CD4E90C67043AB0194FEAE273A264DE
:10E9600047EB07010AF076FD8019794110F5004266
:10E9700041F10003DFE7226AA36A9A4298D1052396
:10E98000637695E70346B4E7A36A9B45F7D0237EF9
:10E990000021B4F84400012B0CBF03230223C4E977
:10E9A0000E01637684E7237E0021B4F84400012B36
:10E9B00014BF02230323C4E90E01637678E7002322
:10E9C00000226376E364626572E700BF34BE002014
:10E9D000437E5A1E032A15D8DFE802F00D07020213
:10E9E00005220123427618467047826A0123013AC4
:10E9F000026218467047826A0123511E4262016218
:10EA000018467047003318BF01231846704700BFEF
:10EA1000C0797047407E003018BF0120704700BFAA
:10EA20004FF0FF30704700BF012070470020704753
:10EA300038B50546074C01E0E46854B1636898476F
:10EA40000028F9D023682846DB689847E468002C42
:10EA5000F4D138BD8CA200204FF48060704700BF15
:10EA60000020704701207047704700BF704700BF0B
:10EA70000120704701207047014B1B68184700BFF9
:10EA8000588D0020024B0246186802B11A60704788
:10EA9000588D002000487047987D0020A32870B54D
:10EAA000114C03D02368BDE870401847A568AE7AC2
:10EAB000002EF7D140F20C4229460C4806F0FAFF2E
:10EAC0002A680B4B01206168A8726A602068D3F83D
:10EAD000DC20C3F8D0109047064B2660D3F8D8301E
:10EAE00003B19847012070BD80B70020E8AC00203A
:10EAF00034BE00204CC00020C0B2F5F7D1BE00BF2C
:10EB000070B5194E04463368BBB114200AF0DCFF1F
:10EB1000054668B1002304603246C36003E019680B
:10EB20001A468C4218D0D368002BF8D12A61D560E0
:10EB300063683BB128466B6070BD636835463060E2
:10EB4000002BF7D1A3789B070BD53168074A084BF8
:10EB50008C4208BF1346EDE728460AF0BDFF0020AF
:10EB600070BD024BE6E700BF8CA200203987010090
:10EB70003D87010010B40E4B048801E0DB6883B1CF
:10EB80001A681188A142F9D1917882784A40920797
:10EB9000F4D48A0709D507490A4659605DF8044B41
:10EBA000104718465DF8044B70475A68F6E700BFF7
:10EBB0008CA200203D87010003781BB1024B1A682C
:10EBC00018608260704700BF88990020064B10B51E
:10EBD0005C6DFDF77DFDA047044BD86B80F02000F5
:10EBE000C0F3401010BD00BF4CC0002098BD0020F5
:10EBF000114B70B51E68E6B10546002034785CB153
:10EC0000736800221978013211B95978A94207D0E6
:10EC1000A24203F10C03F5D1B668002EEED170BD0F
:10EC20009B68002BF8D028469847B668002EE5D19F
:10EC3000F5E7304670BD00BF8899002070B5194DCA
:10EC40000446AB6831B1F3B160682368C01A18BFDD
:10EC5000012070BD002BF7D0837A73B92868114E5C
:10EC600040B1114B7168D3F8DC20C3F8D010904745
:10EC7000002333600023AB60E6E740F20C420B490F
:10EC800006F018FFEAE7084E0948D6F8D020D6F873
:10EC9000DC30AC606A609847064B2860C6F8D0301C
:10ECA000D2E700BF80B7002034BE0020E8AC0020CF
:10ECB000AD870100318701000E4B10B5D3F8CC3081
:10ECC00004469BB1984718B1812C02D07E2C00D00D
:10ECD00010BD094B094A93F80C3192F82710C3F381
:10ECE000001363F3861182F8271010BDF5F7D8FDE5
:10ECF000E9E700BF34BE00207CC1002098BD0020A1
:10ED00000E4B02681340A3B970B50D4ED6F89C3176
:10ED10008BB10D4641780446C9202A4610319847E8
:10ED20006178D6F89C312A461031C82098470120D6
:10ED300070BD00207047184670BD00BFFF00020084
:10ED400034BE0020F8B54A4D2B68002B59D0494EEF
:10ED50000446FDF7BDFC96F88430A3424CD01CB3AA
:10ED6000454B93F88030002B46D120B140F201137F
:10ED70000340002B40D0414F3B78062B45D0404B01
:10ED8000D3F8D43098472B7A01226FF30003104652
:10ED900086F884202B7201F015FB87210522394863
:10EDA000EDF7A4FB0120F8BD344F3B78062B2AD0A9
:10EDB000354B18682B68002855D09B6A9847304C13
:10EDC00058222E4904F1B40006F074FE0622D4F84D
:10EDD000E8303A700BB100209847D4F8D430984707
:10EDE00000222B7A012086F8842062F300032B7224
:10EDF00001F0E8FA8021D1E7052287212148EDF7CB
:10EE000075FB0020F8BD1E4CE7E71D4C5822384624
:10EE100004F1B40106F04EFED4F8E8300BB1012045
:10EE200098472B6800205B6B98472A68BB6A0020D4
:10EE3000976A9847B84701222B6884F8B4202A7A49
:10EE4000D96992070E48C4F8D01002D5DA68C0F824
:10EE5000C0209A68C4F8BC205A6AC4F8D8201B6A3B
:10EE6000C4F8D4308EE75B6B01209847A7E700BF5A
:10EE700068A8002098BD0020C0BC00203891002068
:10EE800034BE0020098801007CA800202DE9F84349
:10EE90009B4F0E463A68824200F0D180DFF8A08294
:10EEA0000446D8F8003023B1964991F8B60080079F
:10EEB00026D4002E2BD1944D29688C422ED0F86890
:10EEC00010B92BE0C06848B303689C42FAD10469CA
:10EED000C368E36013B1C36804691C6103691C68FB
:10EEE000A14200F0BC804FF000090AF0F5FD237844
:10EEF000042B00F29E80DFE803F0789C6B2A14005C
:10EF0000D1F80401814948600B60002ED3D020461F
:10EF1000FFF7F6FD10B14FF00009E8E70020BDE86B
:10EF2000F883784DD5F8B830002B00F0D58098479D
:10EF3000002840F0BC80C6B1754B93F88360A6B141
:10EF400095F8B66086F0010606F001060DE06D4DFD
:10EF5000D5F8B830002B00F0B7809847002840F073
:10EF6000A18016B16A4B93F8836095F8B430012BF9
:10EF700000F08D80B9F1000F6CD158222146654810
:10EF800006F098FD614B1A6894427CD03B685C4A5D
:10EF90009C426ED0D5F8B830002B40D0002E43D123
:10EFA0005D4E5E4AD5F8DC30C5F8C4205C48984711
:10EFB000D5F8E8300BB100209847D6F8A83013B147
:10EFC00095F8B4009847C8F800400120BDE8F883E0
:10EFD0004C4DD5F8B830002B6ED098470028C0D0E3
:10EFE00000215048F7F710FBBBE7D8F800301BB3FF
:10EFF0001B780BB36368002B79D09847E0B1E368C6
:10F000000021404D4848C5F8C030F7F7FDFAE16BE4
:10F0100009B970E0E16B88470028FBD10DE0434B54
:10F02000C5F8B830002EBBD03B4EE0683368984737
:10F03000B7E70026334D98E7324D002695E70029C3
:10F040002ED05368394A002B08BF13467B6001203D
:10F05000BDE8F88301213648EDF768FB8DE71B69B1
:10F0600095F808901C6809F00109002C08BF1446A7
:10F070003BE7304B5168994236D0D5F8B830002B79
:10F080008CD17B68CCE75B68C5F804317EE7002053
:10F09000FFF758FE1C4A137A43F0010313726CE722
:10F0A000244BD3E700212448F7F7AEFA59E70021B3
:10F0B0002248F7F7A9FA3EE705F1B400FFF75AFD39
:10F0C00000283FF44EAF8BE705F1B400FFF752FD87
:10F0D00000283FF446AFE5E705F1B400FFF74AFD2D
:10F0E00000283FF428AFE2E7104B5360C5E7204605
:10F0F000FFF740FD82E7EB6B64200E46984734E74C
:10F100008CA2002034BE002068A8002004BB002090
:10F1100098BD0020E8BE00204CC0002041870100BF
:10F12000B1E50000046B0020BC6A002039870100B3
:10F13000758E01003D870100D46A0020EC6A002032
:10F14000F4A1002038B501210546FFF79FFE0446D3
:10F1500018B128460249FFF7D3FD204638BD00BF4D
:10F160001C6B0020003018BF0120FFF7EBBD00BF73
:10F1700038B50378002B14BF012400240CD00D46B1
:10F1800003E0013400F1010004D029460CF090F8AE
:10F190000028F6D1204638BD1C46FBE7F8B50746E7
:10F1A0001E46002314460D4608463B7031460CF0BF
:10F1B0007FF804B990B134B1451C314628460CF0B3
:10F1C00077F8013CF8D148B1441B2946384622461D
:10F1D0000CF09CFB002338463B55F8BD29463846C9
:10F1E0000CF044FA3846F8BD2DE9F0470E46824649
:10F1F000114690463046FFF7BBFF814650460CF063
:10F2000097FAB9F1000F1ED00746002503E001353B
:10F21000661C4D4517D0414630460CF049F804466F
:10F2200060B1831B9F42F2D130463A4651460CF002
:10F230001DFB0028EBD12846BDE8F08730460CF0D6
:10F2400077FA874203D04FF0FF30BDE8F087514690
:10F2500030460CF0A1F800280CBF28464FF0FF30D4
:10F26000BDE8F08770B5144C94F809321B0720D420
:10F27000124A134D13891189C3F3C013EE6883F04A
:10F28000010363F3C7111181138913F0800F14BFB9
:10F2900004200520B047D5F8943013B14FF4006036
:10F2A000984794F8093203F0080303F0FF0003B90C
:10F2B00070BD032070BD00BF34BE002098BD00208B
:10F2C0004CC0002070B5144C94F80832DB0620D4F2
:10F2D000124A134D13891189C3F30013EE6883F0AA
:10F2E000010363F304111181138913F0100F14BF8C
:10F2F00004200520B047D5F8943013B14FF010002A
:10F30000984794F8083203F0100303F0FF0003B9A4
:10F3100070BD032070BD00BF34BE002098BD00202A
:10F320004CC0002070B5144C94F808329B0620D4D1
:10F33000124A134D13891189C3F38013EE6883F0C9
:10F34000010363F386111181138913F0400F14BF79
:10F3500004200520B047D5F8943013B14FF02000B9
:10F36000984794F8083203F0200303F0FF0003B934
:10F3700070BD032070BD00BF34BE002098BD0020CA
:10F380004CC00020034B0448D3F8B030002B08BF1A
:10F390000020704734BE00202C6B0020034B044833
:10F3A000D3F8D031002B08BF0020704734BE0020B6
:10F3B0004C6B002010B54FF0FF30E9F703F9C3683C
:10F3C0001B6C33B104469847E3681B6C0BB10020FB
:10F3D00010BD032010BD00BF08B5EEF7C7FE034BFC
:10F3E000C0B2002814BF1846002008BD646B00207E
:10F3F0000C4A0D4908B5136892F8120133F0FF0E5C
:10F4000018BF002161F31F2333F0FF0113600CBF0D
:10F410000123002363F3000082F81201FAF77AFF58
:10F42000002008BD7CC1002083D4030010B50D4C22
:10F4300094F803325B070BD581B1D4F840314BB15E
:10F440000846F3F75DF838B1D4F84031984708B969
:10F45000032010BD002010BD022010BDBDE81040EB
:10F46000F9F726BD34BE00200120F9F7C5B800BF6A
:10F470000020F9F7C1B800BF0120F9F71FB900BF9C
:10F480000020F9F71BB900BF00210120F9F77AB974
:10F4900008B50020F9F7B0F80020F9F70FF90021BE
:10F4A0000120F9F76FF9002240F27E311046BDE8E5
:10F4B0000840F9F709B800BF002240F27E3103206E
:10F4C000F9F702B8002240F27E310220F8F7FCBFC3
:10F4D000002240F27E311046F8F7F6BF08B528B199
:10F4E00040F2011303400BB9082008BD0B78233B01
:10F4F000072B1DD8DFE803F00A161C191C1C1C047E
:10F500000C4B1B7818461BB9002008BD4FF00200B9
:10F51000FBF7E2FA084B0920DB689847F1F752FC49
:10F52000002008BD4FF00100F2E74FF01000EFE7B8
:10F53000032008BDDC0E00204CC0002000B593B0B5
:10F540006846FBF77BFB68460121F7F707FE0020C2
:10F5500013B05DF804FB00BF01F0CABD0120F9F74C
:10F56000E7BC00BF0020F9F7E3BC00BF0846F9F78D
:10F5700081B900BF30B583B000240D4601AA6946A9
:10F580000094F2F7AFFE10B9022003B030BD9DED3C
:10F59000017AF6EEC77A77EE677AF5EE407AF1EE09
:10F5A00010FA02D0032003B030BDBDEEC77A20466A
:10F5B00085ED007A03B030BD10B50C4682B089B13C
:10F5C00001A92046FFF7D6FF38B90198002804DBCF
:10F5D00080B2F7F7D1F902B010BD2046F7F708FA6C
:10F5E00002B010BDF7F73EFA204602B010BD00BFD2
:10F5F00008B5094B93F810311B0701D4032008BD4F
:10F60000012801D9082008BD044B4FF400710448BB
:10F610001B6C9847002008BD7CC1002034BE002030
:10F62000D4BD002010B5074C94F803325B0707D512
:10F63000D4F8C03004489847D4F8C03003489847FD
:10F64000002010BD34BE0020806B0020A06B002085
:10F6500003784F2B17D0532B0CD0422B01D0002016
:10F6600070470D4B0D4893F8083213F0100F18BF78
:10F6700000207047084B0A4893F8093213F0080F2E
:10F6800018BF00207047044B064893F8083213F067
:10F69000200F18BF0020704734BE0020D06B002020
:10F6A000106C0020EC6B002010B50B4C94F88231EC
:10F6B000DA0708D49B0704D5084B0948D3F8C030B3
:10F6C0009847002010BD054B0648D3F8C030984736
:10F6D00094F88231EEE700BF7CC1002034BE0020E8
:10F6E000506C0020306C002020B110F4087F01D154
:10F6F0000820704729B13D23C81E01F8013CE9F7F5
:10F70000DBB80320704700BF10B5104C1048D4F888
:10F71000C0309847D4F8C0300E489847FBF7F2F84D
:10F7200083691BB1D4F8C0300B4898470B4B9B69D9
:10F730002BB9D4F8C0300A489847002010BDD4F83F
:10F74000C03008489847002010BD00BF34BE0020DC
:10F75000786C0020A06C0020C86C00204CC00020F9
:10F76000286D0020006D002038B504460020E8F721
:10F7700029FFC5686378522B0DD0442B01D000209F
:10F7800038BDEB6B002BFAD0084B0948D3F8C030DA
:10F790009847002038BD2B6C002BF0D0034B054858
:10F7A000D3F8C03098476378E7E700BF34BE002045
:10F7B000686D0020446D002030B595B000220D46E4
:10F7C00014AB03F8492D1946E8F7C8FF9DF8073038
:10F7D0002BB904460BF0ACFF442803D90B23184681
:10F7E00015B030BD237843B9E8B22146FBF798F84D
:10F7F0009DF80730184615B030BD421C214602A8BE
:10F8000006F058F902A80A490CF032FB02E00CF0AD
:10F810002FFB40B1E9F750F8054903468DF8070082
:10F820000028F4D0DBE79DF80730002BD7D1DBE7C9
:10F83000FC31002028B140F2031303400BB908202B
:10F84000704719B108460121FFF7B6BF0320704782
:10F8500028B140F2031303400BB90820704719B1D7
:10F8600008460021FFF7A8BF0320704770B592B08B
:10F8700030B140F203130340C3B9082012B070BD89
:10F8800004460B4EE5B269462846FBF76DF869461B
:10F8900040B9B368072098470134022CF2D1002008
:10F8A00012B070BD2846F7F71BFCF5E70024E8E727
:10F8B0004CC0002010B592B030B140F28313034029
:10F8C00013B9082012B010BD0C4669B108460BF000
:10F8D0002FFF442802D9032012B010BD2046FBF7A9
:10F8E00015F8002012B010BD6846FBF7A7F968466E
:10F8F0002146F7F733FC2046EEE700BF022810B59B
:10F900000CD0044608B1082010BD0220FCF7E6FE2A
:10F91000064B0420DB689847204610BDF1F752FAE9
:10F92000024B0520DB689847002010BD4CC000202A
:10F9300040F2011303400BB91846704710B51C4C38
:10F9400082B0E36E98471B4B93F88030102B16D093
:10F95000C0B2410602D5322002B010BD020711D458
:10F96000C30711D4144B93F81A3103F00303032B8C
:10F970000CD0F0F7A5F9044688B12E20ECE7312031
:10F9800002B010BD0D20E7E71220E5E7E36D9847D0
:10F99000EFF708FD10F0FF0FEBD02D20DCE7074B51
:10F9A0000320DB6898472046FCF798FE2046D3E703
:10F9B00034BE002098BD00207CC100204CC0002037
:10F9C00091B1084600B583B001A9FFF7D3FD034606
:10F9D00030B90199002903DB89B2F8F79FFD03468E
:10F9E000184603B05DF804FB02231846704700BFB9
:10F9F00010B582B071B1084601A9FFF7BBFD38B957
:10FA00000199002904DB024689B20120F8F75CFD68
:10FA100002B010BD10F0180402D0082002B010BDD2
:10FA20000120F6F759FE2046F2E700BFFFF7E0BFDE
:10FA300030B5002593B06946E8B2FAF795FF38B1C2
:10FA40009DF800304BB90135022DF4D113B030BD13
:10FA500007216846F7F764FBF5E70A4968460CF0AA
:10FA600007FA04462046E8F727FF01462046F7F745
:10FA700057FB044900200CF0FBF904460028F1D1A3
:10FA8000E1E700BFFC31002010F0FF0FF8B506D011
:10FA9000354B93F882319C0701D40520F8BD04460C
:10FAA000FCF716FEF0B9314E314DF36E984795F8DC
:10FAB0008030102B21D0C3B259061CD4C2051ED4ED
:10FAC000294991F88221D707E7D5287B10B912F090
:10FAD000220FE2D0180714D591F83421D20710D4A0
:10FAE0000D20F8BDFCF7F4FD40F201130340002B9C
:10FAF000D9D10820F8BD3220F8BD3120F8BD33201F
:10FB0000F8BDDB0701D51220F8BD2046F1F7B4F9A6
:10FB1000034620B92C78164F2CB10020F8BDFF2BDE
:10FB2000FBD01846F8BDFCF7D9FDFDF735FB114BAE
:10FB30002046DB6898473B7B1BB197F848209343EE
:10FB40000AD0F0F7BDF80028E7D00B23012085F894
:10FB50008030FCF7C3FDE0E796F8A431002BDCD041
:10FB6000FFF766FFD9E700BF7CC1002034BE00204C
:10FB700098BD00204CC0002008B54FF00400FFF7EE
:10FB800083FF08BD08B54FF00200FFF77DFF08BDF9
:10FB900008B54FF00100FFF777FF08BD08B54FF03B
:10FBA0000000FFF771FF08BD08B5024BDB6E03B123
:10FBB000984708BD4CC0002010B5144B82B099790D
:10FBC00001A8E8F713FC124B1A89C2F3400212F0A5
:10FBD000FF0F0BD183F870205A6A4FF400400243A4
:10FBE0005A62FFF7E1FF002002B010BD9DF8062029
:10FBF000012193F87040914003EB820021430246BB
:10FC0000C06A83F870105067E6E700BFC0BC0020F0
:10FC100098BD002008B5F7F73DF8044A0420536A60
:10FC200003435362FFF7C0FF002008BD98BD0020CA
:10FC30000B4B10B5DB6E98470A4BC0F30014C0F3B2
:10FC4000C0211A89C0F3401064F304121A811A8982
:10FC500061F3C7121A811A8960F386121A8110BDE6
:10FC600034BE002098BD00202DE9F04F054683B03A
:10FC7000280400F18E80ACB2002C00F087807C4B11
:10FC80007C4E1B88A6F886401C4240F087805FFAB5
:10FC900085F818F0080F1AD0774F97F8083219072F
:10FCA00015D5764B93F884308BB9DFF8DC9199F851
:10FCB0003431DA0740F1A880FCF70AFD002840F053
:10FCC000CB8099F81830012B01D1FCF77FFAC5F3EE
:10FCD00007275FFA87F919F0300F7DD119F0400F2F
:10FCE00066D128F07F0202F0FF0A002A00F0868029
:10FCF00096F83830DFF87CA1012B00F09D8080233E
:10FD000018F0100F06D0FA433189C2F3C01262F323
:10FD10000411318119F0080F06D0FA433189C2F37A
:10FD2000C01262F3C711318118F0200F06D0FF43D3
:10FD30003289C7F3C01767F38612328104F4036473
:10FD40001C43A4B214B34E4FD7F894300BB12846DD
:10FD5000984763071AD5484B02214A4800241B6C78
:10FD60009847494B96F8272093F80C31D7F8901014
:10FD7000C3F30013414863F3861280F8844086F889
:10FD8000272019B103B0BDE8F04F084703B0BDE824
:10FD9000F08F3E4B1C882C4025466DE7FCF798FC05
:10FDA000B0F5807FF2D003B0BDE8F04FF1F70AB8AC
:10FDB00096F83830DFF8BCB003F0FF0A23B9FCF73F
:10FDC00087FC10F0280F25D100212B4B0846D3F8D3
:10FDD00010319847002393E700230421C5F3003234
:10FDE0004FF4005A0193244B62F30C3A8DF804103F
:10FDF0001B6E019898470FFA8AF381E718F0020FFB
:10FE000013D108F004037BE73B6C402106F13C0072
:10FE100098475CE7184B10210BF13C001B6C98478E
:10FE20000D2253468BF807206AE7134B082115482B
:10FE30001B6C9847534663E7FCF74AFC08287FF49D
:10FE40005EAF0D4B01460AF13C001B6C98470D223A
:10FE500080238AF8072053E7FCF73AFC20283FF478
:10FE600030AF3B6C402106F13C00984729E700BFCA
:10FE70006807002098BD002034BE0020C0BC0020D0
:10FE80004CC00020D4BD00207CC100201C0D0020EF
:10FE9000034B93F8A4310BB1FFF7CABD704700BF05
:10FEA00034BE0020024B1A6818608260704700BFA1
:10FEB0006C8C0020002849D02DE9F0478946074680
:10FEC000DFF88C803978002933D000250CE0204EF3
:10FED0002046D6F8C0309847D6F8C0301D4898471D
:10FEE00039780135A94224D94FEA051A7A6802EB1C
:10FEF0000A03DC68002CF4D01B7A154E5B0711D482
:10FF0000242023788342E2D0D8F8C83098477A6812
:10FF1000D8F8C03052F80A009847D8F8C0300E48D8
:10FF20009847D5E752F80A00A04704460028D7D0E2
:10FF3000E6E7B9F1000F01D1BDE8F087BF68074BD4
:10FF40009F42F9D0002FBDD1BDE8F087704700BFB8
:10FF500034BE0020246D002028320020148D0020A3
:10FF600010B5074C00212046FFF7A4FF054B186889
:10FF7000A04204D00121BDE81040FFF79BBF10BD97
:10FF8000148D00206C8C00202DE9F04F447885B052
:10FF9000002C00F0D5803D2C054600F1010700F053
:10FFA00001813B463A4601E03D2C10D0202CA4F1C3
:10FFB000610103F1010006D01929214698BF04F020
:10FFC0005F011970034612F8014F002CECD1013289
:10FFD0002CB103F8014B12F8014B002CF9D100248D
:10FFE0000422774938461C700BF040FC002800F0D2
:10FFF000AE803D2138460BF05BF9002800F0AD8063
:02000004600298
:1000000000F1010804706F4BDFF8BC911D682E7879
:100010006EB34FF0000A09E0237AD9071BD5B8F177
:10002000000F18D00AF1010A564520D94FEA0A13E9
:100030006C683846E1581C440BF0AEF90028F1D149
:1000400099F80530002BE7D0237A9807E5D44F20A4
:1000500005B0BDE8F08F6468FCF73AFB4146A04765
:10006000FF28F5D12E780AF1010A5645DED8AD6891
:10007000002DCCD1DFF85491D9F8A030002B3BD023
:1000800098470546002837D04F4E2C7874B34FF070
:10009000000B0AE09AF80830DB071AD5B8F1000F18
:1000A00017D00BF1010B5C4520D94FEA0B136A689E
:1000B0003846D15802EB030A0BF06EF90028F0D154
:1000C0007379002BE6D09AF808309A07BFD5DB0782
:1000D000E4D4DAF80440FCF7FBFA4146A047FF28D5
:1000E000B6D12C780BF1010B5C45DED8EB681BB167
:1000F000984705460028C8D1D9F89C40334BA4B195
:10010000B8F1000F51D03D2208F1FF3408F8012C5E
:10011000D3F89C50FCF7DCFA3946A847002C49D0AC
:10012000002308F8013CFF2892D1FCF7D1FAB0B1C6
:10013000FCF7CEFA40F20313034083B9082087E7A7
:10014000224B5B689847204605B0BDE8F08F681DDC
:10015000F8F790FB05B0BDE8F08F804653E7002329
:10016000384603AA02A90293F2F7BCF8C0B19DED8C
:10017000030AB5EEC00AF1EE10FA11DBF2F73CF912
:1001800070B1DDED037A4146FCEEE77ACDED017A00
:10019000BDF80400B8F1000F0ED0FBF797F857E751
:1001A000032055E7821C3B4613E7FCF791FA3946DA
:1001B000A047B8E7A046B6E7F6F77AFA48E700BFE7
:1001C000906D00206C8C002098BD00204CC0002059
:1001D00010B5134B82B00446997901A8E8F706F9E7
:1001E000104BE4B21B7E022B17D09DF80620012392
:1001F0009340234203D00C4B93F870200AB902B00D
:1002000010BD5A6A4FF400400021024383F8701079
:100210005A62FFF7C9FC02B010BD0523E9E700BF31
:10022000C0BC00207CC1002098BD002008B50B4B4D
:1002300093F80D31DB070DD4094B9B6C03B1984744
:10024000084A4FF48070536A03435362BDE8084084
:10025000FFF7AABCF4F710FBEEE700BF7CC100205B
:100260004CC0002098BD00200C31084A00F10C035E
:1002700071ED017A203AD2ED246AF8EEE77A87EE42
:10028000A67A23ED017A8342F2D170477CC1002027
:10029000B5EEC00AF1EE10FA3ADD10B584B010EEFA
:1002A000104A01A9FAF7BCFB78B31D4A1D4B92ED29
:1002B000247A93ED146AB8EEC77AD2ED236AD3EDAF
:1002C0000C5AF8EEE66A9DED020AC7EE067A9DED3D
:1002D000016A86EEA57A37EEC00A20EE000A77EEB4
:1002E000467AA7EEA70AF1EEC07AF4EE677AF1EE4D
:1002F00010FA0FD107EE104AB4EEE77AF1EE10FAD9
:10030000ACBF0120002004B010BD002004B010BD1F
:100310000020704707F080FBF0EE407AEAE700BF6C
:1003200098BD00207CC1002070B50446FCF7D0F9D0
:1003300004281D4D2DD095F880301B4AA34227D0AC
:10034000112C82F8804015D8184B0A2C23FA04F39C
:1003500003F0010353710FD14FF48070FCF7BEF925
:1003600095F88330104A7BB1114B20461B69BDE8DC
:1003700070401847002353710120FCF7AFF995F83E
:100380008330094A002BEFD192F88030102BEBD04C
:1003900070BDEB6B9B06CED4064B214605F14000A9
:1003A0009B6CBDE87040184798BD00200604020011
:1003B0004CC0002034BE0020014B586A704700BF7B
:1003C00098BD0020012826D021D308280CD0B0F5F4
:1003D000802F03D1134BD3F8183123B1124A536A3B
:1003E000034353628BB97047104B0F4A93F80C319B
:1003F00092F82510C3F3401363F3000182F825102F
:10040000536A03435362002BEDD0FFF7CDBB064B7D
:1004100000225A627047034B93F80232DB07E2D5A1
:10042000014ADCE734BE002098BD00207CC10020DA
:100430002DE9F041294E3368002B4DD0284B1C6824
:10044000002CFCD1274D2B6D9847D5F8DC30306857
:100450009847EB6C34609847234E336853B1204B78
:100460001C68002CFCD12B6D98473268EB6C2A6716
:10047000346098471D4C1E4E2378DBB9D6F8BC205B
:100480001C4B1B499A4222D000231B49EA6E81F87B
:100490008430237090470207124C03D594F8083239
:1004A0001B0701D4BDE8F081236C40211348BDE84F
:1004B000F04118470023012211481946D6F8B470BC
:1004C000B847D6F8BC200B4B09499A42DCD10D4BFA
:1004D0001B68C1F8BC30D7E7024DBDE75CA5002022
:1004E000A8B3002034BE002008A4002066BC002071
:1004F0004CC0002069A60100C0BC0020D4BD002073
:1005000024A40020D8A80020014B1420DB68184741
:100510004CC0002008B5064B0648196F064A1867FC
:10052000D3F8DC30054811609847054B186008BDCA
:1005300034BE0020C5A3010008A400202DA30100A3
:100540005CA500202DE9F041144F3D68C5B1144C65
:100550002B6922699A421ED0124B134E9B69B3B984
:100560000FCC28606960AA60EB6020682861802059
:10057000FFF728FFD6F8D43000221B693A60F367F2
:10058000FFF756FF094BBDE8F0411B6818470FCC39
:10059000D6F8D450E5E7044EECE700BFACA8002045
:1005A00024A400204CC00020C0BC002000A50020D6
:1005B0000D4B70B404460D46186031B10B4B1B68EF
:1005C0007BB12946204670BC18470068E368616823
:1005D000A268074E0FC6054B20691B683060002BD0
:1005E000EFD170BC704700BFACA8002000BB00205A
:1005F00024A40020074B10B51B68044603B198479C
:10060000054B1B7F03B910BD2046BDE81040FFF726
:10061000DFBD00BFCCA800207CC1002070B51B4C02
:100620007E2818BF812823680CBF0125002503F10F
:100630000103236017D1164E337803F0FF026BB924
:10064000144B1978A1B9144B144A187F144B032882
:100650000CBF10461846ECF769F83070236828463E
:10066000013B236070BD0F4B1B6898470546F5E7BB
:100670000D4B197829B111460C48ECF757F830703A
:10068000ECE70B48ECF752F8E8E700BFA8B300200E
:1006900057BC002051BC00207CC10020FDAA0100F5
:1006A000DDA701005CA5002053BC002049A7010084
:1006B00019A2010038B51B4C23680133236043079E
:1006C00016D5194D2B7803F0FF026BB9174B19782B
:1006D000A9B9174B174A187F174B03280CBF1046B0
:1006E0001846ECF723F828702368013B236038BDD7
:1006F000124B1B6898472368013B236038BD104BA1
:10070000197841B111460F48ECF710F828702368AA
:10071000013B236038BD0C48ECF708F82368013B27
:10072000236038BDA8B3002057BC002051BC002076
:100730007CC10020FDAA0100DDA7010008A4002063
:1007400053BC002049A7010019A2010038B5104C84
:10075000054610492046FFF787FD0F4B0F4A9B784F
:1007600002EB830204EB8303D2ED137A93ED007A5C
:10077000B4EE677AF1EE10FA01D1012038BD2946B6
:100780002046C3ED007ABDE83840EFF7EFBA00BF6E
:1007900014B8002024BE0020A0AB002098BD00208B
:1007A0002DE9F0418AB0544C544D6846F3F77AF97C
:1007B0002378534A9B009DF81410D0182B4441F025
:1007C000010190ED007AD3ED007A8DF81410B4EEAB
:1007D000677AF1EE10FA3ED163789B00D1182B4472
:1007E00091ED007AD3ED007AB4EE677AF1EE10FA6B
:1007F00031D1444EF4F740F800B3F3F799F8424989
:100800004248FFF731FD424F424BB7F89810587EEF
:10081000E7F7B2FA4FF0FF30E7F7D4FEB7F8A020C1
:10082000017890ED020AC068FBF764FC97F811317B
:1008300003F0400303F0FF01002B4CD0F4F71CF849
:10084000002837D133782F4A83BB507880F00100DD
:100850000AB0BDE8F081A37869462A4E02EB830214
:10086000274F06EB8303DFF890803846DB6C13607C
:10087000EFF77CFA0028E1D0254B93F811315B06A5
:10088000B8D498F8023006EB830207EB8303D2F862
:100890004CE095E8070087E8070038466946C3F84A
:1008A00000E0EFF763FA0028C8D0A3E700200AB001
:1008B000BDE8F081F3F73CF813491448FFF7D4FC86
:1008C000154B164C1D6828686968AA68EB680FC448
:1008D00028692060B6E7A078E7F7F0FCA3786946BE
:1008E000064805EB8305D5ED007A37EE800A85EDE5
:1008F000000AEFF73BFAA1E7A0AB002064AC0020B0
:1009000014B8002098BD002024BE00202CBD00207B
:100910007CC10020C0BC0020ACA8002024A4002082
:10092000094B10B51B68044603B19847074B1B7D64
:10093000A34200D010BD064B1A78002AFAD0054A0F
:1009400012781A7010BD00BFFCA80020C0BC0020A7
:1009500051BC002053BC00200C4B1A89910711D5C3
:100960000B4993F870208878C240D20700D47047B2
:1009700003EB8002014602201346D26A5B6FD21A53
:10098000E7F7D4BC034B1320DB68184798BD002061
:10099000A0AB00204CC000202DE9F041204C0546C2
:1009A000204F08202146204EFAF73AF8B9781F4B1D
:1009B00004EB8102307803EB8103D2F80080DB6C1A
:1009C0001360B8B9164C29462046EFF7CFF910B995
:1009D0000020BDE8F081BB782046294604EB830463
:1009E000C4F80080EFF7C2F90028F1D034785CB980
:1009F000BDE8F0810E4A21460E4C0123106800220A
:100A0000D4F8B440A047DDE7094A0123094D00218D
:100A100010681A46D5F8B450A8472046E8E700BF4A
:100A200014B80020A0AB002066BC002098BD0020B8
:100A3000ACA800204CC0002030B58BB06846F3F75E
:100A400031F89DF81430684643F001038DF81430F6
:100A5000FFF77CFEF0B1154B1B7F022B21D0144B0E
:100A60006946144C1A785B78920013489B00A518CD
:100A700002441C4403442D68246815601C60EFF791
:100A800075F938B1F3F7F8FEF2F752FF0B490C484D
:100A9000FFF7EAFB00230B490B4A0B7013700BB0F6
:100AA00030BD6846FFF778FFEBE700BF7CC1002050
:100AB000A0AB002064AC002014B8002024BE0020AD
:100AC0002CBD002057BC002053BC002010B50B49A2
:100AD0000B48FFF7C9FBFFF763FE0446FFF7A8FCCE
:100AE000084B0020DB68984704B910BD064B022173
:100AF00006481B6CBDE81040184700BF24BE00200C
:100B000014B800204CC0002034BE0020D4BD00200A
:100B1000854B1B68FBB1854A1B6912699A4218D044
:100B20002DE9F0470446824D824F8EB02846A179C8
:100B3000E7F75CFC3A7F012A0FD07F4E96F84830E9
:100B400003F00703072B00F083802E200EB0BDE8D2
:100B5000F087002070472F207047AB78764E02FA5E
:100B600003F396F84810DBB28B43EED1DFF8F0A127
:100B70007249DAF8BC308B4203D07148CAF8BC1015
:100B80000360033A6F4B4FF00009DFF8D88118BFBC
:100B900001221A70FBF71AFBD8F8743048469847C0
:100BA000694ADAF8B43082F800902BB13B7F013B00
:100BB000022B8CBF00230123DFF8AC910DF1040A56
:100BC000624A484662491370FFF74EFB0021A8783D
:100BD000E7F774FBAB7809EB8303D3ED007A37EECC
:100BE000C00A83ED000A99E807008AE8070004A814
:100BF000F2F758FF9DF8243097F8122143F00103D3
:100C00008DF8243053070FD596F8483003F00703CA
:100C1000072B09D1DFF85491012351460A2089F8A6
:100C20000030F9F7FDFE0DE0AB780EAA0021DFF8E9
:100C30003C9106EB830602EB830389F80010F26C0B
:100C400043F8342C04A8FFF781FD30B912207DE76A
:100C5000032A8BD1DFF808A193E799F80030002B25
:100C600040D02B780EAA3B4E9B003148D118F21889
:100C700051ED0D7A0EA992ED007A4278B4EE677AC2
:100C80009200F1EE10FA36D18818B11810ED0D7AF5
:100C9000D1ED006AF4EE476AF1EE10FA2ED1AB788E
:100CA0000EAA9B001E44134496ED007A53ED0D7A74
:100CB000B4EE677AF1EE10FA2DD1F3F7DDFDF2F71D
:100CC00037FE23492448FFF7CFFA0122D8F84030F5
:100CD0004FF4806184F8842020489847F3F784FA21
:100CE000002033E73B7F022BE7D104A8FFF754FE37
:100CF0000028ABD0E1E7114411ED0D7A33443244C2
:100D000004A91448C3ED007A82ED007AEFF72EF8BB
:100D100000289BD0C3E704A90E48C6ED007AEFF780
:100D200025F8002892D0C8E7ACA8002024A4002011
:100D3000A0AB00207CC1002098BD002069A6010066
:100D4000D8A8002051BC002057BC002066BC002061
:100D500024BE002014B800202CBD0020D4BD0020EB
:100D60004CC0002034BE002064AC002053BC0020E6
:100D70001B4B1C4903EB800310B41B4CD3ED007AD2
:100D800094F8482091ED0B7AC24077EEC77AD207EB
:100D9000C3ED007A08D501EB401191ED0F7AB5EE65
:100DA000C07AF1EE10FA02D45DF8044B704704EB00
:100DB0008002D2ED196A92ED167AF4EEE67AF1EE3F
:100DC00010FA58BFF0EE667AB4EEE77AF1EE10FA58
:100DD00058BFF0EE477AC3ED007A5DF8044B7047D8
:100DE00014B800207CC1002098BD00202DE9F043FC
:100DF0008FB008204FF00004824D01A9F9F710FED2
:100E000004A8F2F74FFE9DF824307F4A43F0010317
:100E100012788DF82430002A40F0A5806A780EAF51
:100E2000297893000EAA890078481F44784E0A4416
:100E30000144034457F8340C52F8342C0A603278D9
:100E400018607AB101277349012373480022D1F851
:100E5000B48000686D49C04727B9FFF7E9FA0FB0C1
:100E6000BDE8F083694F04A93846EEF77FFF0028FC
:100E7000F3D0AA7804A9DFF8B481384693000EAA0B
:100E80001A443B4452F8342C1A60EEF76FFF0021ED
:100E9000D8F824305B4A049309918DF81410002887
:100EA0005DD03378002B40F08480584EA878FFF74F
:100EB0005FFF30464FF0000204A9EFF717FE01284C
:100EC000DFF84091C9D155493046FFF7CDF999F87F
:100ED0000230B0EE007A98F8127106EB8303DFF867
:100EE0004C81C7F3C007D3ED007A77EE877AC3ED64
:100EF000007A002F6CD0D8F82030049367F3C30435
:100F000004A942482246EFF7F1FD0128A5D1444A41
:100F1000AB7892F8704024FA03F1C9073FD400FA85
:100F200003F102EB83054FF400402143EC6A82F8A1
:100F300070106C67FFF746FA364B0F20DB68984756
:100F4000FFF72EFC0446FFF773FA002C87D0354BD1
:100F5000022135481B6C98470FB0BDE8F0839078AC
:100F6000FFF706FF79E704A8294EFFF7EFFB2B7880
:100F700069780EAA9B0007468900244802EB030EFD
:100F8000C21843180EA801445EF8340C51F8341C02
:100F9000106032781960002A3FF45EAF53E702EB2D
:100FA000830419460220E26A636FD21AE7F7BEF99A
:100FB000C6E70123184A174E10681A46D6F8B460DF
:100FC000B0479DF8253060F3C3038DF825306CE7FA
:100FD000D8F8283004A930460493EEF7C7FE00285D
:100FE0003FF43BAF99F80230B1EE007AD8F82020F8
:100FF00006EB83060492D6ED007A77EEC77AC6ED4B
:10100000007A7BE7A0AB002053BC002014B800207E
:1010100066BC00204CC00020ACA80020C4BD00204D
:1010200098BD002034BE0020D4BD00207CC100202B
:10103000F8B5214CD4F82831984700282DD1D4F8A0
:10104000E03053B34FF40040FFF7BCF91B4B1B7F5C
:1010500013F0FB0329D01A4A1A4D1B4B1B48117879
:10106000C4F82451C3F8D800A1B9D4F8201101253F
:101070001748184F15700160174ED86C174D184956
:10108000C4F82071174AD3F8B07008603760C3F80D
:10109000B050DA64144B1A6802B1F8BDD4F8A0114C
:1010A000124A1960C4F8A021F7E7074AC4F82431AE
:1010B000C2F8D830F8BD00BF34BE00207CC100208B
:1010C00063BC002021A801004CC0002025A2010023
:1010D00000BB0020C1A20100CCA8002005A3010094
:1010E000FCA8002031A6010000A5002055A20100A7
:1010F0002DE9F043604C8BB0237F013B012B03D9DA
:1011000003200BB0BDE8F0835C4B1B68002BF7D0CD
:101110005B4B1D789DBB5B4B1B78D3B95A4D4FF091
:1011200010075A4928465A4EFFF79EF86846F2F7CC
:10113000B9FC636AB0780093FFF71AFE3A46694635
:101140002846DFF83481EFF7D1FC01281DD02F208D
:10115000D7E7504AB1EE040A4F4B08201768D3F87E
:10116000B460FFF795F80123024629463846B04798
:101170009DF8153060F3C3038DF81530CEE7464B6C
:101180001720DB6898470020BBE744492846FFF753
:101190006BF8B378B0EE007A98F8129105EB830300
:1011A000C9F3C009D3ED007A77EE877AC3ED007AF0
:1011B000B9F1000F46D0D8F82030009369F3C30787
:1011C000314D69463A462846EFF790FC0128BED1DA
:1011D00028463249FFF748F8B278314BF1EE006A01
:1011E00005EB8205616A03EB82032748D5ED007A9F
:1011F00093ED137A77EEA67A00916946F4EEC77AFA
:10120000C5ED007AF1EE10FAC8BF85ED007AEEF771
:10121000ADFD00289BD0F3F72FFB08B9002070E745
:10122000F2F786FB1F481949FFF71EF8227F1A4B79
:101230000021022A1C4ADB680CBF11201220117009
:101240009847EBE7D8F82830694628460093EEF730
:101250008DFD00283FF47BAFB278B1EE007AD8F86C
:10126000203005EB82050093D5ED007A77EEC77A42
:10127000C5ED007AA2E700BF7CC100205CA500207C
:1012800053BC002066BC002014B8002024BE0020FF
:10129000A0AB0020ACA800204CC00020C4BD0020A2
:1012A00098BD00202CBD002051BC002000207047BC
:1012B00000207047002070474FF0FF30704700BF9C
:1012C000012070474FF0FF30704700BF704700BFEC
:1012D000004870475C73002070B5134A002683688D
:1012E0001660F3B10D4604461946284609F09AFFE8
:1012F00000F8016CA36893F8443043F0100385F8BC
:101300000431A36803E093F84420920703D5DB6C13
:10131000A360002BF7D12B78002B14BF28460020A8
:1013200070BD0B70184670BD38BB002070B50C4DF9
:1013300006462C685CB10B4BDB6CA36030460A4957
:101340000AF02AF800280CBF2046002070BD0121B9
:101350000F2008F029FA28600028EFD00446EAE7B9
:10136000D8A40020389800205C73002008B50449F8
:101370000AF012F8003018BF0120404208BD00BF3B
:101380005C73002010B50C460AF0D2F9012814BF96
:1013900000F1FF300020204410BD00BFF8B500224E
:1013A0001A4B1A6003782F2B02D0194B1868F8BD1E
:1013B00006460AF0BDF90128054623D0154BDF6C1F
:1013C00017B33C4601E0E46C84B120460AF0B0F962
:1013D00001388542F7D12A46314620460AF046FABE
:1013E0000028F0D12046F8BDFF6C5FB138460AF006
:1013F0009FF93146024638460AF038FA0028F3D100
:101400003846F8BD0348F8BD1846F8BD38BB002083
:10141000248D002038980020002070474FF0FF30C6
:10142000704700BF704700BFF0B591B02F230F4643
:1014300001466846ADF8003009F01AFF06460AF08A
:1014400077F9054633782F2B01D1012835D01E4B73
:10145000DC6C14B92AE0E46C44B320460AF068F965
:1014600001388542F7D12A46314620460AF0FEF976
:101470000028F0D1236C9B6C23B33946134898475E
:101480000028134B0CBF012200221A600BD04FF42E
:101490008062002119603A6094F8442042F0100202
:1014A0003A71A26CBA60186811B0F0BD084B4FF0E9
:1014B000FF321A60186811B0F0BD034C236C9B6CAE
:1014C000002BDAD1024BE2E7389800205C73002051
:1014D00038BB0020F8B50E460446FFF75FFF00B3A7
:1014E00023780546026C2F2B976816D0204631468C
:1014F000B8470446A8B12B6C036095F844309B07AD
:1015000009D43046772109F0D3FE003018BF0120FE
:1015100020722046F8BD0020FAE72146FFF732FF8F
:10152000E5E700242046F8BD084B002210B51A60FC
:1015300004460368DB689847237A33B1044B9B6801
:101540001BB12068BDE81040184710BD38BB002013
:101550002CBB002030B4044C002525601C68246995
:10156000A44630BC604700BF38BB00205C4B1B6802
:1015700059695A6988B222EA00025A619A6910428E
:101580001CD030B40D051AD4564A4C0501D50A2199
:10159000117011780A2910D8DFE801F086655748E4
:1015A00040352418060F86001D6F002194684FF403
:1015B0000070257051801170186630BC70474FF470
:1015C0000074484A0A201C661070DEE79168082003
:1015D0001B6F4C1C94600B705388013B9BB2538073
:1015E0001070EAE791681B6F481C3E4C90600B70CE
:1015F0005388013B9BB2012B53806BD093880133FE
:101600009BB29380D9E7996900204FF4007421F0D0
:10161000010199611C6650801070CEE79168052029
:101620004C1C9460097819661070C6E791682D4CBF
:10163000481C9060097819665388013B9BB2012BC6
:101640005380BAD104232370B7E79179254C01392F
:10165000C9B250189171017B19669379002BACD1F6
:1016600001232370A9E79969C80724D49969C9059A
:10167000A3D599691B4821F480719961996941F05A
:1016800002019961518889B2013941F4807119666A
:1016900053889BB2012B20D043889BB2022B0CBFF6
:1016A00007230623137088E700229A611A6942F41F
:1016B00040721A6181E79C6940F20141507824F040
:1016C000010240009A619A69014342F480729A6172
:1016D000196672E70823237090E7082313706CE7FC
:1016E00008AC0020ACA600202DE9F04F4000DFF848
:1016F00018A183B0032740F480633F4DD046DFF844
:1017000004910193D5F800B0022607E098F8000094
:101710000A2807D0DBF81400830426D49AF80000C6
:101720000028F3D1DBF8144014F04074F2D1DFF854
:10173000DCB0DBF8D8018047019B0646286844618D
:10174000036604E02868446914F4305F2FD1DBF8A5
:10175000D8018047801B0228F4D92B684FF400720F
:1017600001201A6603B0BDE8F08FD9F8000001240B
:101770000DF01EFF00234FF43032D8B11F49CBF8D3
:101780001060CBF81030CBF848101D49CBF824403E
:10179000CBF82810CBF82C20DBF84800CBF8500011
:1017A000CBF82030CBF85840CBF81040B6E74FF4D8
:1017B00000710166013FA5D1124B18680DF0F8FECB
:1017C000A8B12B68012202200C4D0D4C4FF4303192
:1017D000186138461F619D645A629C62D962996C97
:1017E00019651F629A651A6103B0BDE8F08F38462B
:1017F00003B0BDE8F08F00BF08AC00203B372819CC
:10180000B80B050594A60020ACA6002034BE00202D
:1018100070B4194C002596B2A94208BF2146143C69
:10182000012A6680A160A58024D0022A0CBF072669
:101830000626400040F20141104A0025014326706F
:10184000126840F2024055611166618889B201391F
:1018500041F48071116690614BB10949237813B14D
:101860000B780A2BFAD1536913F0407FF6D101208F
:1018700070BC70470826DCE7C0A6002008AC00203A
:10188000ACA60020104A0379D2789A4218D90F4AA0
:10189000C3EBC303126802EB830359685A7C91E8D7
:1018A0000900C2F3800201680B40002B0CBF1346F5
:1018B00082F00103DBB200EE103AB8EEC00A7047C6
:1018C000BFEE000A704700BFC8A4002084A2002019
:1018D000104A037912789A4218D903EB83010E4A11
:1018E00003EB4103126802EB83039969DA69096823
:1018F0005B7A0A40C3F38003002A18BF83F0010318
:10190000DBB200EE103AB8EEC00A7047BFEE000A34
:10191000704700BFC8A400207CA20020344B354A89
:10192000F0B5DA62002830D1334A12788A422FD9D2
:1019300001EB81041971314A184601EB4401304F23
:1019400015688900DFF8C4E06A1814899C8356681A
:10195000C6F307249E6144F004045C76547A5E7EEC
:1019600084F04004C4F3801464F386165E76146930
:101970006D5C9C60947A916A5C6152695D71DA6019
:1019800019611F62C3F824E0F0BD012801D00020D6
:10199000F0BD194AD2788A42F9D9C1EBC104194A7B
:1019A000197118461568A400DFF864E02A19164F6B
:1019B000118A9983168A310A9E6141F00401597691
:1019C000517C5E7E81F04001C1F3801161F3861687
:1019D0005E76D1682C5D9960117A5C7159615168AD
:1019E0005269D9601A61C3F820E05F62F0BD00BFA0
:1019F000A8AA0020C1B90100C8A400207CA2002030
:101A000091B7010084A2002095B50100E1B5010065
:101A100025B701002DE9F041174E0379F478174FEF
:101A2000A3421CD23C68C3EBC3030D7804EB8303D1
:101A30005C7CC4F3800EAE4502D065F382045C7416
:101A40004B7890460D460446002B007D0CBF0121CB
:101A5000042103F0E1FDB8F1000F08D1F4783B68F0
:101A60001878A0422CBF00200120BDE8F081294653
:101A70002046ECF75FFFF1E7C8A4002084A2002015
:101A8000F8B5244E03793478A3423DD28D78032DE6
:101A90003AD003EB8305204C0F78246803EB450311
:101AA00004EB83035D7A67F382055D7203798F78B7
:101AB00003EB830503EB450304EB83031D7A67F314
:101AC000C4051D7203794D7803EB830703EB4703CD
:101AD00004EB8304637A65F3C71363728B7890F821
:101AE00014E01BB1012B14BF0323022317460D463C
:101AF00004461946704603F08FFD1FB12946204663
:101B0000ECF79AFE23793478A3422CBF0020012001
:101B1000F8BD00BFC8A400207CA200202DE9F84336
:101B2000504B1B78834262D900EB80084E4B00EB90
:101B300048001B6803EB800800293AD0F3EE047AD2
:101B40004B1E012B20EE270ABAFE400ABCEEC00A4B
:101B500010EE104A04F101043ED90D1F434E444FCC
:101B600018BF01250CE0002C41D0F2F73DFBF36BD0
:101B7000002132209847013C39D03B78002B36D1E8
:101B8000D8F81800D8F81C10036898F809200B4002
:101B9000C2F38002002B0CBF134682F001039D426A
:101BA000E1D104680C40002C0CBF144682F0010403
:101BB0000FE0D8F81830D8F81C201C6898F80930C5
:101BC0002240C3F38003002A0CBF1A4683F00102AF
:101BD000D4B22046BDE8F8830129B8F804300CBF20
:101BE0000D460225C3F3441329462B4204D14FF07E
:101BF000FF342046BDE8F8831E4E4046D8F81C202E
:101C000033681A4F23EA0203DFF864903360E6F783
:101C100057F80BE01CB3F2F7E7FA2946FB6B3220CA
:101C20009847013C1BD099F80030C3B9D8F81C2064
:101C3000316812EA0105EDD0D8F8181098F809308B
:101C40000968C3F380030A40002A0CBF1A4683F0D8
:101C50000102D4B240460021E6F732F8B9E74FF06E
:101C6000FF34F7E7C8A400207CA2002034BE002087
:101C700098BD002064A500200B4BDB7883420FD970
:101C80000A4BC0EBC0001B6803EB8000437C5B0782
:101C9000436848BF81F001010CCB11B9C2F888300C
:101CA0007047C2F884307047C8A4002084A2002086
:101CB000037FDB0717D403798C29104AC3EBC303D6
:101CC000126802F8231003D08F2901D00120704739
:101CD00003790120C3EBC30302EB8302537C43F07F
:101CE0001003537470470379054A03EB83001268AD
:101CF00003EB4003012002F82310704784A2002068
:101D00007CA2002068B90E4B1B788B4216D90D4B74
:101D100001EB81001B6801EB400103EB81018A624A
:101D2000704701280AD1064BDB788B4206D9064B57
:101D3000C1EBC1011B6803EB81014A61704700BF21
:101D4000C8A400207CA2002084A2002070B51F4CF3
:101D50002478844222D900EB80051D4C00EB45001D
:101D6000246804EB8004A68816F4787514D0154610
:101D7000C6F344160A4635EA060112D18BB126890C
:101D8000294684F82120204665F34916636226819E
:101D9000E5F796FFBDB10125284670BD0025284610
:101DA00070BD00250B4E336D984720460021E5F7A6
:101DB00087FF238900226FF3491362622381F36C4A
:101DC0009847284670BD0125ECE700BFC8A4002055
:101DD0007CA2002034BE00200B4A10B41168C369F5
:101DE000446A0B43136064B1436990F821000CCB43
:101DF00012681A4223465DF8044B14BF01210021EA
:101E000018475DF8044B704764A50020084B1A681A
:101E10005AB108490379C978994206D903EB83037B
:101E200002EBC30393ED090A7047BFEE000A704747
:101E300078AC002004A200204FF0FF30704700BFB4
:101E4000037FDA0707D50379044AC3EBC30312689B
:101E500002F82310037F03F00100704788A20020DE
:101E60000C4B10B9187888420AD8DB788B4206D917
:101E7000094BC1EBC1011B6803EB81014A6170474B
:101E8000064B01EB81001B6801EB400103EB810174
:101E90008A62704704A2002088A2002080A200204D
:101EA000F8B5254C06460D4630222046002108F0A4
:101EB0007FF9012E3ED1214BDB78AB423AD9C5EBFD
:101EC000C5011F4B25711E6889001E4F7218108AAC
:101ED000C0F30723A08383F02000C0F3401060F319
:101EE0000413DDB26377A38B85F0400015F0300F4B
:101EF000A3614FEA1323C0F3801060F38613637667
:101F0000D368715CA360137A617163615369E7629E
:101F100023610DD0137E20460B4A03EB83030B4D48
:101F200012680B4902EBC30325626162E360F8BDEE
:101F30002046F8BD0020F8BD78AA002004A20020A9
:101F400088A2002051BB010078AC0020652700600A
:101F50001DBB0100F0B5154F06468BB0F878B042B6
:101F60001ED91349C6EBC602124B6D4609681B68A1
:101F700001EB8202147E04EB840403EBC4040FCC57
:101F80000FC50FCC0FC594E80300009C85E8030043
:101F900001A8ECF71BFC0146204602F099FBF878FB
:101FA00086422CBF002001200BB0F0BD04A200200F
:101FB00088A2002078AC0020EAF740BC704700BF40
:101FC0002DE9F04F074688466448914664492DED57
:101FD000028BB9B0FFF77EFA002800F08A80054630
:101FE000242600249FED5F8A01222B460DF1070075
:101FF0001146FFF7AFFA012877D19DF807300D2B76
:1020000009D00A2B07D0632CEED838AA2244013419
:1020100002F8D03CE8E738AB1C44002304F8D03C7D
:102020009DF810305B2B32D07EBB0DF1100A3D21A4
:10203000504609F03DF9002855D0437800F1010BD6
:102040000670202B03D11BF8013F202BFBD0464903
:10205000504609F00DFF2C224449FDF7C5F80D2824
:102060005FD00E2854D0431C0ED038AB002403A9F7
:1020700003EB800258460394343AF0F733F9A04258
:1020800014BF26460226AFE714260024ACE7002E34
:1020900050D00DF1100A5D21504609F009F90028D1
:1020A00033D000235F210370504609F063FC60B316
:1020B000012402AA03A90394F0F7C4F806460028F5
:1020C000E3D1029A2BAB37A98DF8AA408DF878009E
:1020D0001D92A3EC018A9942FBD13D21504609F0A3
:1020E000E7F80028A9D104467EE76EB32846FFF73B
:1020F0001BFA1F4B1B681BB14A464146384698479E
:1021000039B0BDEC028BBDE8F08F242600246BE7CC
:102110009BF800300024303B18BF01238DF8AA3013
:1021200062E70024594631221EA809F0EFFB8DF822
:10213000A94059E71DA801F0BFFE0028A9D01DA89D
:10214000012101F003FFA4E71DA801F0B5FE00285E
:10215000CCD01DA8012101F0F9FEC7E7647300206F
:102160006C1A00200000C07F60340020500D002059
:10217000F4A80020034B04481968044A1860116051
:10218000704700BF2CBB0020D1BC0100F4A8002088
:102190002DE9F0470646ACB00F46554855499046E4
:1021A000FFF798F9002872D005464FF02409002463
:1021B000DFF84CA101222B460DF107001146FFF775
:1021C000C9F901285DD19DF807300D2B09D00A2BE4
:1021D00007D0312CEED82CAA2244013402F8A03CBE
:1021E000E8E72CAB1C44002304F8A03C9DF8103019
:1021F0005B2B56D03D2104A809F05AF8044600286C
:10220000D8D0002304A82C223B492370FCF7ECFF14
:10221000431C0F2B25D8DFE803F0132424242424A7
:1022200024242424242424081D150123204602AA42
:1022300003A90393F0F706F8814608B9029B1193AE
:102240000024B7E763780024303B18BF01238DF8E2
:102250007A30AFE7611C312212A8002409F056FB46
:10226000A8E72CAB03A903EB80020123204600243E
:10227000343A0393F0F736F8002808BF4FF002090C
:1022800098E7B9F1000F1ED02846FFF74DF91B4B18
:102290001B681BB142463946304698472CB0BDE812
:1022A000F087B9F1000F18D04FF0FF3000211FABBD
:1022B0002BAA11908DF8481043F804AB9342FBD140
:1022C0004FF0240996E711A801F0F6FD0028DBD0B5
:1022D00011A8012101F03AFED6E711A801F0ECFDAA
:1022E0000028E1D011A8012101F030FEDCE700BF99
:1022F0007C7300206C1A0020F40D0020F8A8002048
:102300000000C07F034B04481968044A186011603C
:10231000704700BF2CBB0020A1BE0100F8A8002020
:102320002DE9F047524B0E46524D174600211B68CF
:102330006E602A462970AF604F4998472B7B002B6F
:1023400040D06B7B4D4C4B4A002B4AD02B78394602
:102350004B4A0133DFF824814A48DBB22261E06056
:1023600040462B702371B0472B7862694046013399
:1023700045490132DFF82C91DBB2216162613946B7
:102380002B702371B047637F00212A7C43F0080340
:10239000C4F80C90616163773648002A55D06B7C95
:1023A000DFF8D08043B32B783946384A0133C4F87C
:1023B0000C902261DBB231482B7023713346BDE8AB
:1023C000F04718472B7839462C4C0133304A2046C9
:1023D000DBB222612B702371B0476B7B254A002B47
:1023E000B4D1137839462B4801332061DBB223483E
:1023F00013702371B047A9E798F800303946264A90
:102400000133DFF878A02261DBB2504688F8003053
:102410002371B047636998F8112001336361002A82
:10242000C1D198F8003039461C4A50460133CAF8E9
:102430001020DBB288F800308AF80430B047DAF8B0
:1024400014300133CAF81430ADE703783946144A22
:102450000133C8F81020DBB20370404688F804301E
:10246000B047D8F814300133C8F8143097E700BFEC
:1024700060A5002068AB002029CC0100C09300209B
:10248000BC730020B4730020CC7300201C740020A7
:1024900094730020A4730020FC7300200C740020AF
:1024A000EC730020E47300200E4BDB788B4216D9CE
:1024B0000D4B70B45A7E18461D7E1C7F42F00802F8
:1024C0000A4E45F0020544F002046FF3861259618A
:1024D00019711D765A761C771E6170BC70470020FA
:1024E000704700BF0CA2002008AB0020347400200D
:1024F0000F4AD3788B4219D90E4BF0B40E4D1846C3
:1025000017790E4A1C7E8F4208BF15465E7E1A7FE1
:1025100044F002046FF386161D6142F00202596115
:1025200019711C765E761A77F0BC704700207047F0
:10253000D0A4002038AB00205C7400204874002038
:10254000704700BFBE2803D0034B1B6813B1184768
:10255000012070471846704714BB0020704700BF29
:102560000B4A0C4B92ED007AD3ED007A0A4BB4EE95
:10257000E77A1A78F1EE10FAACBF0121002161F37D
:1025800086121A7002DB054B054A1A60704700BFBD
:1025900088A500208CA50020A0BA002078990020F2
:1025A000A9CA0100037830B46BB91A4B1C68C16A20
:1025B0000A68A24203D00C6917491A600C60174BD5
:1025C00030BC1B681847816A0022154B91ED087AD0
:1025D0001446D3ED047A9FED136AF8EE675A124B56
:1025E00027EE067A9FED115AD3ED026A104967EE85
:1025F000257A104DF8EE666A064B27EE867A1A6049
:1026000067EE857A26EE877AC5ED007A81ED007A4D
:10261000CDE700BF98B3002088A500207CB700203C
:1026200098BD00200AD7233CA4AB0020A4707D3FB6
:1026300090A500208CA5002030B40A4A456A817A12
:102640001560C27A6FF38201074C42F00802074D11
:102650008172C272236845620BB130BC184730BC2E
:10266000704700BF20B40020F0A80020E1D801008E
:10267000A0F5B77008B503281BD8DFE800F0140EEA
:1026800008020D4800220D490369984708BD0A4811
:1026900000220B490369984708BD074800220949F1
:1026A0000369984708BD084800220849036998470C
:1026B00008BD352008BD00BFACA4002007AC002039
:1026C00006AC002005AC0020D8A1002004AC0020FE
:1026D000064901230648642210B4D1F8C0410068BD
:1026E000A44604495DF8044B604700BF34BE002097
:1026F000B0A80020A4AB002070B5204C6422204D6F
:102700002049204603F0D6F96E69284600231E4A68
:10271000FF21B047FF2884F8610002D01B4B1B78D3
:1027200093B91B4B154D1B78012B84F83C301CD002
:102730001849012318486422D1F8C0410068A44612
:102740000E49BDE87040604701466E690023134A98
:102750002846B04701466E69284684F86210002377
:102760000F4AB04784F86300DBE70E4800230E4AA7
:10277000FF214469A04785F86000D9E7A4AB002099
:10278000ACA400206C0700207074002074BC0020F2
:1027900060BC002034BE0020B0A800207874002067
:1027A00084740020D8A1002090740020F0B583B07C
:1027B000164D0746002302AC284604F8011D2146A9
:1027C000AC69A047B0B1446AE4B104463E4600F1AA
:1027D000300E2068103454F80C1C354654F8082C80
:1027E000103654F8043C74450FC5F2D1084B9F4293
:1027F00002D0012003B0F0BD064B01209DF8072058
:102800001A70F7E7204603B0F0BD00BFACA400206B
:102810001CA2002065BC002038B50D46044608F017
:1028200087FF03280DD8022804EB000308BF0135F9
:10283000284413F8012D00F8012DA842F9D12846AB
:1028400038BD2546284638BD30B583B0002851D064
:102850000168384B90F836201960002A40D0364A7B
:1028600092F83C20032A18BF002A0CBF0122002244
:102870001A7100F13803314A00F1580453F8041B6F
:102880009C4242F8041BF9D1D0ED197A0446F4EECB
:10289000677AF1EE10FA09D6294B9B6833B1FCEE4A
:1028A000E77ACDED017ABDF80400984794ED170A58
:1028B000B4EE400AF1EE10FA03D6214B1B6803B1C7
:1028C000984794ED180AB4EE400AF1EE10FA03D6D8
:1028D0001B4B5B6803B19847237923B903B030BD24
:1028E00001221A71C5E7201D012103B0BDE8304067
:1028F000F3F78ABE104D4FF0FF330E4895F83C2099
:10290000036000F12C01032A18BF002A00F10C0318
:102910000C4A0CBF01240024047143F8042B8B42A1
:10292000FBD100216A69AB69C1600261036203B037
:1029300030BD00BFD0A60020A4AB0020DCA6002044
:1029400038A400200000C07F2DE9F0435A4983B02D
:102950005A4C01235A4F642209682046D7F8C451C3
:10296000A84700287BD094F83C50564E534B357006
:10297000002D68D0012DDFF88C8114BF01220022C8
:1029800088F8002029D193F86030FF2B8DF80730AC
:102990006FD04D4800234D4A0DF10701D0F8189033
:1029A000C847002865D0436A002B62D08646DFF80E
:1029B00058C100F1300988F80050DEF800000EF12F
:1029C000100E5EF80C1C65465EF8082C0CF1100C1D
:1029D0005EF8043CCE450FC5EFD13D4A94F8611036
:1029E0003C48FFF7E3FE354D80B333780122022BDC
:1029F00088F8002048D00020304DFFF725FF3278BE
:102A000094F83A30A2F102003349013BB0FA80F069
:102A1000632B4FEA5010087002D9052385F83A302D
:102A200094F83C30D7F80C512C4893422C4905605F
:102A3000C7F80C1103D02B492B48E9F7B3FE94F8E3
:102A40003930DB071BD403B0BDE8F08388F8000001
:102A500026492548E9F7A6FE03B0BDE8F083FF2329
:102A600084F8633084F8623084F86130FFF744FE04
:102A700079E70122022388F800203370ADE70021B6
:102A80001B48E9F78FFEDEE71A4A95F862101A48EC
:102A9000FFF78CFE30B90323337098F80030002B19
:102AA000A9D1D5E795F86310144A1548FFF77EFEC3
:102AB0000028F0D0F1E700BFB0A80020A4AB0020B0
:102AC00034BE002060BC0020D8A1002090740020FB
:102AD000707400201CA2002074BC0020A4B300204D
:102AE00049CD01009C7400205D030100C8740020E2
:102AF000A1C801007874002044A400208474002040
:102B000074A400205ABC002034A900204288BE2AA8
:102B100003D01D4B5B683BB11847034690F8CE00CD
:102B200010F0010002D17047FF20FCE710B593EDD3
:102B30001C0A1C46EFF760FC08B394F8CE30DB07A4
:102B400015D5BFEE007AD4ED1C7AF4EE477AF1EE9B
:102B500010FA0CD00D4BFCEEE77A1B6817EE901ABA
:102B600013B90EE09B6E63B11A689142FAD194F8E2
:102B7000CE3000206FF3000384F8CE3010BD022069
:102B800010BD272010BD00BF14BB002058A8002096
:102B90002DE9F0473B4ED0233B4C0020D6F8D051D6
:102BA00086B06060E373A373E37415B122463749BE
:102BB000A847227B637B002A14BF0227032703B99F
:102BC0000137227C637C002A14BF0125022503B94A
:102BD0000135A37C0BB90135EDB2DFF8D0904FF091
:102BE000000A2B4A68462B4BDFF8C480CDF808A0BA
:102BF00089F80350CDF800900192CDF80C80049331
:102C0000EBF7DCFC244CE0B900232449244A684655
:102C1000E7700094CDF81080029303930191059220
:102C20001D4CEBF707FD10B12379022B17D8D6F80E
:102C3000D0111C4A1C4B1160C6F8D03106B0BDE85B
:102C4000F0872379002BDFD099F804205046032326
:102C50000121013A2A44D2B2EBF75CFCD4E79A1E78
:102C6000012102233A440846D2B2EBF753FC227901
:102C700001210323013A08463A44D2B2EBF74AFC59
:102C8000D5E700BF34BE002068AB002029CC01008E
:102C90000DD00100B9C10100D0A4002055D0010021
:102CA00001C2010060A5002031C001000CA200207B
:102CB00051C20100184810B5436A9847174B184C89
:102CC000D3ED0A7A93ED097A30EE670A154AA379B3
:102CD00020EE070A82ED000AB3B9134A134B92EDB6
:102CE000007AD3ED007A124BB4EEE77A1A78F1EE5F
:102CF00010FAACBF0121002161F386121A7002DBC9
:102D00000C4B0D4A1A6010BD0C4B1868FBF782FE85
:102D10000028E2D1A071E0E734A90020A4AB002094
:102D2000D0A600204CA2002088A500208CA5002061
:102D3000A0BA00207899002085D3010040BC002073
:102D400008B50E4B01210220D3F8A43098470C4B54
:102D50009FED0C7A0221D3ED096A93ED060AC6EEC7
:102D6000877A094A094BD2ED1D0A1868A0EE670A56
:102D7000FBF78AFC064B074A1A6008BD34BE0020E8
:102D8000D0A600200000C8427CC1002040BC00202A
:102D9000789900204DD601005148F0B52DED028BF9
:102DA000436A83B09847F7EE007A4E4BB4EE670A59
:102DB0001A78F1EE10FA0CBF0121002161F3000234
:102DC0001A7003D0484A5279002A7AD0474A484DAF
:102DD000D2ED007A95ED007A1A78B4EEE77A414C9C
:102DE000F1EE10FAACBF0121002161F386121A70D6
:102DF0000EDA404C2068FBF70DFE10B12068FBF79F
:102E0000E7FD3D4B3D4A1A6003B0BDEC028BF0BDBF
:102E10003B48B7EE008A374E436A9847B4EE480AFB
:102E200062782378F1EE10FA3648476A0CBF012128
:102E3000002161F3C30261F3C71362702370B847C6
:102E4000B4EE480A63783068F1EE10FA0CBF012244
:102E5000002262F3041362F300036370FBF7DAFDF0
:102E60006378227803F0010330B1B3EBD21FCBD1EA
:102E70003068FBF7ADFDC7E7B3EBD21FC4D02968BC
:102E8000BFEE000A204B12F0800F0191DDED017AB8
:102E900018BFB0EE480AD3ED1D0A3068F4EEE70A19
:102EA000F1EE10FA01DDDDED010A0F4B0121D3ED4A
:102EB000027A60EEA70AFBF7E7FB03B0BDEC028BDA
:102EC000F0BD124B08210C4A1B6C114C11481460C8
:102ED0009847F1F789F903B0BDEC028BF0BD00BF54
:102EE0001CA20020A0BA0020D0A6002090A500209F
:102EF00088A5002040BC00207899002071C2010004
:102F000074A4002044A400207CC1002034BE002012
:102F1000C5D00100D4BD002070B54B680C460546F5
:102F20003BB38268092A16D00B2A09D0A16828462B
:102F300098472B792278934238BF1346237070BD8F
:102F40004179E27C9142F1D130490069FFF764FC9C
:102F500028616368EAE743798A7B9A4240D0E27B42
:102F60009A42F6D12A492869FFF756FC286163681E
:102F7000DCE7836823F00203092B2AD1066925497F
:102F8000304608F009FA40B32349304608F004FA05
:102F900000B32249304608F0FFF940B320493046DB
:102FA00008F0FAF930B31F49304608F0F5F920B3BC
:102FB0001D49304608F0F0F910B31C49304608F0BE
:102FC000EBF900B330461A4908F0E6F908B96B7915
:102FD000E37470BD0123637370BD0123237370BD5F
:102FE00014490069FFF718FC6B792861B7E76B7922
:102FF000A37370BD6B79E37370BD0123237470BD3F
:103000000123637470BD0123A37470BD1898002060
:10301000FA970020EC740020F0740020F474002073
:10302000F8740020FC740020007500200475002056
:1030300008750020DC970020F8B51B4B1B4C1B6863
:1030400098471B4B1A6852B1D4F89830194A17495F
:10305000934203D01848C1F898200360F8BD174D7B
:10306000D4F8A021164917481A60D5F8E870D5F8A9
:103070008820DFF86CE0144EC4F8A011134B1449FB
:103080000068C5F8E8E03760C5F888101A60FBF7FB
:10309000BFFC20B1696D0F4A0F4B11606B650021B9
:1030A0000E48E9F707FBCFE7A4B3002034BE0020A9
:1030B00004A50020B5C201007CB700204CC0002050
:1030C000B1CE010040BC0020F0A80020DCA8002008
:1030D00015CE0100C0A80020F5CD010019D60100D1
:1030E00049C30100054B10B504461868FBF772FB95
:1030F000034B20461B68BDE81040184740BC002029
:10310000C0A80020204B214A2DE9F041204C054663
:103110000E4692ED000A1F4F93E80300A180206045
:103120000120EEF7E7FF8046204608F001FB41460C
:10313000204408F077F83B88044673B12C21164AE6
:1031400001340170D90704D51178202901D02170EC
:1031500001345B0802F10102F4D14FF000080C4881
:1031600084F80080A8477B780C4A03F0EF031268CC
:1031700068F3C3037B7022B131462846BDE8F041B5
:103180001047BDE8F08100BF0C7500204CA2002064
:10319000FCA20020A0BA0020F40E0020DCA8002031
:1031A00010B50024094B0A4821461C80E9F734FA7F
:1031B00021460848E9F730FA074B084A1A601B68AD
:1031C0009847074BBDE810401B681847A0BA00207D
:1031D00051CA010051D7010078990020C1D60100E1
:1031E00004A5002001490248EFF792BEE4AB00209D
:1031F000E0A90020384BF0B50746384E93E80300AD
:103200002DED028B85B0D6F8C0308DF80C100290F1
:1032100033489847334B3868D6F8C0409842D4BFFB
:1032200002200020EEF744FFA047D6F8C0302E4819
:1032300098473868D6F8C040EEF73AFFA0473B7988
:10324000002B3FD1D6F8C03007F1380527480024BD
:10325000984797F83600D6F8C070EEF729FFB847C0
:10326000F5EC017A22462C232149F4EE677A01A875
:103270000134F1EE10FA1AD6FBF790FF9DF8042006
:103280009DF8053002A88DF809208DF80A30D6F88F
:10329000C030984715ED018AD6F8C070EEF7E0FE11
:1032A000B0EE480AEEF726FFEEF7B0FFB8470C2C59
:1032B000D6D1D6F8C0300F489847002005B0BDECF5
:1032C000028BF0BDD6F8C0300B489847D6F8C03016
:1032D000381D9847B6E700BF3C75002034BE00207B
:1032E000147500203F420F00247500203475002023
:1032F000200D0020003200202C7500200E4BDB78C2
:10330000C01AC0B2FF2801D001207047FCEEC07A7D
:103310000A49012017EE903A0870A3F10A025A2ACE
:1033200004D9074B642201201A607047044A012027
:10333000C2ED007A704700BF0CA200206BBC0020D9
:1033400080A50020124BDB78C01AC0B2FE2800D046
:103350007047104A104813780171D807F8D50F4804
:1033600000780328F4D081F0010161F38203137027
:1033700049B10B4B0B4A18780B4B0C49002818BF6E
:1033800013460B607047094B094A1A60704700BF2B
:10339000D0A40020A0BA0020D0A6002060BC00204D
:1033A00074BC002071C20100C5C9010078990020D9
:1033B000B5D50100374B70B52DED028B1B78012B75
:1033C00057D03548B7EE008A344C436A9847B4EE7C
:1033D000480A2378324AF1EE10FA12780CBF012124
:1033E000002161F30003237012B9BDEC028B70BDA4
:1033F0002C482D4D436A9847B4EE480A62782378EA
:10340000F1EE10FA2948466A0CBF0121002161F350
:10341000C30261F3C71362702370B047B4EE480A69
:103420006378D5F81411F1EE10FA0CBF01220022D6
:1034300062F3041362F3000363700029D5D0884758
:103440002378D5F8182160F3C3032370002ACCD069
:1034500001209047D5F8143198472378D5F81821E2
:1034600060F304130020BDEC028B2370BDE87040B4
:1034700010470F48436A98470E4B0F4AD3ED0A7A1C
:1034800093ED097A30EE670A20EE070A82ED000A12
:1034900097E700BF60BC00201CA20020A0BA00205B
:1034A00074BC002074A4002034BE002044A400207A
:1034B00034A90020A4AB00204CA200200388B3F55F
:1034C000B97F0ED2B3F5B87F1ED2B3F5B27F0CD060
:1034D000B3F5B77F0CD1104B1879003018BF01201D
:1034E000704740F2AA22934202D10C4B18787047E1
:1034F0000A4B187838B10A4B93F83C00A0F1010050
:10350000B0FA80F040097047064B1879022894BF42
:1035100000200120704700BFD8A100205ABC002025
:10352000A4AB0020ACA40020A0F5B77003281BD8E2
:10353000DFE800F0140E08020D4B0E4893F86310FC
:10354000C36818470A4B0B4893F86210C3681847C2
:10355000074B084893F86110C3681847044B0648A6
:1035600093F86010C36818479FED040A704700BFC6
:10357000A4AB0020ACA40020D8A1002000000000D3
:103580004A88BE2A03D0104B9B68DBB11847BFEEB8
:10359000007AD1ED1C7AF4EE477AF1EE10FA0ED0F3
:1035A0000A4BFCEEE77A186817EE902A10B904E08F
:1035B000806E10B103689A42FAD1FFF745B9002036
:1035C000FFF742B9704700BF14BB002058A8002085
:1035D000214B70B5044688B01B68984784BB1F49CF
:1035E0006B461F4A02AE0D78CDF80940CDF80D406C
:1035F000CDF81140CDF81540CDF819408DF81D409B
:1036000007CA03C317491A7011F8013B4BB1AC420A
:1036100011D02C2BF8D1013411F8013BE4B2002B6E
:10362000F5D12922002368460F4932707370F3F7F1
:103630001DF808B070BD2C2BF3D033700136E3E7D2
:10364000064B1B78002BF4D0084B0948D3F8C03048
:10365000984708B070BD00BFE0A8002060BC002003
:10366000AC030020A89900204475002034BE00203F
:103670004C7500202DE9F043744B754D754C95ED5C
:10368000007A2DED028BD3ED007A85B02378B4EE6D
:10369000E77AF1EE10FAACBF0122002262F3861342
:1036A00023700DDA6C4C6D4B6D4A20681A60FBF785
:1036B000B1F9002872D105B0BDEC028BBDE8F083F2
:1036C0006848436A9847FCEEC07A2278CDED017ACB
:1036D000F7EE007A9DF8043007EE103A63F300022B
:1036E000B8EEC77A2270B4EE677AF1EE10FA46D1DE
:1036F0005D4C5E4E23680BB9002333605C485D4F20
:10370000436A9847D7ED0A7A97ED097A30EE670A4F
:103710002368D6ED007A0133574A20EE070A524952
:10372000052B236070EE277A82ED000AC6ED007A41
:10373000C1D1F1EE046A5148002390ED007AC7EE42
:10374000A60A0B60F4EEC70AC2ED000AF1EE10FA09
:103750002CD44B4BD3ED007AF4EEE70AF1EE10FADD
:1037600024DC484CA379002BA5D03B4B1868FBF711
:1037700051F900289FD1444BA07118709BE7414B31
:103780005B79002BB4D1414B0821344A404C1B6C6F
:10379000404814609847F0F727FD8CE72068FBF756
:1037A00017F905B0BDEC028BBDE8F0833A4BB1EEE2
:1037B000041A3A4893ED000AEFF7CCFBB5EEC00AC5
:1037C000304CB0EE408ADFF89080F1EE10FAA37929
:1037D000CCBF0126022693B1B34210D0D8F8000026
:1037E000FBF718F958B1DFF8A09099F8003033B919
:1037F000D8F80000FBF7ECF889F800005BE7D8F890
:103800000000FBF707F9144B00287FF454AF296838
:10381000234A0391D2ED1D0ADDED037A97ED0B0AE1
:10382000F4EEE70A184AA67128EE000A1B68F1EECA
:1038300010FA107001DDDDED030AD4ED027A1846AE
:10384000022160EEA70AFAF71FFF34E790A50020D7
:1038500088A50020A0BA002040BC00207899002054
:10386000C5C901001CA2002024BB002020BB0020F1
:1038700034A90020A4AB00204CA2002054A20020B8
:1038800050A20020D0A600206FBC002034BE002033
:10389000C5D00100D4BD002058A20020E0A900201E
:1038A0007CC10020114810B5436A9847F7EE007AB2
:1038B0000F4BB4EE670A1A78F1EE10FA0CBF012133
:1038C000002161F300021A7002D00A4B5B7903B148
:1038D00010BD094B0821094A094C1B6C09481460AA
:1038E0009847BDE81040F0F77FBC00BF1CA2002045
:1038F000A0BA0020D0A6002034BE00207899002075
:10390000C5D00100D4BD002008B5084B1B689847FE
:10391000074B1A7802B908BD0649002206481A70FA
:1039200049690068BDE80840F0F76AB87899002056
:103930006BBC002098BD002080A5002070B5174CFE
:103940002068FBF767F800B170BD154D01469FED8B
:10395000157AD5ED007A144867EE877AFAFE677A11
:10396000FCEEE77A17EE902AE8F7C0FD95F83930BB
:103970009B07E9D52068FAF71BFF01460028E3D032
:103980000A4D002220680023D5F894402144C5F850
:103990009410BDE87040FAF70FBF00BF40BC002094
:1039A000A4AB002000007A4451D7010098BD00204C
:1039B00070B51C4CFFF7FEFC2068FBF72BF858BBDA
:1039C000F8F786FE00B170BD174B0146174A02207A
:1039D000174DD3F8A43015609847164B93F839303B
:1039E0009B07F0D52068FAF7E3FE05460028EAD0E9
:1039F000114E002200232068D6F894100D44C6F81A
:103A00009450FAF7D9FEEFF793FF06F18C010B48BB
:103A1000BDE87040FCF728BC2068BDE87040FAF7AC
:103A2000D7BF00BF40BC002034BE002078990020E2
:103A3000C5D00100A4AB002098BD00202CBD002003
:103A400070B5394C237903BB384A1278032A1CD04D
:103A5000374DDFED386A95F83A20374907EE902A5E
:103A600036480A78F8EE677A067842F00402A371C5
:103A700087EEA67A0A7084ED027A7EB1304B314A25
:103A80001A601B68BDE8704018472B4B2C491A7808
:103A90002D486FF3820208601A7070BD2B48EFF753
:103AA00051FAD4ED077AF4EE677AF1EE10FA1AD6ED
:103AB00095ED017A264C77EEC76A264837EE877A6D
:103AC0002549264A264BC4ED006A80ED007AC1EDF7
:103AD000007AC2ED007A1E60194B224A1A601B68F8
:103AE000BDE87040184720481B4C436A984795ED45
:103AF0000A7AD5ED097A30EE470AD5ED016A174802
:103B0000134A60EE277A134B154937EEE67AC4ED77
:103B1000007A77EEA66AC0ED007A0E6082ED007A38
:103B2000C3ED006AD8E700BFD0A6002060BC00202B
:103B3000A4AB00200000C842A0BA002074BC002042
:103B40007899002071C20100B5D50100E0A90020DC
:103B500054A2002050A200204CA2002058A2002015
:103B600024BB0020C5C9010034A9002010B52DEDEB
:103B7000028B8EB0B0EE408A04A8EFF793FF9DF859
:103B8000243001A8104943F001038DF82430FCF7DC
:103B90006BFB00210220E4F791FB30EE080A04A938
:103BA00001A88DED030AECF7E1F8044638B1F0F70F
:103BB00063FEEFF7BDFE04490448FCF755FB2046C1
:103BC0000EB0BDEC028B10BD24BE00202CBD002029
:103BD0008C4B2DE9F04F2DED028B1B6883B089468D
:103BE000002B00F0FB8019F001040646B0EE408A7D
:103BF00000F0B980844B854F93ED030A97F8385055
:103C0000B5EE400AF1EE10FA40F0E580DFF824A2AC
:103C10007F4CDFF848B2B0EE480ADAF80030494687
:103C200030469847237800217A4843F00203DFF8B2
:103C300004822370F2F7E8FC032297ED080A9BF850
:103C400000100120EAF750FC0130237814BF012254
:103C50000022DFF8BCE162F300036C4A23703CD120
:103C6000013D4FF000016C481FD19EF80030022149
:103C70006A4865F341036A4C8EF80030F2F7C4FCE1
:103C8000D8F80030294630469FED660A9847664BC3
:103C9000664A08211B6C66481460984703B0BDEC67
:103CA000028BBDE8F04FF0F79FBA594B01921B7899
:103CB000574A6FF341031370F2F7A6FC5D4B304691
:103CC0004FF000019FED570A1B689847019A0020AA
:103CD00092ED070AEEF7AAFB9DE7574A0021534BE6
:103CE00056481A60F2F790FC474B0020464C93ED83
:103CF000040AEEF79BFB5249002200230868FAF7FA
:103D00005BFD94ED060AB4EE400AF1EE10FA0FD610
:103D1000D4ED097AF4EE677AF1EE10FA06D69FED4B
:103D2000497AF4EEC77AF1EE10FA47DCFFF71EFF8E
:103D30003D4B01210220D3F8A4309847D7ED007AFB
:103D40009FED417A0021414867EE877AFAFE677A53
:103D5000FCEEE77A17EE902A03B0BDEC028BBDE8CB
:103D6000F04FE8F7C3BB21463948E8F755FC214638
:103D70003648E8F751FC244B93ED080AB4EE400AAC
:103D8000F1EE10FA02D62046EEF750FB294B4946D9
:103D90003046B0EE480A1B6898471D4A23491378FD
:103DA0002C4803F0FA0308606FF3410309681370AD
:103DB00003B0BDEC028BBDE8F04F0847C7EE876A41
:103DC00026EE800AFFF7D2FED4ED0A7A9FED1E7A26
:103DD00000211F48B8E7FFF7C9FE17E7154B1B681E
:103DE000984719F0010F04D103B0BDEC028BBDE878
:103DF000F08F0221184803B0BDEC028BBDE8F04FF4
:103E0000F2F702BC04A50020D0A60020A4AB00203D
:103E1000A0BA0020707500208C75002080750020ED
:103E2000C5D001000000000034BE002078990020B9
:103E3000D4BD002020B400206DC2010078750020A0
:103E400040BC00200000C84200007A4451D7010065
:103E500051CA0100C1D601005475002065BC002084
:103E600070B50D4B05460D480E461A6803680C4C9C
:103E70009A4224680ED00020231C18BF01238342DD
:103E800002D806E0A46E24B131462046A847002897
:103E9000F8D070BDA847EFE7D0A60020C499002055
:103EA00058A8002008B500210248FFF7D9FF0020DC
:103EB00008BD00BF05CF0100214B02689A423DD8E2
:103EC000D0ED0E7AF4EE677AF1EE10FA36D6D0ED38
:103ED0000F7AF4EE677AF1EE10FA2FD6D0ED117A60
:103EE000F4EE677AF1EE10FA28D6D0ED107AF4EEFF
:103EF000677AF1EE10FA21D6D0ED147AF5EE407A19
:103F0000F1EE10FAF4EE677A0CBF01200020F1EE1A
:103F100010FA68BF40F0010088B99FED0A7AF4EE0C
:103F2000C77AF1EE10FA0ADB9FED077AF4EEC77A52
:103F3000F1EE10FA94BF0120002070470020704776
:103F40003F420F000000C84200004843F8B51A4C39
:103F500006460268256815B32C4601E0A46E64B1DC
:103F600023689A42FAD131B1A56E31466C222046BF
:103F700001F0A0FDA5660120F8BD6C2005F0A4FDB0
:103F800007460028F7D031466C2201F093FDBC664D
:103F900000E01D46AB6E002BFBD1AF66EBE76C205B
:103FA00005F092FD07460028E5D031466C2201F06D
:103FB00081FDBD662760DEE758A800202DE9F043AB
:103FC0009FB0044607F0B4FB052802D923786F2B75
:103FD0000ED05D4B1B6833B12046984705462846F6
:103FE0001FB0BDE8F0831D4628461FB0BDE8F08332
:103FF00063783D2BEDD16C22002103A894F8028058
:1040000006F0D6F811AB1DA9504A43F8042B8B4299
:10401000FBD1201D4E4907F02BFF044688B34FF01B
:1040200000092378202B03D114F8013F202BFBD06B
:104030003D21204607F03CF9064600285DD080F877
:1040400000902C2220464349FBF7CEF8431C0F2B4F
:1040500041D8DFE803F00840404040404040404045
:104060004040402E261D002714253D23337038493B
:10407000002007F0FDFE044608B1002FD1D1002D2D
:10408000ADD103A8FFF718FF00283CD11C25A6E7F7
:10409000737801270025303B18BF01238DF842308B
:1040A000E3E73122711C04A8012707F02FFC00254B
:1040B000DBE7B8F1300F23D0012301AA02A9304673
:1040C0000293EEF7BFF8054608B9019B0393B5FAD2
:1040D00085F77F09C9E700F10E0201231EA903AC91
:1040E000304604EB820241F8703DEEF7FBF80746DC
:1040F00000280CBF02250025B7E705460127B6E7D3
:1041000001270025B1E7B8F1300F0BD019D3B8F172
:10411000320F16D803A80CBF012100210025FFF79C
:1041200015FF5CE70C4B03A96C220C481C680025AA
:10413000661C03941E6001F0BDFC0848FEF784FB7A
:104140004DE714254BE700BFC8A800200000C07F42
:10415000AC360020200D0020F0900020C4990020F3
:10416000F8B5394BD3F8A830002B60D0374C00227B
:1041700001212046EAF746F90379002B57D00022A7
:10418000334D11462846EAF73DF92B792279002B69
:104190004BD1022A4BD9B3FA83F32E4A64205B0930
:1041A0001370EEF7E9FD2C4B186000283FD000217A
:1041B0000220FAF75FF9294B1860002837D0284809
:1041C000F6F798FB2748FBF76DFE274BDFF8B8E0C2
:1041D00003F1FC022E79254F254D07CAC3F8FCE0F8
:1041E000DFF8A8E0C3F80071C3F804E11F6EDFF840
:1041F000A0E085E80700D3F8CC101E4D1E481F4AEA
:10420000C3F860E02F60C3F8CC001160AEB1237931
:10421000022B04D80B214FF4AF70F6F731FFFEF7F5
:1042200071F8BDE8F840FDF7A5BF002AB3D11449E5
:104230001448BDE8F840E8F7B5BA0D214FF4AF7067
:10424000F6F71EFFE3E700BF34BE0020ACA4002059
:10425000D8A1002074BC0020B0A8002040BC0020E1
:1042600014990020989900204CC000201DC801001E
:1042700014BB0020E0A80020CDDC0100C8A800206D
:10428000C87400205D03010055C2010091D20100F5
:10429000E1D2010010B4074C03792279934201D195
:1042A00061710379D01A5DF8044BB0FA80F04009CF
:1042B000704700BFF4900020F0B50D4E07460D4D3D
:1042C0008E4634460FCD0FC40FCD0FC495E80F00B6
:1042D00084E80F004FB9084B1B78734505D9074A8E
:1042E0003046074B7262F362F0BD0020F0BD00BFA4
:1042F00018AA0020F490002014A200208DE00100F4
:10430000A5DF010028B9034B1B788B4201D9024B72
:104310001A61704714A20020F49000202DE9F047A4
:10432000104E8246104B8846104F35461B6891460A
:104330003C4698470FCD0FC40FCD0FC495E80F0032
:1043400084E80F00BAF1000F01D1094BFB60094B63
:104350001B780BB9084B3361494643460348BDE817
:10436000F0471847F4900020BCA8002048AA00207D
:10437000A47C002014A20020B07C00200F4BBFEED4
:10438000000A10B5027982B01B790D4C9A4284ED77
:10439000000A01D002B010BD0123022201A94D2064
:1043A000FDF736FABDF804305BBA9BB207EE903ADF
:1043B000B8EEE70A84ED000A02B010BDF4900020C8
:1043C00028BB00200A4B00B51B7883B083420AD972
:1043D0000848FFF7D3FFFDEEC07ACDED017A0198D2
:1043E00003B05DF804FB4FF0FF330193F7E700BF24
:1043F00014A20020F490002083680A2B06D1437990
:104400000A7801339342B8BF13460B70704700BF60
:1044100070B586B00BF0C8F810F0FF0F09D1134C3F
:10442000D4F8D011124A134B1160C4F8D03106B041
:1044300070BD4D20FDF758F90028F0D000230E4D37
:104440000E4E0F4918460F4A084C029304910592EC
:10445000D4F8D031019503960B4A0C4998470123B3
:1044600001A82B70EAF7AAF8DAE700BF34BE0020F3
:10447000BCA800202DE0010014A20020D5E001001E
:1044800015E00100C9DF0100F990002009E10100F9
:10449000362916D80F4B13F83100C8B103EBC10011
:1044A00070B40D4D0D4E2C686CB1234606EB8402A2
:1044B00000E043B152F8041D013B8842F9D10020CD
:1044C00005E000207047631C46F824002B6070BC98
:1044D000704700BFB05F006080A800207CAC002067
:1044E0002DE9F04146783725744C06F0030600E0CC
:1044F0002DB1A04205F1FF35A4F10804F8D10478EC
:10450000012C40D0022C05D02046003018BF0120DD
:10451000BDE8F081476874014FF0000E92B2274465
:1045200073454FEA4123A7F80CE042F224014768A3
:104530000CBF4FF00D0C4FF00F0C03F4F053274459
:1045400019430123A7F80EC0476803FA06F65C4B2F
:10455000274403EB0515A7F806E043686D681A5376
:10456000436823441A824368234499814268D38B69
:1045700033439BB2D383C3782B600078003018BFDD
:104580000120BDE8F08144684E4FBC4200F08F80AE
:104590007BD94D4FBC4200F0838007F58047BC4279
:1045A00005D14A4FBC6F44F44004BC6744684FF4E3
:1045B00070474FF00F0C4FF000084FEA011EA4F8AF
:1045C0008C71740047685FFA8EFEA119A7F88EC13E
:1045D0004FF4604C476849014EF4806EA7F8908113
:1045E000D0F80480B8F88871BFB247F0F007A8F897
:1045F000887147680F44A7F804C047683944A1F898
:1046000006E0476823B181784FF480738B409BB2FA
:10461000A119002492B24FF0010E49010EFA06F6DC
:104620000F447B844768264B0F4403EB05153C86FB
:1046300043686D680B445C8043680B445C8143684D
:104640000B44DA8143680B445C8243680B44DC8290
:1046500043680B445C8343681944CC834268B2F8D6
:10466000883133439BB2A2F888314268B2F888316E
:104670009BB243F47063A2F88831C3782B60007852
:10468000003018BF0120BDE8F081A7F58047BC428B
:104690008DD10E4FBC6F44F44034BC67446886E74C
:1046A0000A4FBC6F44F44014BC6744687FE7074F6F
:1046B000BC6F44F44024BC67446878E760610060E4
:1046C000D007002000003E4000403E4000C00F40A8
:1046D000F0B402784378012A03F003031BD0022AC6
:1046E00005D010460030F0BC18BF0120704742686A
:1046F0005B0189B21A4451804468E25A1C44511A41
:1047000089B22182426813449A8992B242F40052DB
:104710009A810078E6E79A40476896B2B7F88841F0
:104720003501A4B22DB22C43A4B2A7F888418478F5
:10473000012C1ED00BD3022C2CD012B24168B1F840
:1047400088311A4392B2A1F888210078CAE74468F8
:1047500003EB430312B204EB4313DC89611A89B201
:1047600059814168B1F8803113439BB2A1F880317F
:10477000E4E7446803EB430389B204EB431312B24A
:10478000D9834168B1F880319BB21D43ADB2A1F825
:104790008051D3E7446803EB430389B204EB43132E
:1047A0003602D98212B2416806F47066B1F88031DF
:1047B0009BB21E43A1F88061C0E700BF00EB400040
:1047C000044A054B800002440344927818465A700C
:1047D000704700BFA09800207C990020074A5368CA
:1047E00011688B4206D0D1180133C3F30903C87A8C
:1047F000536070474FF0FF30704700BF000020202B
:10480000024BD3F80C24C3F810247047000020207A
:10481000044A13685068834238BF03F58063181A4E
:1048200080B2704700002020064A40F2FF30136833
:104830005268934238BF03F580639B1A9BB2C01A3B
:1048400080B2704700002020024B00211A68597284
:104850005A60704700002020074B002118201A687A
:1048600059725A6019681A6819440132C872C2F341
:1048700009021A60704700BF00002020F8B5194DEA
:10488000D5F80C24D5F810349A4220D0D5F80C4431
:104890000746154E0134C4F3080403E0D6F8FC3192
:1048A000984798B1D5F810340E4A9C42F6D0D2F809
:1048B0000C34C2F80C441A4482F8147472B60B4AD1
:1048C000936943F40003936162B60120F8BD074A7F
:1048D0000749D36A0988C3F302238B42D6D2D06139
:1048E0000120F8BD0000202034BE002000801940C7
:1048F00048BC002010B50446007830B10134FFF701
:10490000BDFF14F8010B0028F9D110BD59B138B51D
:104910004D1E441EADB2054414F8010FFFF7AEFF63
:10492000AC42F9D138BD70470B4AD2F80C34D2F8FA
:104930001004834238BF03F50073181A074B82B284
:10494000D86A5B69C0F3022083F48003C3F3805309
:104950001844104480B270470000202000801940A5
:10496000094B0A499A69087210F0700022F013028C
:104970009A6106D0102899690CBF122213220A43AB
:104980009A610120704700BF008019407C99002087
:10499000014B1B68184700BF5C8D0020024B02468C
:1049A000186802B11A6070475C8D00203649F8B56E
:1049B0008F693C0220D54B6918021DD5334D344A0E
:1049C000D5F810342E46B2F800E007E094F814242D
:1049D000CA61CA6AC2F3022272454DD2D5F80C24CC
:1049E000581CF4189342C0F30803EFD1C5F8102403
:1049F000D5F80C349A4239D0790203D5224B5A6942
:104A0000520226D4204D6B6913F4401F2AD0214E48
:104A100005E0EC693368E4B22046984760B1EB6A80
:104A2000194A13F0E06FF4D15369DB0203D55369DF
:104A300043F480135361F8BD144A1368516801337D
:104A4000C3F309038B420ED0116813600A44D47279
:104A5000E5E79A690C4D22F480029A616B6913F4C0
:104A6000401FD4D1F8BD01235372D8E7064A936999
:104A700023F400039361BFE71A46C5F81024D5F864
:104A80000C349A42B8D1F1E7008019400000202090
:104A900048BC00205C8D002001460148FAF7CEB8E2
:104AA00000002020064A936920B943F40013012036
:104AB0009361704723F4001301209361704700BF96
:104AC0000080194007EE900A9FED297A0420B6EE87
:104AD000005AF8EE677A9FED276A024641F6FF71A9
:104AE00010B4C7EE275A01241DE08B42A8BF0B4625
:104AF00007EE903AF8EEE76A76EEC76AC6EE877A76
:104B0000F5EEC07AF1EE10FA48BFF1EE677AF4EEF6
:104B1000C67AF1EE10FA03D8B0EE676A10461C466A
:104B20000132212A11D007EE902AF8EEE77A85EEBD
:104B3000A77A77EE057AFDEEE77A17EE903A002B2A
:104B4000D3DCF7EE006A0123D6E7431E08280A49A2
:104B50004FF001004FEA0363CCBF00224FF4003254
:104B600003F0F8531C4314430C615DF8044B704789
:104B7000001BB74BEC78AD6000801940F0B53C4E9F
:104B800083B0B37803F00202002A6DD102F0FF0473
:104B9000054643F00203374F214640F20C42B37002
:104BA00002267D600127344805F002FB21464FF4C0
:104BB0000272324805F0FCFADFF8ECE0304B284690
:104BC000DEF80020D925996842F0C0020191CEF8A4
:104BD0000020019A2B49116059689A690E602A4990
:104BE0005B690F60156005F1E0251E60FFF76AFF45
:104BF000A735264B4FF0007225492648DC602A6015
:104C0000C1F8A4002448254904700A609B6AC3F3D4
:104C10000213EBB919461D4B9A6A920002F01C036D
:104C20000F2B1ED8DB0303F44033184A0B434FF419
:104C300070141B49D362936A1A4843F08803936245
:104C40009461536923F0805353610F8003B0F0BD2A
:104C500006FA03F30F2B9FB2CCBF0321C3F341012C
:104C6000D9E74FF44033E0E7002003B0F0BD00BFC8
:104C7000A09800207C990020000020200C04202017
:104C8000D007002038F0010050851F4000801940F7
:104C9000009C0020BDE6010019E400E000E100E016
:104CA00048BC00206861006074C00F40014B586030
:104CB000FFF708BF7C99002010B5074C0748D4F8CF
:104CC00098319847D4F89831054898470548BDE889
:104CD0001040F9F771BF00BF34BE0020940E0020D1
:104CE000608100208C990020044B58681B68984212
:104CF00088BF03F58063181A80B27047140620201D
:104D0000054A53681068834294BF03F2FF3303F1EE
:104D1000FF33181A80B2704714062020064B182063
:104D200019681A6819445A601A68C8720132C2F3C5
:104D300009021A60704700BF14062020084B59680A
:104D40001A68914209D059685A6819440132C87AE0
:104D5000C2F3090200B25A6070474FF0FF3070474B
:104D600014062020014B1B68184700BF4086002016
:104D7000024B0246186802B11A6070474086002054
:104D800008B502F0B9F8024B1A685A6008BD00BFB6
:104D90001406202001460148F9F750BF14062020D0
:104DA0000A4B93F8810078B9094B1B7863B1094B22
:104DB0001B78DB0708D5084B084A1B681068181ACF
:104DC0000E2894BF00200120704700BF98BD00202E
:104DD00076BC002075BC00200CB800203CC300202D
:104DE0002DE9F84F354B364D1B6898472B780BB1A2
:104DF000BDE8F88F01232B7001F0E4FF00284DD0AF
:104E0000304F7B6839688B424FD803F2FF32531A18
:104E10001FFA83FBBBF1140FDFF8B4804FF00004DE
:104E2000294EA8BF4FF0140BD8F800A0DFF89C90D3
:104E30008345A8BF834607E0D8F80030D9F808209A
:104E4000CAEB0303934235D2C4EB0B01301901F0D6
:104E500021FF04441D49A345EED806EB0408DFF802
:104E600074B0194E4FF00109164C464516D016F88D
:104E700001ABDBF80030504698470028F5D13B687D
:104E80007A680133C3F3090393420BD02268464585
:104E9000236004EB020383F80BA0E8D100232B70FE
:104EA000BDE8F88F84F80990DFE7013B5B1A1FFA31
:104EB00083FBAFE701230B73CFE700BF3CA10020CA
:104EC0004FBC00201406202070A100203086002056
:104ED0000CB800204086002000295CD02DE9F84362
:104EE000624C80460D46D4F80C34E3BBD4F8103441
:104EF00004F58366D4F81404AB424DD25C4F1A46D5
:104F00004146C4F80C3400F0D5FDD4F80C34C4F894
:104F10001464D3B101F0C8FF0A288146D4F80C34D8
:104F200012D99945D4F8140428BF9946494601F08E
:104F3000AFFFD4F80C34D4F81414C9EB030349447C
:104F4000C4F80C34C4F81414BBB9D4F81034C4F841
:104F50001464ED1A474E9844ADB230469D42CED807
:104F6000D5B9BDE8F8835A18D4F810349A424BD812
:104F7000D4F8140404F58366BEE7D7F8FC319847EB
:104F800010B1D4F80C34C4E70023C4F81464C4F896
:104F90000C34BDE8F883704741462A4600F08AFD8C
:104FA000D4F80C34DFF8C8801D44C4F81464C4F885
:104FB0000C543DB101F078FF0A28074606D8D4F812
:104FC0000C54CDB9C4F81464BDE8F883D4F80C349B
:104FD000D4F814049F4228BF1F46394601F058FFF9
:104FE000D4F80C54D4F81434ED1B1F44C4F80C54FA
:104FF000C4F81474002DE5D0D8F8FC319847002887
:10500000C2D0D4F80C54D4E704F58366DFF860907E
:10501000C4F8146401F048FF0A280746D4F80C3499
:1050200011D99F42D4F8140428BF1F46394601F015
:105030002FFFD4F80C34D4F81424DB1B1744C4F825
:105040000C34C4F8147433B9C4F81464094ED4F899
:105050001034304650E7D9F8FC319847002893D0F7
:10506000D4F80C34002BD5D1EEE700BF1406202075
:1050700034BE00202C0A2020F8B52A4C064606F043
:1050800057FB0546D4F80C340344FF2B3AD80246AC
:105090003146D4F814042E4400F00CFDD4F8142446
:1050A000D4F80C342B441544C4F80C34C4F814540C
:1050B00016F8012C0A2A03D0D4F81024934220D9E0
:1050C000194F1A4EC4F81474CBB101F0EDFE0A2842
:1050D0000546D4F80C3411D99D42D4F8140428BFE5
:1050E0001D46294601F0D4FED4F80C34D4F814241B
:1050F0005B1B1544C4F80C34C4F8145443B9C4F809
:105100001474F8BD81B23046BDE8F840FFF7E4BE44
:10511000D6F8FC31984710B1D4F80C34D4E7C4F871
:105120000C04ECE7140620202C0A202034BE0020BA
:1051300003780BB1FFF7A0BF704700BF0E4A00B560
:10514000D2F80C2483B082B100228DF804008DF8CF
:10515000052018B9012003B05DF804FB01A8FFF792
:105160008BFF012003B05DF804FB01F07BFE012002
:1051700003B05DF804FB00BF14062020F8B540F230
:105180000C4200211D4840F2EE2605F011F84FF4C4
:10519000867200211A4805F00BF81A481A4A04686A
:1051A0001A4D1B4F13783BB12B78DB0704D50368EE
:1051B00039685B1A0E2B06D8036811781B1BC9B11E
:1051C000B3F5FA6FEED90D4C124D04F58363C4F8B4
:1051D000143401F069FEB0F5807F0F4B0F4A28BFF1
:1051E0004FF48070596D5D6514381160C4F8100477
:1051F0000B48F8BDB342D5D9E5E700BF140620201F
:10520000200A20200CB8002076BC002075BC0020AD
:105210003CC30020F1EA01004CC000203CA100206A
:10522000C0610060964A974B90422DE9F043964C3E
:10523000D3F814E09969E6681CD9944B984240F27F
:105240001581934B40F22765924F0344924C1A0A02
:10525000A7FB0232D30903EB830303EB830202F2C1
:10526000E243AB4228BF2B46A3F54873A4FB0335AA
:10527000ED0804E0894DA84294BF06250E25814A19
:1052800006F01F07D2F88030AF4243F0C003C2F8E7
:1052900080300AD27C4B26F01F061A462E43DE6071
:1052A0001368002BFCDA06F01F071EF0007331D1E3
:1052B0007B4C7C4AD4F810C014460CEA0202A2428D
:1052C0000ABF4FF0C0534FF4805200228EEA03040D
:1052D00014F0605F08D02EF0605E03F06053694CFC
:1052E00043EA0E0EC4F814E081EA020313F4405FAF
:1052F00008D0644B21F4405111431A469961936CD4
:105300001C07FCD44EF0007E5E4AC2F814E0936C99
:105310009906FCD40121644C0A4601FB02F300FB10
:1053200003F3A34209D8072A00F29580013201FB5A
:1053300002F300FB03F3A342F5D95C485C4C18442C
:10534000A4FB00031B0D6C2B00F28B80352B00F2AD
:105350008F80DFF8888136235648DFF844C1564CE9
:10536000DCF80090B0FBF2F009EA04044445B0FB1D
:10537000F1F00BD043F400534FF480586446CCF85E
:105380000080CCF800302368002BFCDADFF8F4C092
:10539000013ADCF8103003F00703934207D002F023
:1053A00007026446CCF81020A36CDB03FCD401395F
:1053B00089028EEA010313F4E05F0CD0314B2EF426
:1053C000E05E01F4E0511A4641EA0E0EC3F814E023
:1053D000936C9907FCD4394B39490344DB09A1FB91
:1053E0000331090B042928BF04214B1E1B028EEA3E
:1053F000030212F4407F07D02EF4407E03F4407382
:10540000204A43EA0E0353611E4B5C691A4624F09E
:1054100000745C61936C9B06FCD42A4B4FF0FF3206
:10542000294CBD42A3FB00E320604FEA9343274C85
:10543000B2FBF3F3B0FBF1F1254A2160136008D20F
:10544000114B26F01F061A462E43DE601368002B10
:10545000FCDABDE8F08304293FF66FAF0131012289
:105460005BE7DFF87C806C231A4876E7122506E7B5
:105470001948DFF8708000FB03F043EA08086CE786
:1054800000A4781F00C00F40000008400046C3235E
:1054900000BA3CDC23B24C001F85EB5100366E0194
:1054A00000800D4040300080FFB19F26808D5B0062
:1054B000819F5E1600B29F267F3001807FD1F00869
:1054C0009F10E50083DE1B432C86002028860020E9
:1054D00004B1002000643F4D001BB700362000805F
:1054E0006C20008000200080002857D001222DE988
:1054F000F04F85B083462A4C2A4D2B4EDDE90289B8
:1055000054E8003F2868336844E800210029F7D1B7
:10551000264FCDE902893A68D31A254A4FF47A7E9C
:10552000019712680127A3FB02234FF47A72984671
:1055300000238B4208BF42452CBFC246F2460EFBF9
:1055400000AA54E8003F2A68316844E80073002B41
:10555000F7D101980068411A15484FF47A7E006827
:105560000EFB02F2A1FB00014FF47A70CAEB0202BB
:1055700088460021994208BF40452CBF43467346E8
:105580001A44724507D3BBF1010B0AF57A7AD8D1D8
:1055900005B0BDE8F08F01F001FDD2E7704700BF14
:1055A00020C300200CB8002004B80020041000E044
:1055B00004B100202DE9F003124A0126124D134CCC
:1055C00052E8003F2968206842E80063002BF7D1C9
:1055D0000F4A16680F4F321A4FF000094FF47A78CD
:1055E0003E684FF47A709945A2FB066708BFB8453C
:1055F0003C462CBF3C46044600FB0140BDE8F0039E
:10560000704700BF20C300200CB8002004B8002061
:10561000041000E004B1002036281CD800011A4A0A
:10562000012902EB000310B4105815D0042913D03F
:10563000DC68426822EA040242609A68E9B1022901
:105640001ED003290CBF11491149116015225B6856
:105650001A605DF8044B7047DA680129446842EA31
:10566000040242609A6808D040F6380111605B6815
:1056700015221A605DF8044B704738211160F6E777
:1056800004491160F3E700BFD00700203830010063
:105690003800010038F00100F0B4144B0021144C24
:1056A00001201A460F46C3F8F0421D46114E124C17
:1056B000C3F8F412C2F8B800C2F8A070C2F8A4602F
:1056C000C2F8B00053690949DB07FBD5686123784C
:1056D000DB07EFD40B680A4643F001030B60136845
:1056E000DB07FCD462B6F0BC704700BF00802A40E4
:1056F0000504012401000F0000812A4070B40E4E01
:105700004FF6FF750D4CA4F58053002202E09C4239
:1057100082B204D933F8021B501CA942F7D104F518
:10572000805426F8022FB4F1C14FECD1044B012272
:105730001A7070BC704700BF06B1002000107C607A
:105740005CBC0020F8B541F2BB03984201D9FF20B0
:10575000F8BD184B05461B7843B3AC081649174BE8
:1057600005F00300A4FB0167154EA1FB0421E21B19
:10577000651A07EB520201EB550552096D09C2EBA0
:10578000821240EA8505A21A134436F812401B0320
:1057900003EB4404A342DAD2FF2033F8022BD1B248
:1057A0008D4208BF100A9C42F7D8F8BDFFF7A6FF4C
:1057B000D3E700BF5CBC002005411004C007060011
:1057C00008B1002062B170B504468E180846451C29
:1057D000FFF7B8FF04F8010BAE422846F7D170BDC1
:1057E000704700BFF8B50E46154672B6314A002420
:1057F000314F022340F206414FF4702E976101278A
:10580000D36120F01F03C2F8A040C2F8F012411982
:10581000C2F8F442C2F8F842C2F8FC42C2F8A4E06E
:10582000C2F8B070BFF34F8F244A136020339942FF
:10583000FBD8BFF34F8FBFF36F8F1E494B691D4AD3
:10584000DC07FBD5ABB201211D4C20F07F4043F4B7
:10585000702342F201275161C2F8F0421446C2F8A7
:10586000F472C2F8BC10C2F8A000C2F8A430C2F8AA
:10587000B01001E05B060AD463690E4A13F001011F
:10588000F8D041235361BDE8F840FFF705BF082D6C
:105890004FF0080206D9083D31460A48164400F088
:1058A00009F900E015B940236361E5E72A460D4692
:1058B000F2E700BF00802A40F05AF05A5CEF00E0A7
:1058C0003204180880812A40F0B472B6224A0024BB
:1058D000224D0221224B40F2064795614FF470267B
:1058E00003400125D161C2F8F07203F58051C2F87E
:1058F000F442C2F8F842C2F8FC42C2F8A040C2F832
:10590000A460C2F8B050BFF34F8F164A1360203323
:105910009942FBD8BFF34F8FBFF36F8F0E494B698E
:105920000D4ADC07FBD5104B0124104E4FF47025B7
:10593000034011465461C2F8F062C2F8A030C2F8C8
:10594000A450C2F8B0404B69034ADB07FBD50123E2
:105950005361F0BCFFF7A0BE00802A40F05AF05A15
:1059600000F0FFFF5CEF00E000F0FF0020041808EB
:1059700041F2BB03984268D83E4B2DE9F04F1B78AB
:10598000C3B08A468146002B6ED04FEA99023A4B4B
:1059900009F00300394DA3FB0213DFF8E480D71AA6
:1059A00003EB57077F09C7EB8713B946D71A40EABD
:1059B00089093D4438F817402D0305EB4400854222
:1059C00055D22B46FF2633F8022BD1B2894508BFAA
:1059D000160A9842F7D8B24534D0B4F5006F35D3E3
:1059E00002AE4FF48072FF21304604F0E1FB05F572
:1059F00080502A4632F8023BD9B290424FEA132334
:105A00007354F7D80024284606F809A00DF1070BB7
:105A10002646FFF759FF1BF8013F05EB460002221F
:105A20000DF10601FF2B44EA032304F1010404D025
:105A30000136ADF80630FFF7D5FEB4F5807FEAD128
:105A400028F8176043B0BDE8F08F704749EA0A298B
:105A5000022202A90134ADF80890FFF7C3FE28F82E
:105A6000174043B0BDE8F08FFFF748FE8DE7FF26F3
:105A7000B1E700BF5CBC002005411004C007060070
:105A800008B1002062B170B505461446084615F805
:105A9000011B461CFFF76CFF013C3046F7D170BD7F
:105AA000704700BF08B5FCF787FAFCF787FA01F0EA
:105AB00075FAFAE7844641EA000313F003036DD157
:105AC000403A41D351F8043B40F8043B51F8043BC1
:105AD00040F8043B51F8043B40F8043B51F8043BC8
:105AE00040F8043B51F8043B40F8043B51F8043BB8
:105AF00040F8043B51F8043B40F8043B51F8043BA8
:105B000040F8043B51F8043B40F8043B51F8043B97
:105B100040F8043B51F8043B40F8043B51F8043B87
:105B200040F8043B51F8043B40F8043B51F8043B77
:105B300040F8043B51F8043B40F8043B51F8043B67
:105B400040F8043B403ABDD2303211D351F8043B07
:105B500040F8043B51F8043B40F8043B51F8043B47
:105B600040F8043B51F8043B40F8043B103AEDD2B6
:105B70000C3205D351F8043B40F8043B043AF9D207
:105B8000043208D0D2071CBF11F8013B00F8013BDA
:105B900001D30B8803806046704700BF082A13D3E7
:105BA0008B078DD010F003038AD0C3F10403D21AFF
:105BB000DB071CBF11F8013B00F8013B80D331F833
:105BC000023B20F8023B7BE7043AD9D3013A11F8B3
:105BD000013B00F8013BF9D20B7803704B7843701E
:105BE0008B788370604670470A4B30B41C46586A05
:105BF000996A626AA36A994208BF904210461946A0
:105C00000CBF01250025002DF3D0D90B30BC41EA93
:105C10004240704700400D40124B9A68194622F0EE
:105C200001129A608B680F4ADB07FBD4936B114615
:105C300023F0010393638B6B0A4ADB07FBD4C30396
:105C40001146400C53651065936B43F00103936359
:105C50008B6B044ADB07FBD5936843F00113936019
:105C6000704700BF00400D4072B6EFF30583494D09
:105C70006B60EFF30883484C2E4648484849494A30
:105C800024680068096812682961AC60E8606A618C
:105C90009A69454CAA61DB69444FEB6100F0DAF880
:105CA00085ED080AFFF7A0FF0B234FF0FF32686273
:105CB00019462B604A40202102F00103013904FB00
:105CC00003F383EA5202F7D1BE4202D056F8041F12
:105CD000F0E730498A62BFF34F8F354B354A196080
:105CE0001A60BFF34F8FBFF36F8F334A0225334CD7
:105CF000D36E334943F440533248D3662560D369A9
:105D000023F07F0343F04003D3610B6883423ED806
:105D10002A4A002101202C4E11604FF0FF33C2F8B7
:105D200008110C46C2F800611546C2F80801074682
:105D3000DFF8C0E0254E26482649274ACEF8003035
:105D4000336003600B60136001E000F067F9D5F881
:105D50000C211A4B002AF8D00134C5F80C714F2CD5
:105D6000F3D91E4A02241E484FF00041C0F84041BA
:105D70005163D3F80C2132B91A491B4A0A63D3F88C
:105D80000C010028FAD0194B194A1A60FEE7FFF7F8
:105D900049FABDE780FF272028ED00E02CED00E068
:105DA00034ED00E038ED00E02083B8EDA4FF2720BB
:105DB00070EF00E0A0FF272000C00F400040084027
:105DC0002C860020803DCD0B009F240084E100E064
:105DD00088E100E08CE100E090E100E000900D40FF
:105DE00000002E4000800F40F100AD0B0CED00E0F4
:105DF0000400FA0580E100E0094A08B5136820B103
:105E000018440849884202D81060184608BD03F0BB
:105E100003FD0C224FF0FF330260184608BD00BF9F
:105E20004486002000002820002070474FF0FF30FB
:105E3000704700BF4FF4005300204B60704700BF15
:105E4000012070474FF0FF30704700BF30BFFDE7C3
:105E5000FFF70ABF12490B68114A5B07FBD51368AD
:105E60001049C3F30B23104A07EE903A0B6892EDEA
:105E7000006AB8EEE77A07EE903A0C4AF8EE677AD5
:105E80000B4BD2ED006A77EE677A93ED007AB8EEAD
:105E9000477A67EE867A87EEA60A37EE400A7047A1
:105EA00080810D40F4B00020FCB0002000B1002043
:105EB000F8B00020836BF0B41BB1536843F4004387
:105EC000536072B6446B5CB31C4B2260D3F8B04194
:105ED0000C4215D11A4E376804E03468E41BB4F55F
:105EE000166F0BD2D3F8404144F48044C3F84041CC
:105EF000D3F8B851D3F840416404EED50D4003D037
:105F0000426362B6F0BC70470C4C8260C560D4F846
:105F1000B0311943C4F8B011426362B6F0BC7047A7
:105F2000064D8260C460D5F8B0311943C5F8B01190
:105F30000263426362B6F0BC704700BF00002E40AF
:105F4000041000E070B50646006B90B102460024D4
:105F500003E012680134012A0CD0536813F0800367
:105F6000F7D032632CB1B36B05689847013C2846E3
:105F7000F9D170BD33637363F4E700BFF0B5E1B9E5
:105F8000214C22490020224B01224FF0011580268E
:105F90000A601A46A1604E60E060C3F8BC51D3F8B5
:105FA000B0411C4D44F001048860C3F8B041286042
:105FB000D2F8B031002BFBD1F0BD0904164B144DC3
:105FC0000126114C41F0800100221E60596000F54D
:105FD000805CE26400F5005EA36400F54057D5F8EC
:105FE000B01100F580462A46986041F48031C3F82C
:105FF0000CC0C3F810E05F619E61C5F8B011D2F823
:10600000B031002BFBD1BCE700000020A0BC002079
:1060100000002E4054A5002080BC00202DE9F04F48
:10602000B94C83B0D4F8448118F0010FC4F844810E
:106030005ED0D4F8AC31002B55D04FF0011BDFF807
:10604000EC92B24E2546DA46C4F8AC31B06AF26A38
:10605000D4F8403143F40053C4F84031D4F840310F
:106060009F04F5D5D5F8403123F40053C5F84031ED
:10607000C5F8B4A1D4F8B43113F00113FAD181B248
:1060800040F28167C9F80030B94200F2AD80B1F545
:10609000D06F80F0DE81B1F5817F00F0608100F289
:1060A000E880802900F04E81822940F0DA8092B2A7
:1060B00002F07F01072900F2D48089009448954FAF
:1060C0000844016810063B707B7040F10182CA03EE
:1060D00001D501233B7002218E48FFF74FFFD4F812
:1060E000AC31002BB0D1884AD2F8BC31002B49D159
:1060F00018F0400F18D0844BD3F8AC111A46C3F8EF
:10610000AC11D3F8BC11C3F8BC11D2F8B0417E4B2E
:10611000002CFAD14FF0FF32C3F8B421D3F8843108
:1061200000F032FD7C4B1C6018F0807F03D07B4B6D
:106130001B6803B1984718F0007F03D0784B1B68A9
:1061400003B1984718F0040F08D06F4BD3F884318F
:1061500013F4007345D0734B01221A706A4BD3F8C5
:10616000482112060BD518F0800F08D06E490A7826
:106170002AB1013AD2B20A70002A00F0428203B07A
:10618000BDE8F08F6949C2F8BC310868034240F0AD
:10619000E281614A15681D40AAD02F0C0FD05B4EDA
:1061A0004FF0010997FAA7F4B4FA84F406EBC4108F
:1061B00009FA04F44030FFF7C5FEA743F2D1ADB2AF
:1061C000002D95D0514E012795FAA5F4B4FA84F428
:1061D00006EBC41007FA04F4FFF7B4FEA543F3D1AD
:1061E00086E7504A1370B9E742F22107B94234D02A
:1061F00067D8B1F5086F00F01E81B1F5106F30D18E
:10620000C0F307404A4A4B4910704B4F4B4A019329
:10621000C5F8C871C5F8CC11C5F8D02100F0B6FC9E
:10622000474A019B80210120B26451601060F364F1
:10623000C5F8BCB1D5F8B011936041F48032C5F80F
:10624000B0213A4A1360D4F8B031002BFBD1D4F816
:10625000AC31002B7FF4F8AE45E7110C072900F0B4
:106260003B81C4F8C0B1D4F8AC31002B7FF4ECAE64
:1062700039E740F20237B94200F0AD80B1F5A06FC6
:10628000EFD12F4A80210127F364B2641760516077
:10629000C5F8BCB1D5F8B011936041F48033C5F8AE
:1062A000B031D4F8B031002BFBD1030C5B0643F0C6
:1062B0008073C5F85431D4F8AC31002B7FF4C4AEF0
:1062C00011E742F22123994279D042F221339942D7
:1062D000C7D11B4B802200210120B36418605A6093
:1062E000F164C4F8BCB1D4F8B021996042F48033B1
:1062F000C4F8B031D4F8B031002BFBD1D4F8AC31B4
:10630000002B7FF4A1AEEEE600002E40000000203E
:10631000C0012E4094AC002058A500200CBB0020EA
:1063200010BB002077BC002078BC002054A50020C2
:1063300076BC0020C80002000200CC000200C800A9
:10634000A0BC0020B64A0221104613705370FFF71C
:1063500015FED4F8AC31002B7FF476AEC3E692B2D2
:1063600002F07F03072B3FF67CAF12F0800F4FEA5D
:106370008303AC4A4FF000014FF001001A44136848
:1063800014BF23F4803323F0010313608022A64B53
:10639000F164B36418605A60C4F8BCB1D4F8B02199
:1063A000996042F48033C4F8B031D4F8B031002B96
:1063B000FBD1D4F8AC31002B7FF446AE93E692B219
:1063C000002A86D1994BC0F30740994A1968994B26
:1063D000116018707DE792B202F07F03072B3FF641
:1063E00040AF12F0800F4FEA83038E4A4FF0000156
:1063F0004FF001001A44136814BF43F4803343F094
:10640000010313608022884BF164B36418605A6002
:10641000C4F8BCB1D4F8B021996042F48033C4F818
:10642000B031D4F8B031002BFBD1D4F8AC31002B13
:106430007FF40AAE57E6804A0121794B127818465C
:106440001A70FFF79BFDD4F8AC31002B7FF4FCAD44
:1064500049E67A4B596800293FF403AF000C1FFA54
:1064600082FE04E00C33596800293FF4FAAE1F881D
:106470008742F7D15F887745F4D1070A032F00F0F0
:10648000BA801B89120C934228BF1346B0F5007FD7
:1064900000F0A280B0F5E06F00F08B80684F1A46E4
:1064A00001933846FFF706FB019B27F01F021F44AC
:1064B000BFF34F8F63490A6020329742FAD8BFF387
:1064C0004F8FBFF36F8F5E481946FFF757FD06E603
:1064D000CB077FF500AEFCE55B4F4FF0010EF3609C
:1064E0005A495B4B3860C3F800E05960B3605949C2
:1064F000D5F8B0017A6001F5805740EA0E02996044
:1065000001F5005E01F5405001F58041C5F8B0216C
:10651000DF60C3F810E058619961D4F8B031002B06
:10652000FBD1414A012048F28001F36410604FF42E
:106530008030B2645160C5F8BCB1D5F8B011936039
:1065400041EA0003C5F8B031C9F80000D4F8B03111
:10655000002BFBD1C3E53C4842F22104002605880C
:106560000E60A54240687FF414AE81B200297FF42A
:1065700010AE3849384C03C90D0C86282060A18024
:10658000A5717FF406AE72B63448017841F004017B
:106590000170D2F84811080606D441F0800180202D
:1065A000C2F84401C2F8481162B62D4A5021117058
:1065B000EFE52C481A46224F90F800E02A492B4874
:1065C0000193BEF1000F08BF01463846FFF772FA8B
:1065D0000722019B7A7068E722481A462349077808
:1065E00021480193002F08BF01461548FFF762FAC2
:1065F000134F019B59E7120C0B78934228BF1346A7
:1066000048E716490A7802F0FB020A702AB9D3F863
:10661000482122F08002C3F8482108F0BDFF00BFE6
:1066200094AC0020C0012E40A0BC00200CB800207B
:106630003CC3002075BC002076BC0020788100207F
:10664000400B202070EF00E040A0002080000700F9
:1066500080BC00204CA5002034C300206DBC00206D
:1066600078BC002077BC00204C620060986200601B
:10667000002AA0F102022DE9F04714BF00274FF0D5
:106680000057022A01D9BDE8F0874FEAC019DFF8A8
:1066900040A00D4604460AEB090600214022984618
:1066A000304603F085FD012047EA05414AF809100C
:1066B000C6F83880B060B8F1000FE4D0034BA040BA
:1066C0001C6820431860BDE8F08700BF58A5002073
:1066D00000000020002AA0F102022DE9F04714BFBB
:1066E00000274FF00057022A01D9BDE8F087402269
:1066F000C501DFF8449088461544002104461E4633
:1067000009EB050A504603F053FD012247EA084110
:1067100049F80510CAF83860CAF80820002EE4D0FD
:1067200004F11000034B8240186802431A60BDE870
:10673000F08700BF58A500200000002012048160EF
:10674000C36142F08002F0B44260012701F5805637
:1067500001F5005501F5405401F580420760C6601F
:10676000056144618261F0BC704700BF831E022B4B
:1067700000D97047064B0A4630B400F110040125D9
:1067800003EBC01005FA04F1403030BCFFF792BBB8
:1067900000000020831E022B00D9704710B4054B67
:1067A00001240A4604FA00F103EBC0105DF8044B23
:1067B000FFF780BB0000002040687047124A134B6F
:1067C00010B5D2F8200284B020F07F40984202D861
:1067D00000EB800040000E4C01A90A2200F092FC60
:1067E00001A90023204611F8012B01333AB10A2BED
:1067F00020F8022FF7D11623237004B010BD5B00E0
:10680000DBB2237004B010BD00441F407F96980097
:10681000709A002000F0DCBA00F0B2BA00F012BBAF
:1068200000F0D0BA00F068BB00F03EBB084611464D
:1068300000F02EBB084600F015BB00BFF8B51449A8
:106840004FF40037134D034601EB4024124E134A18
:1068500005EB40152146176028463288FFF76EFF8A
:10686000318824F01F032144BFF34F8F0C4A13607B
:1068700020339942FBD8BFF34F8FBFF36F8F0320B4
:106880002946FFF787FF074B4FF400321A60F8BD27
:10689000A00B2020C09E002044BC00208CE100E022
:1068A0005CEF00E00CE100E02DE9F041234A436891
:1068B0001488C3F30E43C569E41A002C38DD20495F
:1068C000204A0B781278DBB21F48204E934207D043
:1068D00010F8038036F81870C7F50072944212D988
:1068E000013300221A4F082B26F8154027F81520EF
:1068F000184E94BFDAB213460A703268C554144475
:106900003460BDE8F081144B07EB48202246274451
:1069100003EB45211844FFF7CDF80E4A284626F828
:10692000187013681C441460BDE8F041FFF786BF7F
:106930002846BDE8F041FFF781BF00BF44BC0020FE
:1069400069BC00206ABC0020DCAC0020BCAC00208C
:10695000CCAC0020B8AC0020A00B20201E4B1A7835
:106960005AB902F0FF031D4A127832B12DE9F04105
:106970001B4D2A8812B9BDE8F0817047194EC2F547
:106980000068194F31784246184C07EB411704EB69
:10699000C12438462146FFF7D1FE08EB040224F05B
:1069A0001F01BFF34F8F124B196020318A42FBD871
:1069B000BFF34F8FBFF36F8F04203946FFF7D6FE2A
:1069C0003378084A0133DBB2032B88BF00231370EE
:1069D00000232B80BDE8F08173BC002076BC002032
:1069E00046BC002072BC0020C09F0020A01B2020BD
:1069F00070EF00E02DE9F04F85B002900091002982
:106A000000F0AB800023564DDFF87481DFF860A101
:106A1000544FDFF870B101930122534B2A701C7858
:106A2000524AB8F8003002EB441923BB1E461C46FC
:106A30004846FFF7C1FE10F080007ED0BFF34F8FB5
:106A400000229AF800304A492A7004B93E68002BA7
:106A50005AD13B689B1B782B79D89BF80030002BD0
:106A600052D000F09BFA0124B8F800302C70002BB3
:106A7000DED03D4A14781A46C3F50060E402009E59
:106A80003C4920449642084442D30C440299FFF703
:106A900011F8002321464FF400624846FFF74EFEEE
:106AA00024F01F0304F50064BFF34F8F324A1360D4
:106AB00020339C42FAD8BFF34F8FBFF36F8F04206F
:106AC0004946FFF753FE284B274A1B7800980133AD
:106AD0002A49DBB2032B88BF002313700022B8F8C9
:106AE0000030A8F80020C01A0090019818440190C6
:106AF000029818440290C1F88420BFF34F8F0023FE
:106B00002B70009B002B87D1019805B0BDE8F08F5A
:106B1000009C0393019B2246029923440193FEF7B4
:106B2000C9FF039B4FF04041144A00201B1B0090FB
:106B3000A8F80030C2F88410DFE74FF400630A4A77
:106B40008AF8000014781A46A8F8003096E7012366
:106B500001980B7005B0BDE8F08F0098D5E700BF35
:106B600073BC00200CB8002072BC0020C09F002025
:106B700070BC0020A01B202070EF00E000002E4021
:106B800046BC002076BC0020704700BF314B2DE989
:106B9000F0411B78304F002B54D04FF40073DFF8D6
:106BA000EC803B80A8F80030002180222B480D4665
:106BB0002B4E03F0FDFA2B4C2B4B29464FF48072E1
:106BC0002A4825702C461D8003F0F2FA35602B46CA
:106BD00075602A46B560F5602549264E2648DFF8DF
:106BE000B0E00D7010210570022035607560B56051
:106BF000F560CEF80050FFF76DFDB8F800102A469A
:106C00001E4B0320FFF734FD2B4639880122042058
:106C1000FFF760FD20460134FFF710FE082CF9D184
:106C2000174B4A2217480021174C0460C3F8841000
:106C3000C3F88020D3F8482142F08072C3F848217D
:106C4000BDE8F0814023DFF844803B80A8F80030A5
:106C5000AAE700BF77BC00204ABC0020C09F0020EC
:106C6000BCAC002072BC002046BC0020C09E0020AE
:106C700069BC0020CCAC00206ABC0020B905020031
:106C800000002E400CBB00206D06020044BC00201A
:106C9000B8AC0020314B4FF400322DE9F04F1A60B0
:106CA00083B02F4B89461C78002953D02D4BE4B27A
:106CB0001B789C4250D082460027DFF8C0B00134D8
:106CC000294BC7EB09085046092C0193274B28BFD5
:106CD00000241D5D244B33F815E0254B0EEB4521B8
:106CE00033F81560234BCEEB06061944B045324607
:106CF000374419D20EEB452142461944FEF7DAFE1D
:106D0000019BDBF80010484633F81520C8EB010161
:106D10009044CBF8001023F81580174B4FF4003245
:106D20001A6003B0BDE8F08FFEF7C4FEDBF8002068
:106D3000E3B22846921BB244CBF80020084A1370F5
:106D4000FFF77CFDB94503D9064B1B789C42B6D1B1
:106D50003846E2E70846E0E70020DEE78CE100E0A5
:106D60006ABC002069BC0020CCAC0020DCAC002058
:106D7000BCAC0020A00B20200CE100E0B8AC00204F
:106D80000B4B0C4A1B781278DBB293420DD00133C7
:106D900009480A4A092B0A4928BF0023C35C31F875
:106DA000131002EB4323585C70474FF0FF307047DD
:106DB0006ABC002069BC0020DCAC0020A00B2020B5
:106DC000CCAC0020014B1868704700BFB8AC002065
:106DD0002DE9F84F154E164D34782B78E4B29C42CD
:106DE00021D0DFF85490DFF854B0DFF85480114F11
:106DF0000134082C5FFA84FA01D90024A24619F85C
:106E00000410DBF8002038F81130084637F811106C
:106E10005B1AD31ACBF80030FFF710FD86F800A0FC
:106E20002B789C42E4D1BDE8F88F00BF6ABC0020FB
:106E300069BC0020CCAC0020DCAC0020B8AC002049
:106E4000BCAC002000B583B001210DF10700FFF7B5
:106E500021FF20B19DF8070003B05DF804FB4FF05F
:106E6000FF30F9E7094B00B583B01B788DF80700B8
:106E700023B903F0FF0003B05DF804FB01210DF11D
:106E80000700FFF7B7FD03B05DF804FB76BC0020F8
:106E9000044B1B7803F0FF020BB1FFF7ABBD1046AC
:106EA000704700BF76BC00202DE9F0410024DFF8D8
:106EB000448001230D4D27460D4E88F8003033786D
:106EC00028462035A34204F1010405D0FFF774FCE5
:106ED000030658BF07F50067042CF0D1BFF34F8FAE
:106EE0000023384688F80030BDE8F081C09F0020BC
:106EF00072BC002073BC00202DE9F843204B1B78A6
:106F000013B1204D2A880AB9BDE8F883DFF88880DC
:106F1000C2F500691C4E4FF0010E98F800104A4669
:106F20001A4C002306EB4116194F04EBC1243046DE
:106F300087F800E02146FFF701FC09EB040224F08A
:106F40001F01BFF34F8F134B196020318A42FBD8CA
:106F5000BFF34F8FBFF36F8F04203146FFF706FC5E
:106F600098F800300C4A0133DBB2032B88BF0023B2
:106F7000137000232B80BFF34F8F3B70BDE8F88365
:106F800076BC002046BC0020C09F0020A01B202013
:106F900073BC002070EF00E072BC00202DE9F843C4
:106FA000324E337893B1324F3A787AB90122D90709
:106FB0003A7037D49A0719D400225B073A7005D586
:106FC0002C4B1A6812B1EFF305820AB1BDE8F883C1
:106FD000EFF3108072B61A681AB1274C2178002995
:106FE0002FD00028F2D162B6BDE8F883DFF8948094
:106FF00098F80020002ADFD00024DFF88C9005E00C
:10700000013498F80030E4B2A34213D959F824505F
:107010002B6828461B6998470028F1D06B699B684C
:107020009847EDE7FFF7CEFED0B9144B1B781BB99C
:107030003378BFE73378BFE7337803F0FE0333706C
:10704000B8E70126556926701D6065B1A96100B9D0
:1070500062B6002593681046557798472570B5E7C6
:1070600000F0D4F9E1E7064B1D60F0E7879A0020B5
:1070700050BC002040A100204DBC0020EE6200600A
:107080004CA100204EBC002050A1002070B5EFF3B1
:10709000108172B60C4C23688BB10C4E00255A69D6
:1070A00022607AB1956101B962B65D7718469B6836
:1070B0009847EFF3108172B62368002BEFD101B926
:1070C00062B670BD3260EEE748A1002044A1002006
:1070D000FFF7DCBF044A054B1168054A19601368C5
:1070E00001331360704700BF041000E004B80020B3
:1070F0000CB8002010B5036814465B68984720461A
:1071000010BD00BFF0B44E1E0025374600E001352B
:10711000B0FBF2F302FB130000F13704092800F181
:107120003000E4B298BFC4B2184607F8014F002BF4
:10713000EDD14A1953704DB1013316F8014F17784C
:10714000E81A3770834202F80149F5DB0846F0BCC3
:10715000704700BFA4484FF00F0CA44BF0B5826FEE
:107160000025A34C4FF4704642F47F024FF4604E6A
:1071700029464FF480678267D0F8802014432A465E
:10718000C0F88040A3F88C6148F2B826A3F88EC1FD
:10719000A3F89051B3F8880180B240F0F000A3F852
:1071A000880101EB4100914B0131002540011C4653
:1071B00004290344A3F804E0DF805A841A865A8025
:1071C0005A81DE815A82DA825A83DA83E9D1B4F8AD
:1071D00088014FF00F0C874B4FF4704680B2294660
:1071E0004FF460472A4640EA0C004FF4806EA4F842
:1071F0008801B4F8880180B240F47060A4F8880176
:10720000A3F88C6148F2B826A3F88EC1A3F8905178
:10721000B3F8880180B240F0F000A3F8880101EBD8
:107220004100744B0131002540011C4604290344F0
:107230009F80A3F806E05A841A865A805A81DE811C
:107240005A82DA825A83DA83E9D1B4F888014FF09E
:107250000F0C694B4FF4704680B229464FF46047DB
:107260002A4640EA0C004FF4806EA4F88801B4F876
:10727000880180B240F47060A4F88801A3F88C61A2
:1072800048F2B826A3F88EC1A3F89051B3F888014C
:1072900080B240F0F000A3F8880101EB4100564BAA
:1072A0000131002540011C46042903449F80A3F8B6
:1072B00006E05A841A865A805A81DE815A82DA821E
:1072C0005A83DA83E9D1B4F888014FF00F0C4B4BA5
:1072D0004FF4704780B229464FF460462A4640EA90
:1072E0000C004FF4806EA4F88801B4F8880180B2D5
:1072F00040F47060A4F88801A3F88C7148F2B827B4
:10730000A3F88EC1A3F89051B3F8880180B240F081
:10731000F000A3F8880101EB4100384B0131400136
:107320001C46042903449E80A3F806E05A841A866A
:107330005A805A81DF815A82DA825A83DA83EAD10B
:10734000B4F888310F27002241F201069BB245F6BE
:10735000C05E114643F226053B43A4F88831B4F8D9
:1073600088319BB243F47063A4F888315001244BF8
:1073700001320344042A99815981DF819E82A3F856
:1073800006E0198019829D81F0D100220F2741F279
:10739000010645F6C055114643F226045001194B2B
:1073A00001320344042A99815981DF819E82DD8064
:1073B000198019829C81F1D100220F2741F2010628
:1073C00045F6C055114643F2260450010E4B0132DA
:1073D0000344042A99815981DF819E82DD801980CE
:1073E00019829C81F1D1F0BD00C00F4000C03D402A
:1073F000000003FC00003E4000403E4000803E4054
:1074000000C01D4000001E4000401E40704700BFED
:1074100008B503684268BBB17AB1104BA3FB0213F5
:10742000DB0803EB4303B2EB830303D0D21A4260C1
:10743000F02A02D90123184608BD02F0EDF91C22FA
:1074400000230260184608BD044BA3FB0213DB08AF
:1074500003EB4303B2EB8303E8D1E9E7ABAAAAAAA3
:1074600070B5044600283AD019B1B2FA82F56D0918
:10747000FDB1206808B1626832B902F0CDF9162377
:1074800000220360104670BD1849A1FB0231C908F3
:1074900001EB4101B2EB8101EFD1A3680BB102F026
:1074A00087FE00230122236010466360A360E3602F
:1074B00070BD1E46049B80E80600C360FFF7A8FF6E
:1074C00002460028DED016B90122104670BD94E8AD
:1074D0000500A660294602F06BFE0122D2E702F009
:1074E0009BF9162322460360CCE700BFABAAAAAAE9
:1074F00000B510EE103A204A23F00043934283B0C7
:1075000019DDB3F1FF4F04DB30EE400A03B05DF844
:1075100004FB684600F0C4FE00F0030001281AD006
:1075200002280FD000B30120DDED010A9DED000A15
:1075300001F0EEFBEAE7DFED110A01F04FF803B0CE
:107540005DF804FBDDED010A9DED000A01F046F84F
:10755000B1EE400ADAE7DDED010A9DED000A01F027
:10756000D7FBB1EE400AD1E7DDED010A9DED000A3F
:1075700001F034F8CAE700BFD80F493F000000000F
:1075800082B08DED010A019BC3F3C751002BA1F11D
:107590007F02B4BF4FF0FF3001201E2A0DDC002A0D
:1075A0001BDBC3F31603162A43F400030DDD9639E3
:1075B0008B4000FB03F002B07047DDED017AFDEE79
:1075C000E77A17EE900A02B070474FF4800111413C
:1075D0000B44C2F11702D340EBE7013218BF002081
:1075E00002B0704700B510EE103A214A23F0004374
:1075F000934283B01ADDB3F1FF4F04DB30EE400A53
:1076000003B05DF804FB684600F04AFE00F003009A
:1076100001281DD0022811D008B3DDED010A9DED2F
:10762000000A00F0DBFFB1EE400AE9E70020DFEDE1
:10763000110A01F06DFB03B05DF804FB0120DDEDE4
:10764000010A9DED000A01F063FBB1EE400AD7E7A5
:10765000DDED010A9DED000A00F0C0FFD0E701203A
:10766000DDED010A9DED000A01F052FBC8E700BF05
:10767000D80F493F0000000000B510EE103A134A41
:1076800023F00043934283B018DDB3F1FF4F04DBD6
:1076900030EE400A03B05DF804FB684600F000FEDF
:1076A000400000F00200C0F10100DDED010A9DED97
:1076B000000A01F075FB03B05DF804FB0120DFED6B
:1076C000040A01F06DFB03B05DF804FBDA0F493FDB
:1076D0000000000000F0F8B9F0B52DED048BB34CBC
:1076E0008BB0F0EE408AB0EE608A00F0DBFA94F9DD
:1076F00000305A1CB0EE409A38D0B4EE488AF1EE11
:1077000010FA33D6F4EE688AF1EE10FA6BD6F5EE85
:10771000408AF1EE10FA2FD1B5EE408AF1EE10FA60
:1077200019D10122B7EEE80AB7EEC87A0024002585
:107730009F4900920022CDE906458DED020B8DEDAB
:10774000047B01910892002B66D0B7EE000A0BB0C3
:10775000BDEC048BF0BDB0EE480A01F0AFFD28B1DE
:10776000B5EEC08AF1EE10FA00F1A680B0EE490A3B
:107770000BB0BDEC048BF0BD01F0A0FD0546002868
:107780005ED0B5EE409AF1EE10FAEFD1B0EE680A95
:1077900001F094FD0028E9D0B0EE480A01F08EFD1A
:1077A0000028E3D094F90030814A0192B7EEE80A4C
:1077B000B7EEC87A0026002704210022022BCDE96B
:1077C00006678DED020B8DED047B0091089205D0CC
:1077D000684601F0DBFC002840F0878002F01CF8CE
:1077E0002223036081E0B5EE408AF1EE10FABDD1AC
:1077F000012270496E4C0092B7EEE80AB7EEC87AE3
:1078000000200022022B8DED020B8DED047B0194F4
:107810000892CDE9060198D0684601F0B7FC00282F
:107820006ED0089B002B42D001F0F6FF9DED060BB9
:10783000089B0360B7EEC00B0BB0BDEC048BF0BD32
:10784000B0EE680A01F03AFD00289AD0B0EE480A7E
:1078500001F034FD002894D0B4EE499AF1EE10FA0C
:107860006ED6B7EEE86AB7EEC87A514A94F900309E
:10787000089503218DED026B8DED047B8DE80600EC
:10788000002B4DD14C4BF5EEC08A4FF06042F1EE2B
:1078900010FACDE9062372D4684601F077FC00287F
:1078A00049D0089B1BB101F0B7FF089B03609DED19
:1078B000067BB7EEC70B5BE73D4A94F900300192B7
:1078C000B7EEE80AB7EEC87A012100228DED020B6F
:1078D0008DED047B00910892BBB900220023CDE915
:1078E0000623684601F052FCA8B1089B1BB101F0C9
:1078F00093FF089B03609DED060BB7EEC00B37E7C7
:1079000001F08AFF212303608BE72C490020022B22
:10791000CDE90601E5D101F07FFF21230360E4E713
:107920002749F5EEC08A0020F1EE10FACDE90601F4
:107930004AD4022BB0D101F06FFF22230360B0E7DD
:107940001B4A94F900300895B7EEE86AB7EEC87A9A
:1079500001218DED026B8DED047B8DE80600002B7F
:1079600048D100220023CDE90623684601F00EFC31
:10797000002896D101F050FF2123036091E7B6EE75
:10798000007A28EE077AB7EEC78AB0EE480B01F00E
:10799000FFFBB4EE408BF1EE10FA28D0094994F9C0
:1079A00000304FF06040CDE90601C2E7869A002022
:1079B000BC7C00200000F03FFFFFEF470000F0FF1D
:1079C0000000F07FFFFFEFC7B6EE007A28EE077ADF
:1079D000B7EEC78AB0EE480B01F0DAFBB4EE408B8D
:1079E000F1EE10FA03D00A4B0022CDE9062394F9F8
:1079F00000309EE79FED047B022B87EE076B8DED39
:107A0000066BB7D0B1E700BF000000000000000027
:107A10000000F0FF0000000000B52DED028B8BB0E0
:107A2000B0EE408A00F088FD254B93F900305A1CD7
:107A300009D0B4EE488AF1EE10FA04D6B5EEC08A49
:107A4000F1EE10FA04D40BB0BDEC028B5DF804FB30
:107A5000B7EEC80A01221B49009200228DED040BEB
:107A60008DED020B01910892B3B19FED137B022BB8
:107A700087EE076B8DED066B12D101F0CDFE212351
:107A80000360089B93B99DED060BB7EEC00B0BB0DE
:107A9000BDEC028B5DF804FB00220023CDE9062338
:107AA000684601F073FB0028EBD1E6E701F0B4FE75
:107AB000089B0360E7E700BF000000000000000033
:107AC000869A0020C47C0020F0B585B08DED021BA5
:107AD000029A0398724953428DED000B134320F034
:107AE000004545EAD3738B429DE8900042D863423B
:107AF000234327F0004E4EEAD3738B423AD800F16D
:107B0000404303F58013134353D0861706F0020653
:107B100054EA0E0346EAD77634D052EA05033ED043
:107B20008D4252D08E453AD0C5EB0E052D153C2D19
:107B300044DC00286BDBDDE900239DED020B43EC08
:107B4000172B87EE000B01F019FB01F015FA53EC2F
:107B5000102B012E56D0022E49D0002E44D09FED7E
:107B60003A7B9FED3B6B43EC152B35EE477B37EEB5
:107B7000460B05E09DED027B9DED006B37EE060B9D
:107B800005B0F0BD022E1DD09FED330B9DED007BA7
:107B9000032E08BFB0EE407BB0EE470BF0E79FED41
:107BA000307B9FED310B002FA8BFB0EE470B05B027
:107BB000F0BD05B0BDE8F04001F0DEB928A3D3E97F
:107BC0000023C6E79FED220BDAE7AE4524D0022E54
:107BD000F8D0032E2DD09FED267B9FED270B012E95
:107BE00008BFB0EE470BCBE743EC102BC8E79FED87
:107BF000167B9FED176B43EC152B35EE477B36EE6E
:107C0000470BBDE703F1004343EC102BB8E73C35CD
:107C100091DA002200239CE7022E10D0032E0BD015
:107C20009FED177B9FED180B012E08BFB0EE470BA1
:107C3000A6E79FED090BA3E79FED150BA0E79FEDCE
:107C4000160B9DE7AFF30080075C143326A6A13C1A
:107C5000182D4454FB210940182D4454FB2109C020
:107C6000182D4454FB21F93F182D4454FB21F9BF32
:107C70000000000000000080000000000000000084
:107C8000182D4454FB21E9BF182D4454FB21E93F32
:107C9000D221337F7CD902C0D221337F7CD90240EC
:107CA0000000F07F2DE9F0472DED028B82B0CDED85
:107CB000000A009C8DED010A34F0004614D0DDF876
:107CC000048028F00047B7F1FF4F07DD584802B0A5
:107CD000BDEC028BBDE8F04701F042BBB6F1FF4FAF
:107CE00009DDB7F17E5FF1D1B7EE000A02B0BDEC5D
:107CF000028BBDE8F087B8F1000F4DDB4FF0000AB2
:107D0000B6F1FF4F3FD0B6F17E5F58D0B4F1804F4F
:107D10006ED0019DDDF80090B4F17C5F00EE105A4A
:107D20001CD001F0C3FAB7F1FF4F4DD0002F4BD05C
:107D3000B7F17E5F48D04FEAD873013B5AEA03029D
:107D40006ED0B6F19A4F7BDD3A4A974200F3D1816B
:107D5000002CC0F2D4819FED380AC7E7B8F1000FBC
:107D60004BDA01F0A3FAB7F1FF4F01D0002FDFD1BA
:107D7000A7F17E5757EA0A034DD0BAF1010FB5D1EA
:107D8000B1EE400AB2E7B7F17E5FADD029DD002C3D
:107D9000E1DB9DED000AA9E7B6F1974F1EDAB6F1D7
:107DA0007E5F09DBF315C3F1960346FA03F202FA8C
:107DB00003F39E4200F098814FF0000AA3E7002CE5
:107DC00022DB9DED010A91E7002CBCBFF7EE007AA3
:107DD00087EE800AB8F1000F88DAC9E74FF0020A8F
:107DE0008EE7002CB7DADDED007AB1EE670A7DE7A9
:107DF000DDED017A27EEA70A78E702B0BDEC028B31
:107E0000BDE8F04700F098BB9DED017AF7EE007AEF
:107E100087EE870A6AE770EE407A87EEA70A65E781
:107E200007EE905A77EEE77A87EEA70A5EE700BF83
:107E300078340020F7FF7F3F000000000000804BF7
:107E4000B7F5000F80F268815FED047A60EE277A63
:107E50006FF0170217EE907AF248F915C7F316077C
:107E60007F3987420A4447F07E5140F34D81EE4806
:107E7000874240F39B819FEDED4A0132A1F500015D
:107E8000B0EE443A0020B7EE006A07EE101A77EE23
:107E9000067AF7EE006AC6EEA75A491041F0005183
:107EA00001F58021014477EE466A02EE101A66EE73
:107EB000A53A72EE464ADFEDDE8A9FEDDE8ADFEDFF
:107EC000DE1A9FEDDE0ADFEDDE0A9FEDDE1ADFED42
:107ED000DE7ADFEDDE2A23EEA36A13EE901AA6EE19
:107EE000288A21F47F6121F00F0137EE647AF0EEE9
:107EF000614A05EE101AE6EE084AF1EE451AE1EE87
:107F0000826AA6EE240AE1EE876AE6EE000A66EED1
:107F1000A55AF0EE416AE6EE206A33EE857A26EE47
:107F2000066A27EE257AF0EE084AA6EE267AF0EEEB
:107F3000646AE5EE056A9FEDC62A36EE876A06EEAC
:107F4000902A16EE102A22F47F6222F00F0206EE2B
:107F5000102A76EE644AF8EEE66AE1EE854A37EEDC
:107F6000647A27EE237AA5EE867AF0EE475AE5EE9C
:107F7000065A15EE902A22F47F6222F00F0205EED7
:107F8000102AA1EE865A05EE902A37EE457A67EE62
:107F9000277AE5EEA27A77EE837AB0EE677AA5EEDD
:107FA000827A37EE047A37EE267A17EE102A22F418
:107FB0007F6222F00F0207EE102A77EE666A36EE35
:107FC000C47AA5EEC27A37EEC77A24F47F6424F02F
:107FD0000F0407EE909A06EE904A27EE277A06EEF7
:107FE000104A77EEE67A06EE902A66EE866A06EE8C
:107FF000102AA6EE277A0AF1FF3A5AEA0303BFEEE7
:10800000000A37EE266AF7EE007A16EE102A14BF41
:10801000B0EE678AB0EE408A002A22F0004340F3B7
:10802000B280B3F1864F00F3848077D0B3F17C5FE8
:1080300000F386800023184622F47F6222F00F02AC
:1080400005EE902A9FED836ADFED837ADFED832AC8
:108050009FED833A9FED832ADFED833A9FED834ABC
:10806000DFED834A75EEE66AB7EE005A37EE667AC0
:1080700065EE866AB0EE006AE7EE276AB0EE667AD1
:10808000E5EEA26A66EEA67AF0EE661AE5EEE21A70
:10809000F0EE435AE7EE825A37EE617AE7EEA53A00
:1080A000A6EE877AA7EEA34AE7EE844AF0EE645A7A
:1080B000F0EE664AE7EEE54A66EEA45A34EEC66A8A
:1080C000C5EE867A37EEC77A77EE666A35EE660ACF
:1080D00010EE102A1344B3F5000FC0F29F8000EE9B
:1080E000103A20EE080A01E602F00102C2F1020A8B
:1080F00009E6604A974262DD002C7FF72CAE9FEDC7
:108100005E0A20EE000AF1E59FED484A0020B0EE3D
:10811000443AB7EE006AB8E600229DE6DFED577AF2
:1081200036EE666A77EE277AF4EEC67AF1EE10FA4A
:1081300006DD9FED510A68EE007A27EE800AD5E54C
:10814000DB154FF400017E3B41FA03F39918C1F3AC
:10815000C7504B4C7F380441C1F3160321EA040198
:1081600007EE901A76EEE76A43F40003C0F11700B9
:1081700043FA00F0002A77EE267AB8BF4042C305E2
:1081800017EE902A58E73F498B4208DC7FF44EAF48
:1081900036EE666AB4EEC67AF1EE10FAD0D89FEDEC
:1081A0003A0A68EE007A27EE800A9FE59FED374A8B
:1081B0009FED373A4FF40010B7EE086A65E6F7EE28
:1081C000007A30EE670A9FED1D6ADFED327A9FED8F
:1081D000325ADFED325AF1EE406AB5EE007AA6EE81
:1081E000876AB6EE007AA6EE867A20EE006A27EE5F
:1081F000067A67EEC77AE0EE057AB0EE677AA0EE0F
:10820000257A17EE102A22F47F6222F00F0207EE81
:10821000102AA6EEA57A37EEC77AD6E601F0A6F8C0
:108220005FE700BF71C41C00D6B35D000000000012
:1082300042F1533E55326C3E05A38B3EABAAAA3E9B
:10824000B76DDB3E9A99193F4F38763FA0C39D36F4
:108250000038763F8CBEBF351872313F0072313F17
:108260000EEADDB54CBB313355B38A38610B36BBF2
:10827000ABAA2A3E0700803FCAF249713CAA3833B4
:10828000FFFF7F00000016436042A20D00C0153FB3
:10829000DCCFD1353BAAB83F70A5EC3600AAB83F79
:1082A00070B510EE103A964A23F00044944286B01E
:1082B0005FDD944A944210EE106A1BDC002BDFED68
:1082C000927A924A24F00F0440F3D580944270EEE3
:1082D000677A5ED09FED8E7A77EEC76A012377EEDC
:1082E000E67AC0ED006A77EEC77AC0ED017A1846EB
:1082F00006B070BD874A944205465CDDB4F1FF4F7D
:108300003FDAE215863AA4EBC25307EE103AFDEECF
:10831000C76ADFED817AF8EEE66A37EE667ACDED70
:10832000036A27EE277AFDEEC76AF8EEE66A37EEB3
:10833000667ACDED046A67EE277AF5EE407AF1EEC3
:1083400010FACDED057A40F0B780F5EE406AF1EE17
:1083500010FA0CBF01230223704901910221009100
:1083600003A8294600F0BCF9002EC0F2978003460E
:1083700004E0002280ED000A42600023184606B0A7
:1083800070BD70EE407A0023C0ED017AC0ED007A36
:10839000F4E7DFED636A9FED637A77EEE67A012317
:1083A00077EEC76A77EEE67AC0ED006A77EEC77AB5
:1083B000C0ED017AE2E700F079FFDFED5B6ADFED07
:1083C000525A9FED537AF6EE007AE0EE267AFDEEF1
:1083D000E77A17EE903AF8EEE76A1F2BB1EE666A7D
:1083E000A6EE250A66EE877A1DDC5049581E24F059
:1083F000FF0251F820108A4215D030EE677A85EDE1
:10840000007A30EE470A002E30EE670A85ED010A49
:10841000B4DAB1EE477AB1EE400A85ED007A85ED27
:10842000010A5B42AAE730EE677AE41517EE102ADC
:10843000C2F3C752A21A082AE1DDDFED397A9FEDB7
:10844000397AF0EE405AE6EE275A30EE650AA6EE8B
:10845000270AF0EE407AD6EE877A35EEE77A17EE05
:10846000102AC2F3C752A41A192C3ADC85ED007AFF
:10847000B0EE650AC5E7944270EE277A1ED09FEDF4
:10848000247A77EE876A4FF0FF3377EEE67AC0ED15
:10849000006A77EE877AC0ED017A6FE795ED007A92
:1084A000D5ED017AB1EE477AF1EE677A434285ED78
:1084B000007AC5ED017A61E703234DE7DFED186A25
:1084C0009FED187A77EEA67A4FF0FF3377EE876A42
:1084D00077EEE67AC0ED006A77EE877AC0ED017A32
:1084E0004CE79FED137A9FED135AB0EE650AA6EEA6
:1084F000070A75EEC07AE6EE077AD6EE857A7CE753
:10850000D80F493FE3CB1640800FC93FD00FC93F7A
:1085100043443537800F494300008043487E0020A4
:108520000044353708A3852E84F9223F900C0020A3
:1085300000A3852E32318D2410EE103A23F0004234
:10854000B2F1FF4F70B430D26AB3002B3DDBB2F50D
:10855000000F4FEAE3502CD3A0F17F02C3F31603C0
:10856000D10743F4000348BF5B00002456105B00B2
:10857000254619214FF08072A818984202DC1B1A78
:108580008518144401394FEA43034FEA5202F3D1EC
:1085900013B104F001031C44641004F17C5404EB97
:1085A000C65300EE103A70BC7047A0EE000A70BCD3
:1085B000704713F4000201D00CE00A465B001C0275
:1085C00002F10101F9D5801AC6E770EE407A87EE14
:1085D000A70AE8E74FF0FF32F5E700BF10EE103AC8
:1085E00023F00043B3F1485F2CDAFDEEC07A17EEBA
:1085F000903A002B60D020EE007ADFED314A9FEDFB
:10860000315ADFED315A9FED316ADFED317ADFED1E
:10861000316AA7EE245AE7EE055AA7EE256AE7EE7F
:10862000067AE7EE276A66EE876A60EEC00AB6EE63
:10863000006AE7EE260AF7EE007AD7EE060A37EE72
:10864000E00A704720EE007ADFED1D4A9FED1D5ACB
:10865000DFED1D5A9FED1D6ADFED1D7ADFED1D6A0E
:108660001D4AA7EE245A9342E7EE055AA7EE256A63
:10867000E7EE067AE7EE276A66EE876AD5DD174AE7
:10868000934214DC03F17F4307EE903AB7EE006AA1
:1086900036EE676A60EEC00AF6EE005AE7EE260A8A
:1086A000D7EE257A77EEE07A36EE670A7047B6EEB7
:1086B000076AF5EE027AEDE7B7EE000A704700BFF1
:1086C0004ED747ADF6740F317CF293B4010DD0371D
:1086D000610BB6BAABAA2A3D9999993E0000483F72
:1086E0002DE9F04F2DED048BD7B05F1EA44C649D97
:1086F0000193D31E48BF131D54F82560DB1023EAF5
:10870000E37303F1010A8B46F11902938146A2EB50
:10871000CA0AA3EB070314D41944659801311AAAB5
:10872000002BAABF50F82340DFED967A07EE904A5F
:1087300003F10103A8BFF8EEE77A8B42E2EC017A7D
:10874000EED1002EC0F2D482019B42A806F1010EA8
:108750009C0000EB8E0E09EB04013D46002FC0F299
:10876000BF811AAB03EB8502DFED867A04324B46FC
:10877000F3EC016A32ED017A8B42E6EE877AF7D1AB
:10878000E0EC017A704505F10105E7D106F180437F
:10879000023B9B0006AA03F10408DFED7C8A9FEDF3
:1087A0007A8ACDF810B013444C4490440393354674
:1087B00056AB03EB8503002D13ED140A19DD42A916
:1087C00001EB850305AA60EE287AB0EE407AFDEE53
:1087D000E77A73ED016AF8EEE77A8B42A7EEC87A82
:1087E00037EEA60ABDEEC77A17EE100A42F8040F5C
:1087F000E9D1504600F0BAFDB0EE409AB4EE000A5E
:1088000029EE000A00F064FDF2EE007AA0EE679A0D
:10881000BAF1000FFDEEC97A17EE90BAF8EEE77ADA
:1088200039EE679A40F3418105F1FF3E06ABCAF18C
:10883000080253F82E3043FA02F000FA02F206A9B9
:108840009B1ACAF1070241F82E30834443FA02F121
:10885000002937DD002D0BF1010B40F324820022AB
:1088600010460DF1140E8C4608E0C3F5807113B16B
:10887000CEF800100120013295420CDD5EF8043F75
:108880000028F2D00132C3F1FF039542CEF8003048
:108890004FF00100F2DC6146BAF1000F10DDBAF1D1
:1088A000010F00F00981BAF1020F09D16A1E06AB6F
:1088B0000DF1180E53F8223003F03F034EF822302A
:1088C000022965D0B5EE409AF1EE10FA72D105F1A9
:1088D000FF3E76450FDC05F18042013A06AB03EB23
:1088E0008202002052F80439424540EA0300F9D1DF
:1088F000002840F00C81731E06AA52F82330002B8A
:1089000040F0CE81039B4FF0010E53F804290EF185
:10891000010E002AF9D0AE446B1C73452DDC029A7F
:108920009818019A00F1804051190EEB020C659ADB
:10893000013802EB80001AAA02EB810102EB8C0CD9
:1089400042AA02EB830550F8043F07EE903AF8EE96
:10895000E77A002FE1EC017ADFED0A7A09DB4B467A
:108960000A46F3EC016A32ED017AA342E6EE877A19
:10897000F7D16145E5EC017AE5D1754618E700BF0E
:10898000FC0B002000000000000080430000803B42
:10899000B7EE000A30EE499A002893D05046059170
:1089A00000F0E4FC39EE409A0599B5EE409AF1EEFC
:1089B00010FA8CD0B0EE490ACAF1000009EE90BA64
:1089C0008846DDF810B000F0D1FC1FED117AB4EE4E
:1089D000C70AF1EE10FAC0F271815FED147A60EE11
:1089E000277A06A9FDEEE77A6B1CF8EEE77A0AF122
:1089F000080AA7EEC70AFDEEE77ABDEEC00A10EE40
:108A0000102A41F8252017EE902A41F823205046DD
:108A1000B7EE000A019300F0A9FC019B002BC0F205
:108A200059819F0042AC06AA381D04EB070E1FEDCA
:108A3000297A10440EF1040270ED017AF8EEE77A1B
:108A400067EE807A20EE070A62ED017AA242F3D146
:108A50000DF5827C0025002EC0F21481A9489FEDFF
:108A6000AA7ADFEDAA7A7146002204E0954209DB7A
:108A7000043090ED007AF1EC016A01329642E6EEA4
:108A8000877AF3DAAEF1040E56AA02EB8502F445BA
:108A900042ED287A05F10105DDD1649A032A00F23E
:108AA000AE80DFE802F0DCB5B55010D16B1E06AA2F
:108AB00052F823100912CBE66A1E06AB0DF1180E10
:108AC00053F8223003F07F034EF82230F8E6F6EE3A
:108AD000007AB4EEE79AF1EE10FA0BDA0021F1E633
:108AE000DFED8A7AE0EC017A704505F101057FF44B
:108AF00035AE4BE6002D0BF1010BC8BF02213FF74D
:108B0000AEAEF7EE007A37EEC99A0221DAE606AA8F
:108B100009EE90BA52F82E20DDF810B07346884660
:108B2000AAF1080A002A7FF472AF0EF18042013ADE
:108B300006A901EB820252F80419013BAAF1080AC6
:108B40000029F8D063E7002B40F3C18003F1804295
:108B5000013A900056A9CD19041D2EA9083015ED33
:108B6000287A0C4408442FAD74ED017A77EE876AB9
:108B700077EEE67A77EE877AB0EE667A60ED017A84
:108B8000A842C4ED006AEFD1012B40F3A08092000F
:108B900056AB1F4402F108002EAB1844043217ED07
:108BA000287A134430AC024673ED017A77EE276AD7
:108BB00077EEE67A77EE877AB0EE667A62ED017A42
:108BC0009442C3ED006AEFD1DFED507A30ED017AC7
:108BD000844277EE877AF9D14346002B65D0DDEDEC
:108BE0002E6A9DED2F7AF1EE677AF1EE666AB1EEAC
:108BF000477ACBED027ACBED006A8BED017A19EE64
:108C0000903A03F0070057B0BDEC048BBDE8F08F3D
:108C10003A1D2EA8DFED3D7A024432ED017A824200
:108C200077EE877AF9D142467AB3DDED2E6AB1EE5E
:108C3000677A002B76EEE77A8BED007A0ADD2FA8B3
:108C40000122B0EC017A0132934277EE877AF8DAAA
:108C500043460BB1F1EE677ACBED017ACFE756AA26
:108C60003A44DFED2A7A9C3A32ED017A013B591CF5
:108C700077EE877AF8D143460BB1F1EE677ACBED08
:108C8000007ABCE7DFED217AFCE69DED2E7ACBED94
:108C9000007A002B77EE677AD1DCCBED017AAEE774
:108CA0004FF0010E37E60020F6E52E9A2F9BCBED14
:108CB000027ACBF80020CBF80430A0E7BDEEC00A62
:108CC00006A910EE102A2B4641F825209FE6DFED7D
:108CD0000F7A81E7649A032A91D801A151F822F012
:108CE0000D2A0200072A0200072A0200DF290200DB
:108CF000019B9C004AE5DFED057A94E7DFED037AFE
:108D0000B9E700BFA40400200000C93F0000000034
:108D100010EE103A23F00043B3F1485F04DAFDEEA1
:108D2000C07A17EE903A23B360EE007A9FED155AA1
:108D3000DFED155A9FED156ADFED156A9FED157A87
:108D4000E7EE855A20EE275AA7EEA56AE7EE866A77
:108D5000A7EEA67A70B127EE457AF6EE006AA0EE8D
:108D6000A67ADFED0D6AD7EE870AE5EE260A30EE29
:108D7000600A7047DFED096AE7EE876AA5EE260A0A
:108D8000704700BFD3C92E2F342FD7B21BEF383610
:108D9000010D50B98988083CABAA2A3EABAA2ABE6D
:108DA00008B510EE103A23F00042B2F1465F2DED07
:108DB000028BB0EE407A12DAFDEEC07A17EE901A0E
:108DC00011BB431C134300F0AB80012800F08580E9
:108DD000BDEC028BFFEE007A87EE870A08BD54498E
:108DE0008A4211DD002BDFED537ADFED536ABCBF01
:108DF000F1EE600AB1EE407A37EEC77A76EEE07AAD
:108E0000DFED4E0A37EE877A67EE076A9FED4C0A70
:108E10009FED4C2A9FED4C8ADFED4C1A9FED4C3AAA
:108E2000DFED4C2A9FED4C4ADFED4C3A9FED4C5A5A
:108E3000DFED4C4ADFED4C5A9FED4C6A9FED4C1A2A
:108E40003B4966EEA67A8A42A7EE802AE7EE881AA8
:108E5000A7EE823AE7EEA12AA7EE834AE7EEA23A0E
:108E6000A7EE845AE7EEA34AE7EE855AA7EEA46A76
:108E7000F0EE657AA6EEA76A67EE265AF0EE467A1D
:108E8000B0EE606AA5EEA76AE6EE860AE5EE810A14
:108E900037EE200A24DC01281FD0FFEE007AC7EE4F
:108EA000806A10EE103A16EE902A23F47F6322F4C3
:108EB0007F6223F00F0322F00F0200EE102A06EE6D
:108EC000103AF7EE007AE6EE007A36EE477A70EE68
:108ED000C70AE0EE807AA6EEA70ABDEC028B08BDB9
:108EE00007EE900AF8EEE76A60EE005A70EE267A16
:108EF0009B1785EEA76A03F00203C3F10103BDECE3
:108F0000028BF0EE005A76EE600A00EE103A37EE71
:108F1000607AF8EEC07AE7EE656A26EEA70A08BD29
:108F200000F0C4F9F7EE007A87EE800AD5E700BFBB
:108F30003FA12C3FDA0F493F682122330000000097
:108F40008453D9377AC095385FAE9BB745F4A338C0
:108F5000B9378139C8261A3A48DEBE3A16696B3BE2
:108F60001F37113CA427B33CD10D5D3D8988083ED5
:108F7000ABAAAA3E0000000038B5B0EE407B17EE69
:108F8000905A774B25F000449C420EDD754B9C4275
:108F900010EE102A5CDC59D09FED557B9FED560BEF
:108FA000002DC8BFB0EE470B38BD6F4B9C4260DC54
:108FB000A3F1DE739C424EDD4FF0FF339FED502B4B
:108FC00027EE074B24EE046B9FED4F3B9FED505B6C
:108FD000A6EE023B9FED502BA6EE035B9FED503BB0
:108FE000A6EE052B9FED505BA6EE023B9FED501BBE
:108FF000A6EE035B25EE045B9FED4F2B9FED504BE0
:109000009FED513BA6EE014BA6EE042B9FED504B7E
:10901000A6EE023B5A1CA6EE034B24EE066B40D094
:1090200035EE065B514A5249DB001A440B4492ED7F
:10903000006B93ED000B97EE056B36EE477B002D32
:1090400030EE477B2ADBB0EE470B38BD002AA3D0B9
:1090500037EE070B38BD9FED406BB7EE005B30EE8F
:10906000066BB4EEC56BF1EE10FAA5DDB0EE470B62
:1090700038BD00F083F83F4B9C4219DCA3F5502328
:109080009C422ADCB0EE007BBFEE006B30EE075B4B
:10909000A0EE076B002386EE057B8FE7B1EE470B52
:1090A00038BD35EE066BA7EE467BB0EE470B38BDFC
:1090B000314B9C420BDCB7EE087BB7EE006B30EE19
:1090C000475BA0EE076B022385EE067B76E7BFEEDB
:1090D000006B032386EE007B70E7B7EE007B012375
:1090E00030EE476B30EE070B86EE007B66E700BF85
:1090F000182D4454FB21F93F182D4454FB21F9BF8E
:1091000011DA22E33AAD903FEB0D76244B7BA93F79
:10911000513DD0A0660DB13F6E204CC5CD45B73F47
:10912000FF8300922449C23F0D5555555555D53FF3
:109130002F6C6A2C44B4A2BF6D9A74AFF2B0B3BF67
:109140009AFDDE522DDEADBF711623FEC671BCBF87
:10915000C4EB98999999C9BF9C7500883CE4377E07
:10916000FFFF0F440000F07FFFFFDB3FB002002055
:1091700090020020FFFFF23FFF7F034053EC102BD3
:1091800023F0004343EC102B704700BF00207047D2
:10919000F0B453EC102BC3F30A55A5F2FF3013289B
:1091A00084B019464FEAD37710EE104A2CDC002821
:1091B00047DB3C4D054103EA0506164329D06D08FF
:1091C0002B401C430CD04FF48023132821EA0505C3
:1091D00043FA00F141EA05010CBF4FF000440024BE
:1091E000314800EBC70797ED000B0B46224643ECD6
:1091F000172B37EE007B8DED027B9DED027B37EE6A
:10920000400B04B0F0BC7047332807DDB0F5806F29
:1092100044D043EC102B04B0F0BC7047A5F21345CA
:109220004FF0FF30E8400242F3D040080242D7D06E
:109230004FF0804324EA000043FA05F545EA0004B4
:10924000CEE723F00040104310EE106AE1D0C3F3E4
:1092500013000643704206431348590C360B490469
:1092600006F4002600EBC70046EA010390ED006B10
:1092700043EC172B37EE067B8DED027B9DED027BD9
:1092800037EE467B8DED007B0199DDE9002321F06F
:10929000004141EAC77343EC102BBCE730EE000BF2
:1092A000B9E700BFFFFF0F008002002010EE103A68
:1092B00023F0004300EE103A704700BF10EE103A62
:1092C00023F00040B0F1FF4FACBF002001207047F9
:1092D00010EE102A22F00041CB0D7F3B162B17DC3D
:1092E000002B10EE100A19DB1A4919410A4222D04C
:1092F000DFED197A70EE277AF5EEC07AF1EE10FA0A
:1093000019DD002A18DB20EA010300EE103A70474D
:10931000B1F1FF4F0FD330EE000A7047DFED0E7A48
:1093200070EE277AF5EEC07AF1EE10FA03DD002A2E
:1093300008DB9FED0A0A70474FF4000242FA03F37C
:109340001844E0E70029FFEE007A18BFB0EE670A84
:10935000704700BFFFFF7F00CAF2497100000000A4
:109360009FED010A704700BF0000C07F08B510EEF6
:10937000103A33F000422DED028B11D0B2F1FF4FC5
:1093800011D2B2F5000F13D3D20D0244FE2A2EDC07
:10939000002A1ADD23F0FF4343EAC25300EE103ADD
:1093A000BDEC028B08BDBDEC028B30EE000A08BD9F
:1093B0001D4BDFED1E7A984220EE270A22DB10EECD
:1093C000103AC3F3C752193ADFE712F1160F1EDA4B
:1093D0004CF2503398420ADC9FED158AF0EE400AB9
:1093E000B0EE480A00F02AF820EE080AD8E79FED10
:1093F000118AF0EE400AB0EE480A00F01FF820EEA5
:10940000080ACDE7DFED0A0A20EE200AC8E7193284
:1094100023F0FF4343EAC253DFED077A00EE103A30
:1094200020EE270ABCE700BFB03CFFFF0000004C65
:109430006042A20DCAF249710000003310EE103AEA
:1094400023F0004210EE903A03F00043134300EE85
:10945000103A704753B94AB9002908BF00281CBF09
:109460004FF0FF314FF0FF3000F07EB9ADF1080C46
:109470006DE904CE00F006F8DDF804E0DDE9022332
:1094800004B070472DE9F0478C460E460446089D0F
:10949000002B50D18A4217466CD9B2FA82FEBEF137
:1094A000000F0BD0CEF1200420FA04F401FA0EF6DE
:1094B00044EA060C02FA0EF700FA0EF44FEA1749D6
:1094C000220CBCFBF9F01FFA87F809FB10C642EA30
:1094D000064600FB08F3B34209D9F61900F1FF3242
:1094E00080F02281B34240F21F8102383E44F61AD6
:1094F000A2B2B6FBF9F309FB136642EA064403FB8A
:1095000008F8A04509D9E41903F1FF3280F00A8177
:10951000A04540F20781023B3C44C8EB040443EA07
:1095200000400021002D62D024FA0EF400232C60AC
:109530006B60BDE8F0878B4207D9002D55D0002124
:1095400085E841000846BDE8F087B3FA83F10029B9
:1095500040F09080B34202D3824200F2F880841A35
:1095600066EB03060120B446002D40D085E81010BC
:10957000BDE8F08712B90127B7FBF2F7B7FA87FE0B
:10958000BEF1000F35D1F31B4FEA17481FFA87FCD5
:109590000121B3FBF8F0220C08FB103642EA064624
:1095A0000CFB00F3B34207D9F61900F1FF3202D2E7
:1095B000B34200F2CE801046F61AA2B2B6FBF8F320
:1095C00008FB136642EA06440CFB03FCA44507D9DA
:1095D000E41903F1FF3202D2A44500F2B58013462C
:1095E000CCEB040443EA00409CE729462846BDE84A
:1095F000F087CEF1200106FA0EF307FA0EF720FAF3
:1096000001F94FEA1748CE4049EA0309B6FBF8FAD8
:109610004FEA194408FB1A661FFA87FC44EA06431E
:109620000AFB0CF29A4200FA0EF40AD9DB190AF18D
:10963000FF3180F087809A4240F28480AAF1020ACA
:109640003B449B1A1FFA89F9B3FBF8F108FB11336D
:1096500049EA034301FB0CF69E4207D9DB1901F1ED
:10966000FF326BD29E4269D902393B449B1B41EACF
:109670000A418EE7C1F1200E22FA0EF48B402343FB
:1096800020FA0EF706FA01F44FEA134C26FA0EF60A
:109690003C43B6FBFCF9270C0CFB19661FFA83F858
:1096A00047EA064609FB08F7B74202FA01F200FA58
:1096B00001FA08D9F61809F1FF3041D2B7423FD973
:1096C000A9F102091E44F61BA0B2B6FBFCF40CFB88
:1096D000146640EA064704FB08F8B84507D9FF18A6
:1096E00004F1FF3028D2B84526D9023C1F4444EA91
:1096F0000940C8EB0707A0FB02894F4544464E4688
:1097000014D329D065B3BAEB040367EB060707FA55
:109710000EFECB40CF404EEA030385E888000021CF
:10972000BDE8F0871346F8E61046E0E6B8EB020421
:1097300069EB03060138E5E70446D8E7114695E7EB
:109740008146C0E78A467CE7023B3C4448E708463E
:109750000AE702383E442FE7C245E7D33E46D1E749
:109760002946BDE8F08700BF704700BF00B50A4C2E
:109770002668054685B01C46F06852B1074B029238
:109780008DE80A0022462B46054900F04BF8FCF70D
:109790005DFB044B1A46F2E7C48B0020CC7C002012
:1097A000DC7C002078340020024B0A460146186811
:1097B00000F002B8C48B002010B502FB01F100F0EC
:1097C00093F90446D8B150F8042C22F00302043A6D
:1097D000242A18D8132A14D900231B2A03604360B3
:1097E00016D9242A8360C36011BF00F110020361FF
:1097F000436100F118020023136053609360204618
:1098000010BD0246F7E7002100F0D2FC204610BD53
:1098100000F10802EFE700BF014B1868704700BF76
:10982000C48B00200EB410B583B005AB064C53F8C2
:10983000042B01930146206802F0A4FE03B0BDE8AA
:10984000104003B0704700BFC48B0020024B196862
:109850007C3100F003B800BFC48B00200268634B6A
:1098600063482DE9F04383FB02431344D417C4EB50
:10987000234400FB14200028C0F2AE8004F52F24FE
:1098800004F66C245B4E5C4D5C4ADFF884E1DFF843
:1098900084C15B4F86FB0436E317C3EBE63605FB5A
:1098A0000645AB08A2FB038205EBD222AEFB038385
:1098B000A2EBD3122B09ACFB03C3A2EB1313DFF80B
:1098C00058C1504AACFB038CA2FB038205EBDC3C85
:1098D0009D1A9B0802EB5505AEFB03232D0A4A4A4D
:1098E000ACEBD31340F26D1E0EFB1533DFF82CC129
:1098F00082FB002E03EB830202328644ACFB02C2E1
:109900004FEAE07CCCEBEE2C4FF4616E0EFB1C00BA
:109910000334DFF80CE1C1F808C084FB078904EBCD
:10992000090C8EFB007EE717C7EBAC07C7EBC70738
:10993000D209092AA4EB07044FEAE078864402EB37
:10994000C20C8CBF6FF009070227C8EB6E1E0CEB30
:109950000C1CDFF8D0808C614FF4C87404FB0656F1
:109960003A440CF1020CCEEB0E17A8FB0C4CA0EB0A
:1099700087005C1C012A98BF0136B3F5997FA4EBE0
:109980009C0481E8014024D2A80717D01F48A0FBFF
:109990000570C0094FF4C87707FB1055B5FA85F577
:1099A0006D093B332B44A6F26C76002008624E61B1
:1099B000CB610A61CC600846BDE8F0831348A0FB88
:1099C00005704009642707FB10500028DED00125F0
:1099D000E7E7A3F59973E6E700F5A83004F52F242F
:1099E00000F5C07004F66B244CE700BF07452EC29B
:1099F00080510100BD066B394FC5FDFF7F206B39DB
:109A00009324499261F31967C5B3A2911F85EB5165
:109A1000D97CC65941D672001F2BD3E5D7802BD6EF
:109A200089888888CDCCCCCC70B50F4E0F4D761B75
:109A3000B61018BF002405D0013455F8043B9847F0
:109A4000A642F9D10A4E0B4D761B05F0B5FDB610B6
:109A500018BF002406D0013455F8043B9847A642AD
:109A6000F9D170BD70BD00BF30320060303200608F
:109A70003432006030320060034A044B1268506B8D
:109A8000002808BF18467047C48B00204886002075
:109A9000044B054A1B685B6B002B08BF134693F809
:109AA00028017047C48B002048860020D0F8EC00C5
:109AB000704700BF08B5034B1868FFF7DDFFD0F80B
:109AC000EC0008BDC48B0020024B0146186800F072
:109AD0000BB800BFC48B0020024B0146186803F08E
:109AE0002FBF00BFC48B00202DE9F04F01F10B0503
:109AF000162D83B0064640F29F8035F0070500F131
:109B0000BF80A94200F2BC8000F07AFEB5F5FC7F70
:109B1000C0F09C826B0A00F0BA80042B00F28381B3
:109B2000A80900F1390E4FEA4E033830C44F07EB55
:109B30008303A3F108015C68A14207D1ACE0002ACD
:109B400080F2AC80E468A14200F0A680636823F054
:109B500003035A1B0F2AF2DDB9493C6901F1080ED3
:109B6000744500F0B381636823F003035A1B0F2A86
:109B700000F39981002AC1F814E0C1F810E080F2E6
:109B80009E80B3F5007F80F06781DB0803F1010C54
:109B900001229B1002FA03F34A6851F83C80C4F892
:109BA000088001EBCC091A43A9F10803E3604A607D
:109BB00041F83C40C8F80C40831001249C4094427A
:109BC00000F28A80144206D120F00300640014429F
:109BD00000F10400FAD007EBC009CC468046DCF85F
:109BE0000C108C4507D173E1002A80F28181C9688D
:109BF0008C4500F06D814B6823F003035A1B0F2A3C
:109C0000F2DD0C46D1F80CC054F8088F4B1945F022
:109C100001054D6042F00101C8F80CC03046CCF897
:109C200008807B613B61C3F80CE0C3F808E0596031
:109C30009A5000F0E7FD1FE0102921D800F0E0FD68
:109C40001025062302207E4F07EB8303A3F10802B1
:109C50005C68944200F045816368E168A56823F080
:109C60000303234430465A68E96042F001028D60E4
:109C70005A6000F0C7FD0834204603B0BDE8F08FFD
:109C800000240C232046336003B0BDE8F08F80230E
:109C90004FF0400E3F2049E770465DE72344E168FE
:109CA0005A68A56842F00102E96030468D605A604A
:109CB00000F0A8FD0834204603B0BDE8F08F23442F
:109CC00030465A6842F001025A6000F09BFD0834A9
:109CD000204603B0BDE8F08FBC68636823F003083A
:109CE000A84504D3C5EB08030F2B00F38C80554B1C
:109CF000DFF860911A68D9F8003001332A4404EB88
:109D0000080A00F0608102F580520F3222F47F626F
:109D100022F00F0211463046019201F02BFAB0F109
:109D2000FF3F8346019A00F05881824500F2FC8093
:109D3000454B1968DA451144196000F05381D9F890
:109D40000000DFF810E101301BBFCAEB0B0A5144E1
:109D5000CEF800B019601BF0070100F01781C1F1C7
:109D60000800C1F58051834408315A44C2F30B0204
:109D7000C2EB010949463046019301F0FBF9431C4F
:109D8000019B00F03F81CBEB00024A4442F001020C
:109D90001968C7F808B04944BC42CBF804201960E0
:109DA000DFF8A49016D0B8F10F0F40F2FD80626882
:109DB000A8F10C0323F00703E01802F001024FF0B2
:109DC000050E1A430F2B6260C0F804E0C0F808E0EB
:109DD00000F21C811D4BBC681A68914288BF196053
:109DE0001B4B1A689142626888BF196022F0030217
:109DF0009542A2EB050301D80F2B04DC304600F09E
:109E000001FD002438E7621943F0010345F0010524
:109E100065603046BA60536000F0F4FC08342046B8
:109E200003B0BDE8F08F142B71D9542B00F2A4803D
:109E3000280B00F16F0E4FEA4E036E3076E600BF3E
:109E4000B4870020B4A1002084A10020ACA1002090
:109E5000B0A10020BC8B00205A0A042A5ED9142A23
:109E600000F2B38002F15C0149005B3207EB810C28
:109E700057F82110DFF8DC81ACF1080C8C4500F0BC
:109E800088804A6822F00302934202D289688C4596
:109E9000F7D1D1F80CC07A68C4F80CC0A160CCF836
:109EA0000840CC6088E6631942F0010745F00105DF
:109EB000656030464B610B61C3F80CE0C3F808E005
:109EC0005F609A50083400F09DFCD5E64A6873E65E
:109ED00008F1010818F0030F0CF1080C7FF47FAEB5
:109EE00030E0DC68A34208BF02303FF435AEB3E691
:109EF0000B440C465A68C96854F8085F42F00102E6
:109F00005A603046E9608D6000F07CFCB4E603F1F5
:109F10005C0E03F15B004FEA4E0307E69A0902F17B
:109F2000390149003832A1E7BC424A4B3FF400AF47
:109F30009C68626822F003025AE759F8083999458B
:109F400040F0828010F0030F00F1FF30F5D17B6804
:109F500023EA04037B6064009C423FF6BDAE002C04
:109F60003FF4BAAE1C4240467FF435AE64001C425A
:109F700000F10400FAD02EE6B3F5AA7F18D8E80B5A
:109F800000F1780E4FEA4E037730CFE54FF4805161
:109F9000EBE60121D8F80430921001FA02F21A43DC
:109FA000C8F80420614677E70123CBF8043025E7A1
:109FB00040F25452934220D8A80C00F17D0E4FEA93
:109FC0004E037C30B2E51032A4E6542A26D81A0B90
:109FD00002F16F0149006E3248E7BC68626822F006
:109FE000030205E7CAF30B0000287FF4A8AE424441
:109FF000BB6842F001025A60ECE6FE234FF07F0E90
:10A000007E2093E501224FF00009C1E604F108012A
:10A01000304603F095FCD9F80010DBE6B2F5AA7FD4
:10A0200005D8DA0B02F17801490077321EE740F2D9
:10A0300054518A4205D89A0C02F17D0149007C32C4
:10A0400014E7FE217E2211E77B6884E7E808431CC1
:10A050005B00F8E5B487002082B049B15AB16BB11A
:10A0600013780B601278101C18BF012002B07047E3
:10A0700001A9002AF3D1104602B070476FF0010029
:10A08000F4E700BF032A70B426D940EA01039B0716
:10A0900011D004780D78AC4222D10244431C05E073
:10A0A00013F8014B11F8015FAC4219D19342F7D17B
:10A0B000002070BC70470C4603461E682568AE42FF
:10A0C0001846214603F1040304F10404E1D1043AE3
:10A0D000032A18462146F0D8002ADAD11046E8E7CC
:10A0E000601B70BC704700BF8842F0B50DD98B185B
:10A0F00098420AD28118002A51D09A1A13F8014DB9
:10A1000001F8014D9342F9D1F0BD0F2A48D941EA37
:10A1100000039B0746D100F1100401F1100315461E
:10A1200053F8106C44F8106C53F80C6C44F80C6C39
:10A1300053F8086C44F8086C103D53F8046C44F86C
:10A14000046C0F2D03F1100304F11004E8D8A2F100
:10A15000100323F00F0302F00F0E1033BEF1030FB4
:10A160001944034421D91E1F0D467446043C55F87A
:10A17000047B46F8047F032CF8D8AEF1040424F0E5
:10A18000030404342344214402F0030262B1013B7E
:10A190000A4411F8014B03F8014F8A42F9D1F0BD8E
:10A1A0000346F3E70346F2E7F0BD7246EEE700BF71
:10A1B00070B4840746D0541E002A41D0CDB2034665
:10A1C00002E0621EE4B3144603F8015B9A07F8D17B
:10A1D000032C2ED9CDB245EA05250F2C45EA0545BD
:10A1E00019D903F110022646103E0F2E42F8105CDA
:10A1F00042F80C5C42F8085C42F8045C02F1100280
:10A20000F2D8A4F1100222F00F0204F00F04103271
:10A21000032C13440DD91E462246043A032A46F85D
:10A22000045BFAD8221F22F003020432134404F024
:10A2300003042CB1C9B21C4403F8011BA342FBD197
:10A2400070BC704714460346C2E700BF2DE9F043D7
:10A2500001683B2983B0044600F2BB8041683B297A
:10A2600000F2AA80A168172900F2998021690B29C0
:10A2700000F2888063699F073ED17448DA1780FB3B
:10A280000365C2EB6512642505FB1232002A73D107
:10A2900003F26C7380FB0320DA17C2EBE0104FF47B
:10A2A000C87202FB1033002B0CBF1D261C26E3686E
:10A2B000002B26DD664FDFF894C14FF0000E4FF003
:10A2C00064084FF4C8794A1C07EB81000BE005686D
:10A2D0009D42A3EB050337DA0C2AE360226136D0F6
:10A2E0000131013204300129F1D19E42A3EB060372
:10A2F0002ADAE3602261F3E7E368002B4FF01C06E3
:10A30000D8DC5348514D64274FF4C87E07E001293B
:10A3100014BF50F8212032461344002B12DC11F1F7
:10A32000FF31F4D261694A1E9607626126D185FB2E
:10A33000026CD617C6EB6C1607FB1622002A55D006
:10A340001D261CE02161E36003B0BDE8F083616974
:10A35000C4F810E04A1C9007626102D01C2600215C
:10A36000B1E78CFB0205D017C0EB651008FB10228B
:10A37000002A49D01D26F2E71D2698E71C260B214E
:10A380001F22C9E70C22684603F0CAF86269009BE5
:10A39000019913440029636153DB21616BE71822A3
:10A3A000684603F0BDF8E168009B019A0B44002A5F
:10A3B000E36041DBA26059E73C22684603F0B0F855
:10A3C000A3680099019A1944002AA1602FDB6260FA
:10A3D00049E73C22684603F0A3F86168009B019AB4
:10A3E0001944002A61601DDB226038E701F26B71BD
:10A3F00085FB0126CA17C2EBE6120EFB12110029DB
:10A4000014BF1C261D26BAE701F26D718CFB0120DA
:10A41000CA17C2EBE01209FB1211002914BF1C2657
:10A420001D269CE73C3201392260616017E73C320F
:10A4300001396260A16016E71832013BA260E36057
:10A4400014E70C31013B2161636114E71F85EB5177
:10A45000740400202DE9F84F064603F04BFD8046BA
:10A460003046FFF7F3FEC64C356973683068F26812
:10A4700054F82540B168C3EB031300EB83034FF49A
:10A48000616E013A012D0EFB013E1444756902DD37
:10A49000AB0700F0C18005F51C53103344F6206271
:10A4A0009342F46100F26381462D00F38C8053D017
:10A4B000452D00F03481B348452340F26D196427DF
:10A4C0004FF4C87C16E003F26C7B80FB0BA14FEAD3
:10A4D000EB7ACAEBE1110CFB11B1002A40F0C78006
:10A4E000002914BF4A464FF4B772013BAB42A4EBBC
:10A4F000020410D080FB0312D917C1EB621213F0D3
:10A50000030F07FB1232DED0013B40F26D12AB426B
:10A51000A4EB0204EED1AF0740F00181994AEB179A
:10A5200082FB0501C3EB6113642101FB1353002B74
:10A5300040F0078105F26C7182FB0132CB17C3EB4F
:10A54000E2124FF4C87303FB1213002B40F26D1399
:10A5500008BF4FF4B773E41A8B4800FB04E901F01D
:10A5600039FE01F03BFE894B1F68002F00F082800E
:10A57000376A7069D8F80430012F00F26C70A8BFF8
:10A580000127984257D001F05BFD002853D1012FDD
:10A5900040F0D380D8F83C1009EB0105012701F009
:10A5A0001BFE7B4A3762043484FB0223E218E31764
:10A5B000C3EBA203C3EBC303E31A48BF0733B36182
:10A5C0002846BDE8F88F6F48462340F26D1964278E
:10A5D0004FF4C87C13E003F26C7B80FB0BA14FEAC5
:10A5E000EB7ACAEBE1110CFB11B10ABB002914BFD5
:10A5F0004A464FF4B7720133AB421444ACD080FBEF
:10A600000312D917C1EB621213F0030F07FB1232CA
:10A61000E1D040F26D12EEE75A4AEB1782FB0501DA
:10A62000C3EB6113642101FB135343B3013432E7DD
:10A630004FF4B772DFE7D8F82020D8F83830D8F8D0
:10A640003C10C2EB030CE145104602DB5B1A994556
:10A650009DDBD8F81C30C1EB030ED8F80030EBB10D
:10A66000F1455FDA002F80F2C180002704E04FF44B
:10A67000B7723AE7D8F8200009EB00058FE705F23A
:10A680006C7182FB0132CB17C3EBE2124FF4C8733B
:10A6900003FB1212002A7FF4FEAEC7E7F14541DB4F
:10A6A000002FFFF679AF7FF477AF511A3268F76861
:10A6B0000A44326030468944FFF7C8FDF368DB1B6B
:10A6C0003FF468AF0127012B40F383804FF0FF3345
:10A6D000F2691C449B185DD4AA074ED12949EA1798
:10A6E00081FB05E0C2EB6012642000FB1252002ADD
:10A6F00073D105F26C7581FB0512E917C1EBE2110C
:10A700004FF4C87202FB1152002A40F26D1208BFCA
:10A710004FF4B7729A42D8BF9B1AF36137E740F201
:10A720006D1318E7E145ACBF00230123002F02DBC6
:10A730005F40012F08D01F4629E7D8F82020104697
:10A740009AE74FF4B77306E7511A002BAED132687F
:10A75000F768521A32603046C1EB0909FFF776FDFF
:10A76000F368DB1B07D1D8F820001F4684E74FF0C1
:10A77000FF30BDE8F88F0027A5E740F26D12C9E76A
:10A78000D00400201F85EB5180510100D0A1002092
:10A7900093244992681E810722D11849C21781FB70
:10A7A00000E3C2EB6312642303FB1203DBB905F27F
:10A7B0006B7581FB0531EA17C2EBE1124FF4C873E8
:10A7C00003FB1253002B40F26D1318BF4FF4B67306
:10A7D000A3E7981CD8BF01237AE74FF4B77299E733
:10A7E0004FF4B67399E740F26D1396E7012F02D04C
:10A7F0000027104640E7511AA9E700BF1F85EB511B
:10A80000704700BF704700BF2DE9F04F154689B073
:10A8100002EB420206461F4653000793B2074FEA77
:10A8200095030391029355D1AB0753D1039BB5F127
:10A83000040A18BF4FF0010A062B50D9039A530897
:10A84000072A05FB036B40F00581079BF418BAF15A
:10A85000000F40F01C813268DBF800103160CBF84B
:10A86000002073194FF000095A19059304934B46C1
:10A8700006920192A1469B46019BC5EB0308444505
:10A880006AD25B46CB46002B00F01982049A039BE8
:10A89000C2EB0801921B8A42A8BF0A4605FB036966
:10A8A000002A40F01881CBEB0902C4EB0B04531BC8
:10A8B000A34228BF2346002B40F038818D42C0F0D0
:10A8C0000281A54245D2B4FBF5F3C4EB0906B207F9
:10A8D0000393A9D0039B062B4FF0020AAED805FBC9
:10A8E000036306EB05089845019332D26C42234678
:10A8F00054469A46464528D2C1460AE0D9F8003067
:10A90000DBF80010C9F80010CBF800305E45D946DE
:10A910001BD209EB0A0B58464946B847002814DDFC
:10A92000002CEBD0012C00F0148229465B46013943
:10A9300099F8000093F800E009F801EB002903F80A
:10A94000010BF4DC5E45D946E3D3019BA84498454E
:10A95000D0D309B0BDE8F08F31464046B847002853
:10A960000DDC58E02368D9F800202260C9F80030D7
:10A97000C5EB09094FF0010B641B444581D33146F7
:10A980002046B847002814DBF6D1BAF1000FE9D011
:10A99000BAF1010F20D029464A46234601391878DA
:10A9A00092F800E003F801EB002902F8010BF5DC56
:10A9B000DEE74445FFF465AFBAF1000F1BD1D8F8CC
:10A9C00000302168C8F800102360641B4FF0010BB1
:10A9D000019B2B4401934FE7029B48462146A64624
:10A9E000013B0A68046841F8044B002B40F8042B33
:10A9F000F6DC7446BCE7BAF1010F1ED029462346A7
:10AA0000013998F80020187808F8010B002903F89C
:10AA1000012BF5DCD9E7DBD1BAF1000F40F0DE8085
:10AA2000049AD8F8001013681160C8F80030049B2D
:10AA30002B4404934FF0010BCAE7029B2046013BD5
:10AA4000D8F80020016848F8041B002B40F8042BBC
:10AA5000F5DCBAE7039A541E282A05FB046478D86B
:10AA6000A146B04659464046B84700284946584690
:10AA70001EDBB84700283FF7EAAE49464046B847D4
:10AA800000281EDBCB46BAF1000F3FF4E4AEBAF16A
:10AA9000010F00F0CF8029463246013913789BF828
:10AAA000000002F8010B00290BF8013BF5DCD8E6A9
:10AAB000B8470028FFF6CBAE49464046B8470028C5
:10AAC000E0DBC346C3E6B1FBF5F130463B462A4620
:10AAD000FFF79AFEF5E6BAF1020FC2EB080040F06C
:10AAE0008D80B646013A9EF8003090F800C00EF80E
:10AAF00001CB002A00F8013BF4DCCBEB0902C4EBEC
:10AB00000B04531BA34228BF2346002B3FF4D6AEB1
:10AB1000C3EB0900013B98F8002090F800E008F82A
:10AB200001EB002B00F8012BF4DCC7E6BAF1020FB1
:10AB3000C3EB0900EED09B088E46013BD8F80020FD
:10AB4000016848F8041B002B40F8042BF5DC714623
:10AB5000B4E64FEAD20905FB09F306EB03080193BB
:10AB6000414608EB030930465B000593B8470028CF
:10AB700049464046C0F29780B847002840F302811A
:10AB8000019AC2EB0B03594618460BEB02090493DA
:10AB9000B84700284946584676DBB847002840F3B6
:10ABA000E580059B019AE31A1A441146184691461E
:10ABB0000493B84700282146484648DBB847002898
:10ABC0003FF750AFDDF8109021464846B8474B4656
:10ABD00013EA200338BF2346994643E7BAF1010F31
:10ABE00045D0049B294601391A7898F8000003F8EB
:10ABF000010B002908F8012BF5DC18E79208B6468E
:10AC00008C46013ADEF8003001684EF8041B002A39
:10AC100040F8043BF5DCCBEB0902C4EB0B04531BFF
:10AC2000A34228BF23466146002B3FF447AEC3EB47
:10AC3000090080E7029A3046013A0368DBF8001009
:10AC400040F8041B002A4BF8043BF5DC09E6B84742
:10AC50000028FFF607AFDDF8109021464846B847B8
:10AC60004B4633EA200328BF23469946FAE6049868
:10AC7000029B0268D8F8001040F8041B013B002B2F
:10AC800048F8042BF5DCD2E6B847002889DBDDF86C
:10AC900010B049465846B8475B4633EA200328BF00
:10ACA0004B469B467DE7B8470028FFF669AF49460B
:10ACB0003046B84736EA200828BFC84660E7039BFD
:10ACC00005FB0364059B9C427FF643AE0194DDF8CF
:10ACD00014905446DDF818A0C5F100084E4512D274
:10ACE00009EB080B58464946B84700280BDD8CB9DC
:10ACF000D9F80030DBF80010C9F80010CBF80030AC
:10AD0000D9464E45ECD3019B5345D1467FF621AE43
:10AD1000AA44E3E7012C0ED029465B46013999F895
:10AD2000000093F800E009F801EB002903F8010B9B
:10AD3000F4DCD946E5E7029B5846013BD9F80020F0
:10AD4000016849F8041B002B40F8042BF5DCD946B8
:10AD5000D7E7029B5846013BD9F80020016849F823
:10AD6000041B002B40F8042BF5DCCFE5DDF810B018
:10AD700049465846B8475B4613EA200338BF4B465E
:10AD80009B460EE749463046B84739EA200828BFB7
:10AD9000B046F5E62DE9F04F174683B0002900F0E4
:10ADA000C1800E46814607F10B05FFF729FD56F8D5
:10ADB00004EC162D2EF00304A6F1080840D810224A
:10ADC0001546AF4241D8944275DAC94B996808EBF1
:10ADD00004008842416800F0D98021F00103034457
:10ADE0005B68DB077DD51EF0010F35D0394648463C
:10ADF000FEF77AFE0746E0B156F8043C23F0010363
:10AE00004344A0F108029A4200F04481221F242A00
:10AE100000F23181132A00F20481034632461168A0
:10AE200019605168596092689A603146484602F04C
:10AE300087FD4846FFF7E6FC384603B0BDE8F08FD3
:10AE400025F00705002D2A46BBDA0C230020C9F89F
:10AE5000003003B0BDE8F08F56F8083CC3EB080A99
:10AE6000DAF8043023F0030C04EB0C039342BDDB4F
:10AE70005746DAF80C1057F8080F221F242AC16031
:10AE8000886000F21781132A40F212813168CAF8F3
:10AE900008107168CAF80C101B2A00F22B810836C2
:10AEA0000AF110023168116071685160B1689160F7
:10AEB0003E461C46D046631B0F2B1DD8D8F80430E5
:10AEC00003F0010323434444C8F80430636843F0AB
:10AED000010363604846FFF795FC304603B0BDE8C8
:10AEE000F08F21F003012144914221DBC368826885
:10AEF0000C46D3609A60DEE7D8F8042008EB050121
:10AF000002F00102154343F001020B44C8F804505B
:10AF10004A605A6842F0010208315A60484602F01D
:10AF20000FFDD7E7114603B0BDE8F04FFEF7DCBDDB
:10AF30001EF0010F7FF45AAF56F8083CC3EB080A25
:10AF4000DAF8043023F0030C01EB0C0E96458BDB92
:10AF5000C36882685746D3609A6057F8081FDAF8CA
:10AF60000C30CB60221F242A996000F29980132AAA
:10AF700062D93368CAF808307368CAF80C301B2AE3
:10AF800000F2A08008360AF1100356E021F0030B0E
:10AF9000A34405F11000834559DA1EF0010F7FF438
:10AFA00025AF56F8081CC1EB080ADAF8041021F0A6
:10AFB000030CE34458453FF757AF5746DAF80C10F7
:10AFC00057F8080F221F242AC160886000F2B4805D
:10AFD000132A40F2A5803168CAF808107168CAF8CF
:10AFE0000C101B2A00F2AF8008360AF110023168FB
:10AFF000116071685160B16891600AEB0501C5EBA1
:10B000000B0242F0010299604A60DAF8043003F062
:10B0100001031D434846CAF80450FFF7F3FB3846C6
:10B020005CE733680360736843601B2A27D800F12C
:10B03000080306F10802F2E63B4632681A607268BD
:10B040005A60B2689A603E467446D04633E708EBD1
:10B050000501C5EB0B0B4BF0010299604A6056F8F5
:10B06000043C03F001031D43484646F8045CFFF727
:10B07000C9FB304632E73146FFF736F8D5E6B3680C
:10B080008360F368C360242A28D000F1100306F11E
:10B090001002C4E650F8043C23F003031C440AE702
:10B0A000314638467446D046FFF71EF83E4602E762
:10B0B0003A46F7E6314638461C46D046FFF714F8C4
:10B0C0003E46F8E6B368CAF81030F368CAF81430A0
:10B0D000242A1BD010360AF11803AEE73369036146
:10B0E0007369436106F1180200F1180397E600BF87
:10B0F000B4870020B168CAF81010F168CAF81410BB
:10B10000242A0FD010360AF11802CBE63369CAF8A8
:10B1100018307369CAF81C3018360AF120038CE71E
:10B120003A4664E73269CAF818207269CAF81C20E6
:10B1300018360AF12002B5E6314638460193FEF78B
:10B14000D3FF019B59E7B168CAF81010F168CAF83B
:10B150001410242A03D010360AF1180247E7326986
:10B16000CAF818207269CAF81C2018360AF12002A1
:10B170003DE700BF38B5074C00230546084623606D
:10B18000FAF73AFE431C00D038BD2368002BFBD0F1
:10B190002B6038BD40C3002010B50C46B1F90E102D
:10B1A00002F0C6FF002803DB236D0344236510BDB6
:10B1B000A38923F48053A38110BD00BF00207047F2
:10B1C0002DE9F0411646B1F90C201F46D3050C4677
:10B1D000054607D500220223B1F90E1002F09CFEAD
:10B1E000B4F90C20B4F90E1022F48052A2813B462F
:10B1F00032462846BDE8F04102F006B910B50C46CB
:10B20000B1F90E1002F088FEA389421C0EBF23F490
:10B21000805343F480532065A38110BDB1F90E1013
:10B2200002F06CB941EA00039B0710B414D10B681B
:10B23000A3F1013222EA030212F0803F0CD10C1D6F
:10B2400040F8043B214654F8043BA3F1013222EAC2
:10B25000030212F0803FF3D0034611F8012B184689
:10B2600003F8012B002AF8D15DF8044B704700BFAA
:10B27000830710B5044610D10268A2F1013323EA16
:10B28000020313F0803F08D150F8042FA2F10133DC
:10B2900023EA020313F0803FF6D003781BB110F8C5
:10B2A000013F002BFBD100F0E1F9204610BD00BFAB
:10B2B00070B411F0FF0434D085070FD00378002B51
:10B2C0005AD09C422BD0431C05E013F8012B002AD6
:10B2D0004FD0944223D09A071846F6D10E0206F4B6
:10B2E0007F462643036846EA064601E050F8043FDD
:10B2F00086EA0305A5F10132A3F1013122EA050234
:10B3000021EA0303134313F0803FEFD0037823B9FE
:10B3100032E010F8013F002B2ED09C42F9D170BCD6
:10B32000704784070BD00378002BF8D0431C03E050
:10B3300002780133002AF2D099071846F8D1026842
:10B34000A2F1013323EA020313F0803F08D150F841
:10B35000042FA2F1013323EA020313F0803FF6D059
:10B360000378002BDBD010F8013F002BFBD170BC21
:10B370007047104670BC7047184670BC704700BFDD
:10B3800000000000000000000000000000000000BD
:10B39000A2EB0300704700BF02780B78012A28BF98
:10B3A0009A42F5D16DE9044540EA0104CDE902670E
:10B3B0006FF0000C4FEA447212B380EA010414F0FB
:10B3C000070F6AD100F0070420F0070004F003051E
:10B3D00021F007014FEAC505F0E8042314F0040F3B
:10B3E000F1E804670CFA05F462EA040266EA04066E
:10B3F0000AD063EA0403624667EA0407664603E08C
:10B40000F0E80423F1E8046782FA4CF582EA0604C6
:10B41000A4FA8CF46CBB83FA4CF583EA0705A5FA11
:10B420008CF595B950E9022351E9026782FA4CF58F
:10B4300082EA0604A4FA8CF483FA4CF583EA070541
:10B44000A5FA8CF52543DBD09CB92DBAB5FA85F465
:10B4500024F0070427FA04F1DDE9026723FA04F374
:10B4600003F0FF0001F0FF01FDE80445A0EB01003F
:10B47000704724BAB4FA84F424F0070426FA04F1DD
:10B48000DDE9026722FA04F202F0FF0001F0FF0199
:10B49000FDE80445A0EB0100704714F0030F3CD118
:10B4A00010F0030428D150F8082B51F8083B82FA19
:10B4B0004CF582EA0305A5FA8CF55DB950F8042C29
:10B4C00051F8043C82FA4CF582EA0305A5FA8CF5A2
:10B4D000002DE8D02DBAB5FA85F424F0070423FA3C
:10B4E00004F122FA04F202F0FF0001F0FF01FDE88E
:10B4F0000445A0EB010070474FEAC40420F00300AC
:10B5000050F8082B21F0030151F8083B0CFA04F421
:10B5100062EA040263EA0403C9E710F003041AD0E4
:10B52000A1EB040120F00300E40750F8042B06D03F
:10B530000FD28B785FFAA2F4E41A06D12BB1CB7844
:10B540005FFAB2F4E41A00D11BB920465DF8104B43
:10B55000704701F1040150F8042BCC0721F00301DE
:10B5600051F8043B48D824D222F07F4482FA4CF5AB
:10B5700094EA1325A5FA8CF50AD165B951F8043B74
:10B5800084EA0204B4EB036F0ED150F8042BEBE70E
:10B590004FEA132355E035F07F454DD10878FDE89B
:10B5A0000445C0F1000070474FEA126203F0FF0348
:10B5B00047E002EA1C4482FA4CF594EA1345A5FAE6
:10B5C0008CF50AD165B951F8043B84EA0204B4EB66
:10B5D000034F0CD150F8042BEBE74FEA134330E054
:10B5E00015EA1C4528D10B884FEA124229E04FEAA0
:10B5F000124203EA1C4324E002F0FF0482FA4CF5F5
:10B6000094EA1365A5FA8CF50AD165B951F8043BA3
:10B6100084EA0204B4EB032F09D150F8042BEBE7C2
:10B620004FEA13630DE015F0FF0F05D10B684FEAE9
:10B63000122223F07F4304E04FF00000FDE80445B0
:10B64000704712BA1BBA82FA4CF482EA0304A4FAD5
:10B650008CF5B5FA85F402FA04F203FA04F34FEA22
:10B660001260FDE80445A0EB1360704780EA010218
:10B67000844612F0030F4FD111F0030F32D14DF871
:10B68000044D11F0040F51F8043B0BD0A3F101322B
:10B690009A4312F0803F04BF4CF8043B51F8043B3E
:10B6A00016D100BF51F8044BA3F101329A4312F0B6
:10B6B000803FA4F101320BD14CF8043BA24312F0BD
:10B6C000803F04BF51F8043B4CF8044BEAD02346BA
:10B6D0000CF8013B13F0FF0F4FEA3323F8D15DF86C
:10B6E000044B704711F0010F06D011F8012B0CF834
:10B6F000012B002A08BF704711F0020FBFD031F8AC
:10B70000022B12F0FF0F16BF2CF8022B8CF8002032
:10B7100012F47F4FB3D1704711F8012B0CF8012BB5
:10B72000002AF9D1704700BF0000000000000000AF
:10B7300090F800F06DE9024520F007016FF0000C71
:10B7400010F0070491F820F040F049804FF0000419
:10B750006FF00700D1E9002391F840F000F10800F4
:10B7600082FA4CF2A4FA8CF283FA4CF3A2FA8CF32C
:10B770004BBBD1E9022382FA4CF200F10800A4FA93
:10B780008CF283FA4CF3A2FA8CF3E3B9D1E90423E7
:10B7900082FA4CF200F10800A4FA8CF283FA4CF31E
:10B7A000A2FA8CF37BB9D1E9062301F1200182FAD8
:10B7B0004CF200F10800A4FA8CF283FA4CF3A2FADE
:10B7C0008CF3002BC6D0002A04BF04301A4612BAEC
:10B7D000B2FA82F2FDE8024500EBD2007047D1E9EF
:10B7E000002304F00305C4F100004FEAC50514F07E
:10B7F000040F91F840F00CFA05F562EA05021CBF4F
:10B8000063EA050362464FF00004A9E75AB32DE945
:10B81000F04180460F46164604E0281B1ED1FCB1BD
:10B82000013E1DD018F8014BFEF744F9204425468F
:10B83000437803F00303012B08BF04F1200517F838
:10B84000014BFEF737F92044437803F00303012B43
:10B85000E3D12034281BE3D0BDE8F081BDE8F081BE
:10B860000020BDE8F0810020704700BF002A41D0D1
:10B8700040EA010313F00303F0B425D1032A23D9CE
:10B8800004680D68AC421FD1043A35D0A4F10135EB
:10B8900025EA040414F0803F31D1071D0D1D0DE091
:10B8A00057F8043B0E68A3F10134B34224EA0304C1
:10B8B0000AD1043A20D014F0803F23D1032A29462C
:10B8C000384605F10405EBD803780C789C4202F168
:10B8D000FF320CD182B114B916E06AB17BB110F815
:10B8E000013F11F8014FA34202F1FF32F5D0181BBE
:10B8F000F0BC7047104670471046F0BC70471846C1
:10B90000F0BC70470020F3E72046F1E740EA01036E
:10B910009B0770B42BD1032A29D90C460346214634
:10B9200054F8046BA6F1013525EA060515F0803FB1
:10B9300006D1043A032A43F8046B2146EFD8A2B19A
:10B940000C781C70013A013301313CB16AB111F835
:10B95000014B03F8014B013A002CF7D12AB11A44EC
:10B96000002103F8011B9A42FBD170BC70470346CB
:10B97000E5E700BF71B138B503460C46002501E08C
:10B98000431C054618462146FFF792FC0028F7D1D4
:10B99000284638BDFFF78CBC2DE9F0414FF0010E71
:10B9A000744600254FF0FF362B198B4200EB06073B
:10B9B0000DD23F5D10F803C0BC452DD21D460124B9
:10B9C000C6EB030E2B198B4200EB0607F1D34FF0A9
:10B9D0000108C2F800E0444600254FF0FF372B195C
:10B9E000994200EB070E0ED91EF804E010F803C0D0
:10B9F000F44518D91D460124C7EB03082B199942B9
:10BA000000EB070EF0D80137701C874224BFC2F844
:10BA100000803846BDE8F0810CD04FF0010E2E4674
:10BA200074467544C0E70CD04FF001082F464446D9
:10BA30004544D4E7744509BFA64601341D46012498
:10BA4000B2E7444509BFA04601341D460124C6E7BC
:10BA50002DE9F04FADF2144D164605468B461046C3
:10BA6000194603AA1C46FFF797FF03AB81460DF268
:10BA70000C4243F8044F9342FBD14CB1631E324653
:10BA800004A812F8011B40F8213013F1FF33F8D25B
:10BA900003994A4631443046FEF7F4FA002871D142
:10BAA00009F1FF330093F318824601932346804641
:10BAB000544658469A4608EB0A073A1A0021284489
:10BAC00002F0E6FA002858D1002F56D0EB1904AA4C
:10BAD00013F8013C52F823304BB124B1039A93423E
:10BAE00001D2C2EB0A03984400243846E3E74C45F0
:10BAF00023460AF1FF3E38BF4B46734513D208EB8D
:10BB0000030216F803C0A85C84452A4406EB03012F
:10BB100006D02EE011F801CF12F8010F844528D18C
:10BB200001337345F6D34C45009980F08B80009B20
:10BB3000019808EB03020378A85C83422A4440F092
:10BB40008180019B06EB040B06E013F801ED12F86F
:10BB5000010D864504D161469B4501F1FF3CF4D1BE
:10BB600001348C4270D8039C3846A044C4EB0A04CC
:10BB7000A1E7C9F101029044B5E700200DF2144D90
:10BB8000BDE8F08FC9EB04034B4538BF4B4601338A
:10BB900009F1FF38039306EB080358464FF0000AFB
:10BBA000CB4699460AEB04073A1A0021284402F0D2
:10BBB0006FFA0028E1D1002FDFD0EB1904AA13F8A7
:10BBC000013C52F82330A3BB611E8B4515D20AEB12
:10BBD0000B0216F80B3015F802E09E452A4406EBDE
:10BBE0000B005B4606D027E010F801CF12F801EFFA
:10BBF000F44521D101338B42F6D3B8F1FF3F11D088
:10BC00000AEB080299F80010AB5C99422A440FD164
:10BC10004B4605E013F8010D12F8011D884207D1CB
:10BC2000B342F7D105EB0A000DF2144DBDE8F08FD9
:10BC3000039B9A443846B5E7CBF1010292449A44FB
:10BC40003846AFE749468BE705EB080096E700BFAB
:10BC50000378002B00F004812DE9F04F91F800806B
:10BC600085B04446B8F1000F16D0864601F1010CAC
:10BC7000012703E012F8014B6CB194469C4214BFBB
:10BC8000002707F001071EF8013F6246002BF1D1A3
:10BC90009CF800300BBB17B105B0BDE8F08F0E4625
:10BCA000054641460130C6EB0C04FFF701FB074691
:10BCB00098B1012CF0D02819874294BFC7EB000B34
:10BCC0004FF0010B1F2C0CD92346324659463846FB
:10BCD000FFF7BEFE05B0BDE8F08F002005B0BDE85F
:10BCE000F08F03AA21463046FFF756FE039980469F
:10BCF000024631443046FEF7C5F9002858D108F114
:10BD0000FF330193F3188146054600935846B24627
:10BD10006619321A0021384402F0BAF90028DCD141
:10BD2000002EDAD0C845434638BF4B469C4212D954
:10BD30005A191AF80310B85C88423A440AEB030E09
:10BD400006D02DE01EF8010F12F8011F884227D1FE
:10BD500001339C42F6D8019BC845194640F28380C6
:10BD6000EA1800980378B85C83423A447BD1009B80
:10BD70000AEB090B06E013F801CD12F801EDF445CA
:10BD800004D101465B4501F1FF30F4D109F101090D
:10BD9000894557D8039B30461D44C3EB0409B7E7D8
:10BDA000C8F1010215441D444FF000093046AFE7C9
:10BDB000C8EB0403434538BF4346013308F1FF395C
:10BDC000039306EB090358460025BB469A466719BC
:10BDD0003A1A0021584402F05BF900287FF47DAF45
:10BDE000002F3FF47AAF444515D908EB050216F849
:10BDF00008301BF8020098425A4406EB08014346FB
:10BE000006D023E011F801EF12F8010F86451DD18D
:10BE100001339C42F6D8B9F1FF3F12D005EB09027D
:10BE20009AF800101BF8023099425A4414D1534634
:10BE300005E013F8010D12F8011D88420CD1B34240
:10BE4000F7D15F46781905B0BDE8F08FC8F101025F
:10BE500015441D443846BAE7039B38461D44B6E7EF
:10BE60000B7813B97047414690E70020704700BF38
:10BE7000024B1A6801235C3200F002B8C48B002028
:10BE8000F0B420B307460D4617F8016B01E0A64257
:10BE900016D015F8014B002CF9D1EEB13E460C46F8
:10BEA00016F8015B00E073B114F8013B9D42FAD132
:10BEB0005DB100233B70166006463046F0BC70470B
:10BEC00063B13846DEE73746E8E72E46F3E7106809
:10BED0000028D7D10646F0E71660EEE71760064661
:10BEE0000370EAE72DE9F84FDDF828900F46804609
:10BEF00016461D468B4600E0A3465C46484614F8AD
:10BF000001ABFDF7D3FD5044417801F0080101F089
:10BF1000FF0C0029F0D152462D2A61D02B2A04BFF4
:10BF20009BF801200BF10204002D43D0102D65D0A9
:10BF3000A946BCF1000F0CBF6FF0004A4FF0004A59
:10BF40000021BAFBF9FE084609FB1EAA05E029D02C
:10BF500009FB0030012114F8012BA2F13003092B59
:10BF600005D9A2F14103192B0AD8A2F137039D424A
:10BF70000EDD4A1CEFD08645E9D24FF0FF31EAE7EB
:10BF8000A2F16103192B03D8A2F157039D42F0DC03
:10BF90004B1C15D0BCF1000F10D14EB1E1B9376088
:10BFA000BDE8F88F9A45D3DA70464FF0FF31D2E7FB
:10BFB000BDE8F88F302A1AD00A25B9E74042ECE7ED
:10BFC000BCF1000F4FF022030CBF6FF000404FF0A8
:10BFD0000040C8F80030F6B1671E3760BDE8F88F42
:10BFE0000BF102049BF801204FF0010C9CE7237831
:10BFF00003F0DF03582B08D0082599E7302A97D1A2
:10C00000237803F0DF03582B92D14FF010096278A8
:10C010004D4602348DE7BDE8F88F00BF30B5064CC1
:10C02000064D2468646B83B0002C08BF2C46009436
:10C03000FFF758FF03B030BDC48B002048860020B6
:10C040002DE9F04F83B0044601F054FF40F2B17384
:10C050009C4240F39B805B49446081FB0437E517B9
:10C06000A4F26D726FF4F66304EB030CC5EBE716F4
:10C0700081FB02E34FF4C878D2176FF4C8694FEA26
:10C08000AC0E08FB1646A4F2B27CA2EB631240F29F
:10C090006D1804EB090308FB0CEC81FB03E1DB17D3
:10C0A000C3EBE1136244C5EB67154FF0640EB6FABB
:10C0B00086F702EB030C04F003030EFB15457F0922
:10C0C0000193044600F1380E237A4A2B62D0442BA8
:10C0D00071D0019B002B54D03B464FEA430AE168E4
:10C0E0009A44394B012903EB0A1A67DD01F18041BB
:10C0F00002394FEA81090AEB0908AAF104026346F2
:10C1000052F8041F90450B44FAD109F104012F4A5B
:10C110005AF8011003F1040B8BFB02890BEB0908A1
:10C120004FEAEB72C2EBA802C2EBC2086269C8EB2D
:10C130000B0BB2EB0B0B226902F1FF3248BF0BF184
:10C14000070BC2EBC2025A448A4202DB073A8A4218
:10C15000FCDA1344226AA16900921D4A02FB031112
:10C16000009B194444F81C1F7445ADD1C369826B10
:10C170009342ACBF002301230360012003B0BDE85C
:10C18000F08F002D0CBF3B460123A6E7002003B033
:10C19000BDE8F08F636901990CEB030239B935B141
:10C1A0003B2BD4BF002301231344013BD2E7002ED5
:10C1B000F6D00023F8E763696344CBE763460021C8
:10C1C000A5E700BF1F85EB51AC05002093244992E1
:10C1D00080510100704700BF704700BF014B1868D5
:10C1E00000F002B8C48B00202DE9F0478AB0064663
:10C1F00001F080FEB949BA4D0746304601F072FEA3
:10C200000446002800F0F480296831B1FFF7C4F833
:10C2100010B90AB0BDE8F08729680846FDF75CFC54
:10C220002046FFF785FA411C3046FDF75DFC28608B
:10C2300010B12146FFF71AFA2378AA4AAA493A2BE5
:10C2400008BF013408AD2B46204601F0C1FF00288D
:10C25000DFDD089BE25C2D2A1C4400F0C5802B2A00
:10C2600008BF01344FF0010806AB02930DF116032D
:10C27000002600930395019505AA2B469B49ADF82E
:10C2800016602046ADF8186001F0A2FFB042C0DD94
:10C29000BDF81630BDF81810BDF814200898DFF866
:10C2A00068A2DFF85492C3EB031301EB83034FF44E
:10C2B000616101FB023308FB03F33B620444894BD9
:10C2C000C9F800302046524687492B4601F080FFCE
:10C2D000B0427FDD0898C9F804A0235C2D2B0444EC
:10C2E00000F093802B2B08BF01344FF0010806AB00
:10C2F00002930DF1160300260093039501952B463A
:10C3000005AA7A49ADF814602046ADF81660ADF87C
:10C310001860089601F05CFFB0427ADDBDF8163077
:10C32000BDF81810BDF81420C3EB031301EB830311
:10C330004FF4616101FB023308FB03F3FB63089BCD
:10C34000B8461C444FF0000926782C2E04BF6678AE
:10C3500001344D2E62D04A2E08BF01344FF00A023C
:10C3600009A920460CBFB2464FF0440A02F00AF970
:10C37000099EADF81E00B44200F09A8080B2C8F861
:10C38000140088F808A000240223ADF81430ADF89A
:10C390001640ADF81840089433782F2B6BD04FF42B
:10C3A000E15309F10109B9F1020FC8F8183034441A
:10C3B00008F11C08C8D17868FFF742FE3A6AFB6BA7
:10C3C0004B484C499B1A18BF012303600A600AB00E
:10C3D000BDE8F0874749464A386AD9F80030086016
:10C3E0001660C9F8043014E701344FF0FF383BE71A
:10C3F000414B3F493F4E414A286834600C601A6007
:10C400005A60FDF769FB2C6003E701344FF0FF38F9
:10C410006DE73B6AA3F56163FB6390E70DF11E02D4
:10C4200007AB02920093039501952B460DF11A027A
:10C430003349204601F0CCFE03287FF4EAAEBDF874
:10C440001A305A1E0B2A3FF6E4AEBDF81C20511ECE
:10C4500004293FF6DEAEBDF81E1006293FF6D9AE20
:10C4600088F80860C8F80C30C8F81020C8F8141014
:10C47000089E264487E706AB02930DF1160300934E
:10C4800005AA2B461F4903950195304601F0A0FEF1
:10C49000BDF81610BDF81830BDF81420089CC1EB8B
:10C4A000011103EB81014FF4616303FB021378E791
:10C4B000B9F1000F09D04D220B2387F82420BB626D
:10C4C00001220023FA623B635DE74D2303223B72A6
:10C4D0000223C7F81490FA603B6154E7147D0020F2
:10C4E00060AC0020C4A100201C7D00202C7D002019
:10C4F000D0A10020D4A10020C88B0020187D0020EE
:10C50000407D0020547D0020B8A100204B6E2DE915
:10C51000F0479C0492462CD5936812683BB30F46B3
:10C52000804602F1080919E96000B60817D0043DF9
:10C53000002401E0A64210D03A4655F8041F4046B8
:10C5400001F09CF9431C04F10104F3D10023CAF863
:10C550000830CAF80430BDE8F087DAF80830A3EBF9
:10C560008603CAF8083009F10809002BDBD1002046
:10C57000ECE701F0CDFA0023CAF80830CAF804301D
:10C58000BDE8F0872DE9F04FABB01C460091904616
:10C590000493059018B1836B002B00F0DE800098A7
:10C5A000B0F90C108AB2950407D4436E41F40052DE
:10C5B00023F400538281436692B2110740F1B180A7
:10C5C000009B1B69002B00F0AC8002F01A020A2AC3
:10C5D00000F0B58000230DF1680B02930F930E93CA
:10C5E000CDF834B0DA4698F800304446FBB1252B3C
:10C5F00002D11CE0252B03D014F8013F002BF9D108
:10C60000C8EB04059DB10E9B0F9ACAF80080013358
:10C610002A44072BCAF804500F920E937BDD002AA0
:10C6200040F02885029B0E922B44DA460293237831
:10C63000002B00F03E8400214FF000034FF0FF324A
:10C640008DF82F3004F101086378019208460E46F8
:10C650000C4608F10108A3F12002582A00F2938346
:10C66000DFE812F04603910391034E039103910317
:10C670009103910391039103890267029103800062
:10C680006C029103C601590259025902590259021A
:10C6900059025902590259029103910391039103DE
:10C6A000910391039103910391039103CB019103B2
:10C6B00091039103910391039103910391039103DA
:10C6C0009103140291039103910391039103EE02EC
:10C6D000910391031103910391039103910391033A
:10C6E0009103910391039103910334038A0391030E
:10C6F0009103910367038A03910391036C039103F0
:10C70000790395028500E90291039B029103BA0225
:10C710009103910353030AF1080A029B2B440293ED
:10C7200085E70099059800F085FE002840F05885BF
:10C73000009B9A8902F01A020A2A7FF44BAF0099F3
:10C74000B1F90E30002BFFF645AF2346424605985F
:10C7500000F016FE2BB0BDE8F08F01F039F81EE7AF
:10C760006442049346F0040698F8003071E73021E3
:10C7700004988DF83010019906944FF00003782248
:10C780008DF82F30002903468DF83120046803F11D
:10C7900004034FF0000546F00202C0F2258526F0A2
:10C7A000800654EA050246F00206049340F0BF8476
:10C7B000B348019B002B40F01C8499460023019351
:10C7C00003935F46019B039A9342B8BF13461D46ED
:10C7D000B9F1000F00D0013516F00203079318BF1E
:10C7E000023516F08403089340F0F182069B5C1B2F
:10C7F000002C40F3EC82102C40F35685DFF8849235
:10C80000DDF838E00F9AD4461023C2467046A84699
:10C810004D46DDF8149007E000F1020E0CF1080C13
:10C820000846103C102C13DD411C103207290F92D2
:10C83000CCF80050CCF804300E91EDDD002A40F029
:10C84000B782103C102C10464FF0010EDC46EBDC9A
:10C85000A94670464546D046E246224407280F9234
:10C86000CAF80090CAF804400E9000F375839DF852
:10C870002F300AF1080A00F1010E002B40F0B082BF
:10C88000079B002B00F0C38202320CA90223BEF1E9
:10C89000070F0F92CDF838E08AE80A0040F378835A
:10C8A000002A40F00A84089B802B4FF0010E1046AE
:10C8B000DA4640F0B082069B5C1B002C40F3AB8252
:10C8C000102CDFF8C49140F30B85D6461023C246E6
:10C8D000A8464D46DDF8149007E000F1020C0EF179
:10C8E000080E0846103C102C13DD411C103207299D
:10C8F0000F92CEF80050CEF804300E91EDDD002AF4
:10C9000040F01583103C102C4FF0010C1046DE4611
:10C91000EBDCA9464546D046F2462244BCF1070F5F
:10C920000F92CAF80090CAF80440CDF838C000F35E
:10C93000D283019B03995C1A002C0AF1080A0CF1BE
:10C94000010E604600F36D820399CAF800700A4434
:10C95000BEF1070F0F92CAF80410CDF838E040F38B
:10C96000CE82002A40F03A8370070E9238D5069B9B
:10C970005C1B002C34DDDA46102C40F3AB84DFF86E
:10C9800004910E994F461026DDF8149006E0881C9D
:10C990000AF1080A1946103C102C13DD4B1C10320A
:10C9A000072B0F92CAF80070CAF804600E93EEDDF0
:10C9B000002A40F08E82103C102C4FF001001146EE
:10C9C000DA46EBDCB946224407280F92CAF80090F9
:10C9D000CAF804400E9040F39B82002A40F0258460
:10C9E000029B069AAA42ACBF9B185B19029399E27C
:10C9F00046F0800698F800302BE60694002940F0B7
:10CA0000AF8446F01006B30640F112830499073153
:10CA100021F00701D1E900230831049114461D4695
:10CA2000002A73F10003C0F28683019B9DF82F90CA
:10CA3000002BC0F21A8354EA050326F0800600F0AA
:10CA4000ED80002D08BF0A2CC0F0ED805F46204627
:10CA500029460A220023FCF7FDFC303207F8012D9D
:10CA60002046294600230A22FCF7F4FC04460D4622
:10CA700054EA0503EBD1C7EB0B030393A2E600BF17
:10CA80007C7D002044070020EC81002006940029D2
:10CA900040F0628446F0100616F0200300F0AE82EB
:10CAA000049B073323F007034FF000028DF82F207B
:10CAB000D3E9004503F10802019B0492002BC0F268
:10CAC000748154EA050326F0800640F06E81019BD4
:10CAD000002B00F030844FF00009002400255F4651
:10CAE000E20842EA4572E90804F007030D461446DD
:10CAF000303354EA050207F8013DF1D1F407BAD505
:10CB0000302BB8D030227B1E07F8012CC3EB0B0270
:10CB100003921F4656E6A3F13002002418F8013BA9
:10CB200004EB840402EB4404A3F13002092AF5D992
:10CB300091E598F8003001212B208AE598F8003023
:10CB40002A2B08F1010500F0DD83A3F13002092A48
:10CB5000A84698BF002500F2CE8318F8013B05EBEC
:10CB6000850502EB4505A3F13002092AF5D945EA0E
:10CB7000E57201926FE5049A14681346002C03F1E4
:10CB80000403FFF6EDAD049398F8003061E50694D8
:10CB9000002981D08DF82F007EE7049A069417684B
:10CBA0004FF000038DF82F30141D019B002F00F073
:10CBB0008683002BC0F25F831A460021384601F0BD
:10CBC00067FA002800F08F83C31B039300230494AB
:10CBD0009DF82F900193F5E50694002940F0B98364
:10CBE00016F0200935D116F0100303D116F04009D4
:10CBF00040F02A83049A13461468019A8DF82F9006
:10CC0000002A03F104034FF00005C0F2328354EA16
:10CC1000050226F0800604937FF413AF019B002BDE
:10CC20003FF4CCAD00242AAF303407F8414DC7EBB8
:10CC30000B030393C6E546F0200698F8003008E59C
:10CC40000694002940F06E8346F0100616F0200985
:10CC5000C9D0049B073323F007034FF000028DF87F
:10CC60002F20D3E9004503F10802019B0492002B19
:10CC7000C0F2F98154EA050326F080064FF000095E
:10CC80007FF4DFAECAE70694002940F05183B20674
:10CC9000AE4841D5049A073222F00702D2E9004596
:10CCA00002F10801049116F0010900F0778154EABD
:10CCB000050240F026824FF000038DF82F30019BD3
:10CCC000002BC0F2968126F0800672E5049A069445
:10CCD00013688DF8403013464FF0000101250433EE
:10CCE0008DF82F100493039510AF0023019373E583
:10CCF00098F8003000287FF4ACAC01212020A8E493
:10CD000046F0010698F80030A3E40694002940F0AC
:10CD10000C83B2068E48BDD40499F7060A4600F18A
:10CD20009D81750640F19A8104320C880492002599
:10CD3000B9E746F0400698F800308AE498F80030E9
:10CD40006C2B03BF98F8013046F0200608F101086B
:10CD500046F010067DE4002940F00983B40640F156
:10CD60001C82049A02991368CD170846043229469A
:10CD70000492C3E9000136E4069400293FF443AE6F
:10CD80008DF82F003FE60694002940F0ED82002B3D
:10CD900000F08F8001258DF840304FF000038DF8B2
:10CDA0002F30039510AFA0E704934FF0000996E6EB
:10CDB0000DAA009909934846FFF7A8FB00287FD1E8
:10CDC0000E980F9A099B00F1010EDC4629E50E989A
:10CDD0000F9A00F1010E9DF82F30002B3FF450AD5B
:10CDE00001320DF12F010123BEF1070F0F92CDF893
:10CDF00038E08AE80A0040F3BF80002A40F04E8104
:10CE00000799002940F0BE809E461046DA46089BEE
:10CE1000802B3FF450AD019B03995C1A002C7FF7E7
:10CE200093AD102CDFF82C9125DDD4461023C2469B
:10CE3000A8464D46DDF8149007E000F1020E0CF113
:10CE4000080C0846103C102C11DD411C103207293B
:10CE50000F92CCF80050CCF804300E91EDDDD2B931
:10CE6000103C102C4FF0010E1046DC46EDDCA946BC
:10CE70004546D046E2462244BEF1070F0F92CAF85B
:10CE80000090CAF80440CDF838E02EDC0AF1080A18
:10CE90000EF1010E58E50DAA009901934846FFF7DF
:10CEA00035FB68B90E980F9A019B00F1010EDC4624
:10CEB000C8E70F9B23B1059800990DAAFFF726FB41
:10CEC000009B9B895A0600F18B8102982BB0BDE82C
:10CED000F08F0DAA00994846FFF718FB0028EFD104
:10CEE0000E990F9A481CDA4655E5002A40F0FB805F
:10CEF000039A1B9201230F921A970E93DA460AF1B6
:10CF0000080A710704D5069B5C1B002C3FF734AD63
:10CF1000029B0699A942ACBF5B185B190293002AD9
:10CF200040F0B38000230E93DA46FFF75CBB0DAAF6
:10CF3000009907934846FFF7E9FA0028C0D10E98F8
:10CF40000F9A079B00F1010CDE46CBE4687D0020C0
:10CF50007C7D0020EC810020002A40F033819DF888
:10CF60002F30002B00F0F58001230DF12F011A4620
:10CF70001B939E461A91DA4670460AF1080A0EF192
:10CF8000010E7DE40CA902229E461A911B92DA46FC
:10CF900070460AF1080A0EF1010E38E7019B8DF880
:10CFA0002F90002BC0F22A8154EA050326F0800658
:10CFB0003FF4FFAB5F46230904F00F0143EA05731A
:10CFC0002A091C461546435C07F8013D54EA05034F
:10CFD000F1D1C7EB0B030393FFF7F4BB0DAA009944
:10CFE0000598FFF793FA00287FF46AAF0F9ADA46A4
:10CFF00087E74FF0000900240025DBE716F0100258
:10D0000000F0B28004998DF82F300A460C6801991F
:10D01000002902F104024FF00005C0F2598154EAE0
:10D02000050126F0800604923FF451AD994656E57D
:10D03000F7060AD4750608D50499B1F90040043101
:10D04000E51722462B460491EAE4049A1468134635
:10D050000433E517049322462B46E1E414680432B6
:10D06000049200251FE64FF0000954EA05037FF4FF
:10D07000E8ACD8E50DAA00990598FFF747FA002813
:10D080007FF41EAFDA46FFF748BB0DAA009905985A
:10D09000FFF73CFA00283FF445AF11E70DAA0099CD
:10D0A0000598FFF733FA00287FF40AAF0E980F9A1D
:10D0B00000F1010EDA46FFF7E3BB0DAA00990598CF
:10D0C000FFF724FA00287FF4FBAE0E980F9A00F1C8
:10D0D000010EDA469BE6002A40F0D8804FF0010EA0
:10D0E0001046DA4697E60DAA00990598FFF70EFA62
:10D0F00000287FF4E5AE0E9B0F9A03F1010EDA468D
:10D1000022E430228DF83020019A8DF83130002A47
:10D110004FF000038DF82F3046F00203C0F2CB80B1
:10D1200026F0800646F002064FF0000942E74FF075
:10D13000000990483EE7019B64424FF02D0965EBE2
:10D140004505002B8DF82F90FFF67BAC26F080066E
:10D1500077E4079B002B72D00CAB02221A931B9230
:10D160004FF0010EDA4613E716F0400948D0049953
:10D170008DF82F200B460C880199002903F1040338
:10D180004FF00005FFF610AE54EA050126F08006C8
:10D1900004933FF49CAC9146A1E4F0060AD47106D6
:10D1A00008D5049A136804320492BDF808201A8046
:10D1B000FFF719BA049A136804320492029A1A60AB
:10D1C000FFF711BA0DAA00990598FFF79FF90028FB
:10D1D0007FF476AE0E980F9A00F1010EDA46FAE56A
:10D1E0004FF0FF30FFF7B6BA6248164654EA050220
:10D1F00004934FF000097FF4DDAEFCE6049BF5E7F5
:10D20000049A8DF82F9013461468019A002A03F1AE
:10D2100004034FF00005FFF6C7AD54EA050226F0FF
:10D22000800604937FF45BAC51E40DAA0099059845
:10D23000FFF76CF900287FF443AE0F9A68E61046BA
:10D240004FF0010EDA46E6E504998DF82F300A46D4
:10D250000C880199002902F104024FF000054EDB11
:10D2600054EA050126F08006049299467FF4E9AB62
:10D27000D4E40493F9E638460494FEF759FA0023FF
:10D2800003909DF82F900193FFF79CBA0DAA009987
:10D290000598FFF73BF900287FF412AE0E980F9A1D
:10D2A00000F1010EDA46B6E50E980F9ADFF8CC9041
:10D2B0000130FFF7D2BA1E464FF000097AE6062B7E
:10D2C00028BF06230393049423EAE3752A4F0CE551
:10D2D00004926AE50E98DFF8A4900130FFF773BB63
:10D2E000F446FFF71ABB019B9DF82F90039304941B
:10D2F0000190FFF767BA00220192FFF7ACB90492E0
:10D300009946B2E6049A136801930432002B049202
:10D3100098F80130A846BFF69CA94FF0FF32019261
:10D32000FFF797B98DF82F008EE48DF82F00F0E409
:10D330008DF82F00ABE49946F30705D52AAF3023CB
:10D3400007F8413DFFF797BB019B03935F46FFF74B
:10D3500039BA8DF82F0043E48DF82F00FFF79ABB00
:10D360008DF82F00FFF74DBB8DF82F000FE58DF8DE
:10D370002F00F3E47C7D0020907D002044070020F6
:10D38000F0B50C46ADF26C4D8989666EE58919964B
:10D3900021F00201666AADF80E500025E769ADF88C
:10D3A0000C10099606951AAE4FF4806569460096F2
:10D3B00004960295059507970646FFF7E3F8051EC4
:10D3C00007DB3046694600F06FF9002818BF4FF0C0
:10D3D000FF35BDF80C305B0603D5A38943F040034D
:10D3E000A38128460DF26C4DF0BD00BF21B1FF2A8C
:10D3F00004D80A7001207047084670478A230360EA
:10D400004FF0FF30704700BF70B50D46084C114615
:10D4100006461A46284600232360F9F76BFE431C94
:10D4200000D070BD2368002BFBD0336070BD00BFFF
:10D4300040C3002038B5304B1B6805460C4613B17D
:10D440009A6B002A38D0B4F90C2093B218070CD587
:10D450002069A8B113F001021ED0636900225B426B
:10D46000A361A260F0B1002038BDD9063CD55807B1
:10D4700026D4206942F00803A3819BB20028E9D199
:10D4800003F42072B2F5007FE4D02846214600F074
:10D4900089FDA3892069DDE7990758BF6269A26009
:10D4A0000028E0D1B4F90C301A06DDD543F0400372
:10D4B000A3814FF0FF3038BD184600F089F9C2E76C
:10D4C000216B51B104F14003994204D0284600F089
:10D4D00037FAB4F90C20002323630023206963602A
:10D4E00022F024022060C5E742F0400209232B60AD
:10D4F0004FF0FF30A28138BDC48B002038B5074CF7
:10D500000023054608462360F8F790FC431C00D032
:10D5100038BD2368002BFBD02B6038BD40C30020F2
:10D52000002910B491FBF2F402FB141306DB002B6C
:10D530000EDB046043605DF8044B7047002BC4BFF2
:10D5400004F1FF349B18046043605DF8044B70479E
:10D5500001349B1A046043605DF8044B704700BFC0
:10D56000B1F90C309AB22DE9F0410D461107804611
:10D570003CD46A6843F40063002AAB8173DDAC6A73
:10D58000002C4BD09BB203F48052002192B2D8F809
:10D590000060C8F80010002A69D02A6D5F0705D521
:10D5A00069682B6B521A0BB1EB6BD21A0023E96935
:10D5B0004046A047441C3CD0B5F90C302A692A608B
:10D5C00023F400630022AB81DB046A6049D4296B39
:10D5D000C8F8006011B305F14003994202D04046FB
:10D5E00000F0AEF900202863BDE8F0812E69AEB1ED
:10D5F0002C682E6090070CBF6B690023A41BAB60E6
:10D600000AE0234632466F6AE9694046B847002877
:10D61000A4EB0004064404DD002CF2DC0020BDE88D
:10D62000F081AB8943F04003AB814FF0FF30BDE8A0
:10D63000F081D8F800201D2AF3D81A4BD34003F00C
:10D64000010383F00104002BEBD0B5F90C302969FC
:10D65000296023F40063D9046C60AB81B7D5002A3C
:10D66000B5D12865B3E7EA6B002A88DCD6E7012349
:10D67000E9694046A047431C024602D0AB89AC6A28
:10D680008CE7D8F80030002BF8D01D2B01D0162BDA
:10D6900002D1C8F80060C1E7AB8943F04003AB8119
:10D6A000BDE8F0810100402010B5044682B008B109
:10D6B000836B53B1B1F90C0008B902B010BD20461C
:10D6C00002B0BDE81040FFF74BBF019100F080F8B9
:10D6D0000199EFE7014900F09DBB00BFD591020021
:10D6E0002DE9F04F354B4568C3630024074600F52C
:10D6F0003B7204230321C0F8E412C0F8E822C0F80A
:10D70000E04283B02C606C60AC606C66EC812C6194
:10D710006C61AC61AB81214605F15C000822FCF72D
:10D7200047FDBE68DFF898B0DFF898A0DFF8989062
:10D73000DFF89880C5F820B001230922C5F824A09D
:10D74000C5F82890C5F82C80ED612146F381B2819F
:10D7500006F15C0034607460B460746634617461B6
:10D76000B46108220193FCF723FDFD68F6611220E5
:10D770000222C6F820B0C6F824A0C6F82890C6F841
:10D780002C802146A881EA812C606C60AC606C66BC
:10D790002C616C61AC6105F15C000822FCF708FDAE
:10D7A000019BED61C5F820B0C5F824A0C5F828900C
:10D7B000C5F82C80BB6303B0BDE8F08FE5730200B1
:10D7C000A94E0200D14E02000D4F02002D4F020063
:10D7D000836B03B17047FFF783BF00BF704700BF83
:10D7E000704700BF2DE9F04782B080468946144655
:10D7F000FCF74EF9012833D004F15C034A4601A935
:10D80000404601F031FEB0F1FF3F824621D088B39F
:10D810009DF80460002508E023685A1C22601E70F1
:10D820000135554526D201AB5E5DA368013B002B57
:10D83000A360F1DAA769BB4231462246404601DBCC
:10D840000A2EE9D101F0BAFD431CE9D102B0BDE8CE
:10D85000F087A38943F04003A38102B0BDE8F087BD
:10D8600009F1FF33FE2BC7D85FFA89F682468DF89F
:10D870000460CFE7484602B0BDE8F087B2F90C304B
:10D8800013F4005F0BD110B4546E43F4005344F40E
:10D890000054546693815DF8044BFFF7A3BFFFF774
:10D8A000A1BF00BFF8B5234F0C460646FCF7A8FF02
:10D8B000BB685D6825F00305291B01F6EF7121F4B3
:10D8C0007F6121F00F01A1F58054B4F5805F07DB83
:10D8D00000213046FDF74EFCBB682B44984204D033
:10D8E0003046FCF78FFF0020F8BD61423046FDF75F
:10D8F00041FC01300DD0104BBA6819682D1B45F062
:10D9000001053046091B55601960FCF77BFF0120BB
:10D91000F8BD00213046FDF72DFCBA68831A0F2BA5
:10D92000DEDD064C0449246843F00103001B53600C
:10D930000860D5E7B487002084A10020BC8B0020BC
:10D94000002945D02DE9F0410D468046FCF758FFEF
:10D9500055F8047C6A4927F00103A5F10804E21890
:10D960008E685068B24220F0030062D0FE0750601B
:10D970000BD455F8087CE41B01F1080EA568754529
:10D980003B446FD0E768EF60BD6015186D68ED0728
:10D9900042D543F001026260E350B3F5007F18D234
:10D9A000DB085A1C4D6851F83270A76001209B10AB
:10D9B00000FA03F301EBC2001D430838E0604D603C
:10D9C00041F83240FC604046BDE8F041FCF71ABF28
:10D9D00070475A0A042A53D89A0902F139077F007E
:10D9E00002F1380501EB870051F827204449083837
:10D9F00090424DD0516821F003018B4202D29268CF
:10DA00009042F7D1D068E060A2608460D460404664
:10DA1000BDE8F041FCF7F6BE95683A4FBD420344BD
:10DA20003FD0D068E86043F0010285606260E35057
:10DA3000B3E7FF07034407D455F8082CA41A13448E
:10DA4000A068E268C26090602F4A126843F001004B
:10DA5000934260608C60B6D32C4B40461968FFF748
:10DA600021FFB0E711184968C90744D49168D2680A
:10DA7000CA60034443F0010091606060E350A2E794
:10DA8000142A17D802F15C077F0002F15B05A9E7B1
:10DA9000AA104B68012505FA02F213434B600246B7
:10DAA000B1E743F001024C610C61E560A560626082
:10DAB000E35088E7542A06D81A0B02F16F077F005B
:10DAC00002F16E058EE7B2F5AA7F06D8DA0B02F1F5
:10DAD00078077F0002F1770584E740F254508242D4
:10DAE00006D89A0C02F17D077F0002F17C0579E7E8
:10DAF000FE277E2576E743F001026260E35062E78D
:10DB0000B4870020BC870020C08B0020B4A1002077
:10DB10009368002B76D02DE9F04F8B8985B00C46A9
:10DB200019070190164629D522693AB303F0020875
:10DB30001FFA88F0356800282FD04FF00009B44F45
:10DB4000C846B246B84543464A4628BF3B460198B8
:10DB5000B8F1000F50D0E169666AB047002871DD66
:10DB6000DAF808301B1A8144C0EB0808CAF80830FC
:10DB7000002BE7D1002005B0BDE8F08F21460198C9
:10DB8000FFF758FC002840F03A81A389356803F07C
:10DB900002081FFA88F00028CFD113F001095BD1E9
:10DBA0004F4602961FB39A05D4F808802CD54745F6
:10DBB000C246C0F0A48013F4906F40F0B18020689A
:10DBC00052464946FCF790FAA0682368C8EB00006B
:10DBD0005344A06023603846029A93681B1A81441C
:10DBE0003F1A9360002BC5D0A389002FDBD1D5F855
:10DBF00000906F680835D5E7D5F80090D5F8048017
:10DC000008359FE70020704720682369984203D8B1
:10DC100061698F4280F0B780B84528BFB846424658
:10DC20004946FCF761FAA3682268C8EB0303424443
:10DC3000A3602260002B49D121460198FFF734FDF3
:10DC4000002843D0B4F90C3043F040034FF0FF30CC
:10DC5000A38105B0BDE8F08F8046029082468146E0
:10DC6000B9F1000F2AD0029B002B4CD02068236909
:10DC70006269C845C34628BFCB4698425F4604D96F
:10DC8000A36813449B4500F39080934520DB134623
:10DC9000676AE16901985246B847071ED2DDB8EBC2
:10DCA000070823D0B368DB1BBA44C7EB0909B3608C
:10DCB000002B3FF45FAFB9F1000FD4D10023D5F8AA
:10DCC00000A0D5F8049002930835C9E7404683E7E1
:10DCD0005A465146FCF708FAA2682368CBEB0202C9
:10DCE0005B44B8EB0708A2602360DBD121460198B2
:10DCF000FFF7DAFC0028A5D1CDF80880D2E720682C
:10DD0000B846BA465CE74A460A21504600F0C0F9D8
:10DD100000286FD001300123CAEB00080293A5E769
:10DD200062692068216902EB4208C1EB000A08EB36
:10DD3000D8780AF101004FEA680838444045424665
:10DD400084BF804642465B0542D511460198FBF7E9
:10DD5000CBFE8346002855D052462169F7F7AAFE2C
:10DD6000A38923F4906343F08003A381CAEB0803E3
:10DD70000BEB0A00C4F81480C4F810B02060A36054
:10DD8000B846BA461CE76FF00043BB4228BF3B468B
:10DD90004A4693FBF1F30198666A01FB03F3E169DC
:10DDA000B04700283FF718AF4CE71A465146039397
:10DDB000FCF79AF92268039B01981A4422602146D5
:10DDC000FFF772FC039B00287FF43CAF1F4666E719
:10DDD0000198FCF7DFFF83460028C7D1019D216928
:10DDE0002846FFF7ADFDB4F90C300C2223F0800378
:10DDF0002A6029E7012309F10108029336E74FF071
:10DE0000FF30B8E6019A0C231360B4F90C301BE71D
:10DE100000FCFF7F2DE9F84310F538771FD08846C6
:10DE200006464FF000097D68BC68013D11D4A38906
:10DE3000012B05F1FF3508D9B4F90E300133214625
:10DE4000304602D0C04749EA00096B1C04F168045F
:10DE5000EDD13F68002FE6D14846BDE8F883B946CA
:10DE60004846BDE8F88300BF2DE9F0471C4F0E4639
:10DE70009146804601F022FB3D68F5B134785CB1F3
:10DE80003D2C18BF344602D117E03D2B15D014F8B5
:10DE9000013F002BF9D1A41B286870B122463146FE
:10DEA000FDF7E4FC28B92868035D3D2B00EB040A6C
:10DEB00009D055F8040F0028F0D1404601F000FBCE
:10DEC0000020BDE8F0873B68ED1AAD104046C9F868
:10DED000005001F0F5FA0AF10100BDE8F08700BF3B
:10DEE000608D002000B583B001AAFFF7BDFF03B02D
:10DEF0005DF804FB00487047309A0020FF2801D9E4
:10DF00000020704710B50446FBF7D4FD204440784C
:10DF100000F00800C0B210BD70B50D46084C1146A7
:10DF200006461A46284600232360F7F78BFF431C5A
:10DF300000D070BD2368002BFBD0336070BD00BFE4
:10DF400040C3002070B50D46B1F90E10002990B005
:10DF500014461E4614DB01AA01F0F6FA00280FDB76
:10DF6000029A02F47042A2F50052B2FA82F2520909
:10DF70004FF480634FF400603260236010B070BDD6
:10DF8000A88900F0800082B2002030601AB14023DE
:10DF9000236010B070BD4FF480631046236010B052
:10DFA00070BD00BF8A8992070B4606D501F1430276
:10DFB00001211A601A6159617047F0B583B001AB55
:10DFC0006A460C460546FFF7BDFF009906462846FF
:10DFD000FBF78AFDB4F90C30D0B1019A124F0099C9
:10DFE000EF6343F08003A3812060206161611AB96F
:10DFF0003343A38103B0F0BD2846B4F90E1001F0FD
:10E00000B7FAB4F90C300028F2D043F00103EFE77F
:10E010009A05EFD404F1430243F002030121A381E6
:10E02000226022616161E5E7E5730200F0B583B02B
:10E030000746089D92B1114C114E2468646B0095FF
:10E04000002C08BF3446D4F8E440A047431C03D159
:10E0500000228A232A603B6003B0F0BD074B0849C9
:10E060001B685B6B0095002B08BF0B4614462146CE
:10E07000044AD3F8E4400123A047E7E7C48B00201B
:10E0800048860020783400200000000000000000D6
:10E0900001F0FF01102A2BDB10F0070F08D010F859
:10E0A000013B013A8B422DD010F0070F42B3F6D15D
:10E0B000F0B441EA012141EA014122F007047FF076
:10E0C00000070023F0E80256083C85EA010586EACD
:10E0D000010685FA47F5A3FA87F586FA47F6A5FA09
:10E0E00087F68EB9EED1F0BC01F0FF0102F0070215
:10E0F00032B110F8013B013A83EA010313B1F8D1C0
:10E100000020704701387047002D06BF35460338A0
:10E11000073815F0010F07D1013015F4807F02BFD9
:10E12000013015F4C03F0130F0BC0138704700BF2A
:10E1300070B50D46084C114606461A46284600237F
:10E140002360F7F771FE431C00D070BD2368002BDD
:10E15000FBD0336070BD00BF40C3002070B40D78A9
:10E160005E2D2FD0002201311646431E00F1FF0420
:10E1700003F8012FA342FBD185B186F0010242557D
:10E180004C1C14F8013C2D2B0ED05D2B09D013B183
:10E190001D462146F3E7084670BC7047481E70BC18
:10E1A0007047204670BC70474E785D2EF0D0B54267
:10E1B000EEDC023143190135AE4203F8012FFADCDF
:10E1C0000234DEE701224D7816460231CDE700BF6A
:10E1D0000EB4F0B59CB021AC4FF4017254F8046B4E
:10E1E000ADF8142002900690FDF7A2FA0C4B0194B2
:10E1F000054632460B4F1868039523464FF6FF76C7
:10E20000002402A907950A970E941394ADF816609E
:10E2100000F078FB1CB0BDE8F04003B0704700BFD1
:10E22000C48B0020CD4E02002DE9F04F85B09A46F8
:10E230000291039001920F460E9E00E02F463D464C
:10E24000304615F8014BFBF731FC2044437803F0CE
:10E25000080303F0FF02002BF0D12D2C00F0838087
:10E260002B2C08BF7C78009208BFBD1CBAF1000FB0
:10E270000CD0BAF1100F00F09580009B5646F717AE
:10E280006BB94FF0FF386FF000490CE0302C7FD0B5
:10E290000A2600274FF00A0A009B002BF1D04FF00E
:10E2A00000084FF0004932463B4640464946FBF7DE
:10E2B000D1F83B469346404632464946FBF7CAF8FA
:10E2C0004FF0000E002200230FE045D002FB07F4C0
:10E2D00006FB0344A2FB0623234412EB0C0243EB90
:10E2E000EC734FF0010E15F8014BA4F1300CBCF1AA
:10E2F000090F06D9A4F1410CBCF1190F0DD8A4F1F6
:10E30000370CE24512DDBEF1FF3FECD0994208BF69
:10E310009042DAD24FF0FF3EE5E7A4F1610CBCF188
:10E32000190F03D8A4F1570CE245ECDCBEF1FF3F16
:10E330001ED0009911B1524263EB430301990029A9
:10E3400042D0BEF1000F1FD1029D10461946019B1D
:10E350001D6005B0BDE8F08FE345B7DA02460B4615
:10E360004FF0FF3EBFE70123BD1C7C7800937DE7A3
:10E37000009B2BBB4FF0FF306FF00041039A22232C
:10E380001360019B13B9E4E710461946013DDEE72F
:10E390002B7803F0DF03582B0BD0082600274FF013
:10E3A000080A79E7302C12D12B7803F0DF03582BC1
:10E3B0000DD16C781026002702354FF0100A6BE75C
:10E3C00000204FF00041D9E710461946C1E710265A
:10E3D000002761E730B5064C064D2468646B83B0B6
:10E3E000002C08BF2C460094FFF71EFF03B030BD81
:10E3F000C48B0020488600202DE9F84FDDF82890D6
:10E400000E460746154698468B4600E0A3465C46F6
:10E41000484614F801ABFBF749FB5044407800F044
:10E42000080000F0FF0C0028F0D151462D2961D0E2
:10E430002B2904BF9BF801100BF10204B8F1000F67
:10E440000CD0B8F1100F5CD04FF0FF33B3FBF8F3F2
:10E4500008FB03FA6FEA0A0AC14607E0302961D0D7
:10E460004FF00A083D4BC1464FF0050A4FF0000E31
:10E47000704606E02FD009FB00204FF0010E14F883
:10E48000011BA1F13002092A05D9A1F14102192A83
:10E490000BD8A1F1370290450FDDBEF1FF3FEED062
:10E4A0009842E7D94FF0FF3EE9E7A1F16102192A4E
:10E4B00003D8A1F157029045EFDCBEF1FF3F11D028
:10E4C000BCF1000F00D0404255B1BEF1000F0DD19C
:10E4D0002E60BDE8F88F5245CDDD4FF0FF3ECEE710
:10E4E000BDE8F88F22233B60704645B3661E2E6060
:10E4F000BDE8F88F0BF102049BF801104FF0010CFE
:10E500009CE730291DD1237803F0DF03582B1ED15F
:10E510004FF010096178C8464FF00F0A02346FF0CF
:10E520007043A3E7237803F0DF03582BF0D04FF0BC
:10E530000808C1464FF0070A6FF0604396E7BDE850
:10E54000F88F4FF00F0A6FF07043C1468EE7C14657
:10E550004FF00F0A6FF0704388E700BF999999193F
:10E5600030B5064C064D2468646B83B0002C08BFA0
:10E570002C460094FFF740FF03B030BDC48B002051
:10E580004886002030B5084C084B25686C6B83B07A
:10E59000002C08BF1C46009413460A460146284634
:10E5A000FFF72AFF03B030BDC48B0020488600204F
:10E5B0002DE9F04F85B08B46029017461E468846DF
:10E5C0000E9C00E0A8464546204615F8019BFBF747
:10E5D0006DFA4844437803F0080303F0FF02002B70
:10E5E000F0D14C462D2C00F08C802B2C08BF98F8D5
:10E5F0000140019208BF08F10205DEB1102E00F0C3
:10E6000087804FEAE67932464B464FF0FF304FF0B5
:10E61000FF31FAF71FFF324603908A464B464FF010
:10E62000FF304FF0FF31FAF715FFB0469646039AD8
:10E6300053460CE0302C00F08180574B4FF0050E14
:10E640004FF099324FF00A084FF000090A264FF0B8
:10E65000000C0020002112E0994208BF904240D0F7
:10E6600000FB09F408FB0144A0FB0801214410EB66
:10E670000A0041EBEA714FF0010C15F8014BA4F1CF
:10E68000300ABAF1090F06D9A4F1410ABAF1190FFB
:10E690000DD8A4F1370A564512DDBCF1FF3FECD08E
:10E6A0008B4208BF8242D7D24FF0FF3CE5E7A4F18E
:10E6B000610ABAF1190F03D8A4F1570A5645ECDCE8
:10E6C000BCF1FF3F12D0019B13B1404261EB41010D
:10E6D00027B1BCF1000F12D15D463D6005B0BDE829
:10E6E000F08FF245BCDD4FF0FF3CC6E7029A2223D3
:10E6F00013604FF0FF304FF0FF31002FEED0013D9F
:10E70000EBE7012308F1020598F80140019374E753
:10E71000302C24D12B7803F0DF03582B2AD14FF073
:10E72000FF336C7803934FF00F0E02356FF0704A91
:10E730004FF010084FF00009102678E72B7803F00F
:10E74000DF03582BEBD04FF0070E4FF0FF326FF086
:10E7500060434FF008084FF00009082677E74FF0B4
:10E760000F0E4FF0FF326FF070434FF010084FF074
:10E7700000096CE74FF010084FF0000942464B4685
:10E780004FF0FF304FF0FF31FAF764FE6FF0704347
:10E7900096464FF0FF325AE79999991930B5064CD1
:10E7A000064D2468646B83B0002C08BF2C4600948F
:10E7B000FFF7FEFE03B030BDC48B0020488600206A
:10E7C0004B1C70B51BD09389146B23F020039381ED
:10E7D000CDB2BCB114465268636B9A420E4609DA58
:10E7E00023685A1E226003F8016C6368013363607A
:10E7F000284670BD214600F0A5FD0028F0D04FF05E
:10E80000FF35F5E71069136828B1984203D213F871
:10E81000010C85420FD0936313465668D66302F10C
:10E82000400403205063146303F8421F0121136066
:10E830005160284670BD5168013B01311360516041
:10E84000D6E700BF10B50C46096B69B104F140036F
:10E85000994201D0FFF774F8E36B636000202063F6
:10E8600013B1A36B236010BDA3892269226043F01A
:10E8700020030022A38162604FF0FF3010BD00BF73
:10E880002DE9F04F83B002FB03F901929A460C9CEC
:10E89000B9F1000F29D007460E464D464FF000084B
:10E8A0000FE02168F7F706F92268C4F804805A449B
:10E8B0002260214638465E44CBEB0505FFF7C2FFD8
:10E8C000B8B9D4F804B05D4530465A46E9D82A466E
:10E8D0002168F7F7EFF862682368521B2B44504613
:10E8E0006260236003B0BDE8F08F484603B0BDE826
:10E8F000F08F019BC5EB0909B9FBF3F003B0BDE84C
:10E90000F08F00BF2DE9F04F8B46B1F90C10D9B054
:10E910008F0481461446069309D4DBF8643041F431
:10E92000005123F40053ABF80C10CBF864302546AB
:10E930000023059303931F46079315F8013B0B93A0
:10E940006BB3FBF7B7F80B9A1044437803F0080356
:10E9500003F0FF063BB3DBF8043011E0FBF7AAF845
:10E96000DBF800301A7810440133427816070FD5CF
:10E97000DBF80420CBF80030531E0137CBF804300D
:10E98000002BEBDC59464846FFF75CFF0028E5D03A
:10E990002C46254615F8013B0B93002BD1D1079847
:10E9A00059B0BDE8F08F252A40F0848094F80180AA
:10E9B00034466B1CB8F1780F00F2D081DFE818F014
:10E9C000CD00CE01CE01CE01CE01CE01CE01CE01D1
:10E9D000CE01CE01CE01CE01CE01CE01CE01CE01BF
:10E9E000CE01CE01CE01CE01CE01CE01CE01CE01AF
:10E9F000CE01CE01CE01CE01CE01CE01CE01CE019F
:10EA0000CE01CE01CE01CE01CE017900CE01CE01E4
:10EA1000CE01CE015601CE01CE01CE01CE01CE01F6
:10EA20007F017F017F017F017F017F017F017F01E6
:10EA30007F017F01CE01CE01CE01CE01CE01CE01FC
:10EA4000CE01CE01CE01CE016F01CE01CE01CE01AD
:10EA5000CE01CE01CE01CE016901CE01CE015C0115
:10EA6000CE01CE01CE01CE01CE01CE01CE01CE012E
:10EA70004301CE01CE010C01CE01CE01CE01CE016B
:10EA8000CE01CE01CE01DE00D200CE01CE01CE01FC
:10EA900050019200CE01CE01C401CE01B601AA01FF
:10EAA0009C01CE01CE019401CE018801CE01CE01A0
:10EAB00043011D46DBF80430002B40F34682DBF8AF
:10EAC000003015F8012C197891427FF468AFDBF81B
:10EAD00004200133013ACBF800300137CBF8042091
:10EAE0002C4656E70493DBF80430002B40F3718288
:10EAF000BB4B059300230393032501E0CBF80010E3
:10EB0000FAF7D8FFDBF8002092F800E07044511CBF
:10EB1000437803F0080303F0FF00002B00F06D8240
:10EB2000DBF80430013B002B07F10107CBF8043080
:10EB3000E4DC59464846FFF785FE0028E0D0079AF6
:10EB40005AB1BBF80C3013F0400F134618BF4FF00A
:10EB5000FF33184659B0BDE8F08F4FF0FF3059B081
:10EB6000BDE8F08F0493DBF80430002B40F39F8066
:10EB70009B4B05930A2303930325C1E70493DBF81A
:10EB80000430002B40F31582002C08BF012416F03E
:10EB9000010540F05681F60640F1C28109E01344B8
:10EBA000CBF800301544A41AFFF74CFE002840F0C3
:10EBB000AE81DBF80420DBF80030A242594648461B
:10EBC000EDDB121B2344CBF804202544CBF80030A6
:10EBD0002F44049D2C46DCE60DF1600A1946504690
:10EBE000FFF7BCFADBF80430002B054640F3FD814B
:10EBF000002CDBF8002008BF4FF0FF34F00611783E
:10EC000040F1E580A046002600E011781AF80130B6
:10EC10000132002B00F07F81DBF80430CBF80020BC
:10EC20000136013BA642CBF8043000F04D81002BA9
:10EC3000EBDC59464846FFF705FE002840F04381CB
:10EC4000DBF80020E1E70493DBF80430002B46F406
:10EC5000007658DD634B05931023039303254FE79C
:10EC600095F8018046F004061D46A2E695F801805D
:10EC700046F010061D469CE60493DBF80430002B9A
:10EC800046F001064BDD574B0593082303930325FC
:10EC900036E795F8018046F002061D4689E60493A2
:10ECA000DBF80430002B46F001063FF761AF594610
:10ECB0004846FFF7C7FD00283FF45AAF3FE704EB93
:10ECC000840408EB4404303C95F801801D4670E64E
:10ECD0000493DBF80430002B40F37381414B059320
:10ECE0000A23039303250BE70493DBF80430002B7E
:10ECF00040F35781022503E70493DBF80430002B2F
:10ED000046F40876A6DC59464846FFF79BFD0028E6
:10ED1000A0D014E70493DBF80430002BB3DC594691
:10ED20004846FFF78FFD0028ADD008E7F4061D46E2
:10ED3000049349D4700740F11C8106990B681F8029
:10ED40000B1D06932C4624E695F80180B8F16C0F54
:10ED500000F0098146F001061D462AE60493FAF701
:10ED6000A9FE4044437803F00303012BDBF8043091
:10ED700000F0F380002B3FF7FBAE98E70CAB0146A9
:10ED8000082218460893FBF713FA16F0100A40F011
:10ED90008F82069A13460433D2F800800693002629
:10EDA000FAF788FEDBF800301B78184443781A071E
:10EDB00002D4002C40F02682BAF1000F04D1C8F82A
:10EDC00000A0079B01330793049D2C46E1E50698BC
:10EDD00006680346043306EB04080493344606E051
:10EDE0002D5D020071820200DBF8002011781AF814
:10EDF0000130501CC3B1DBF80430CBF80000013BFC
:10EE0000CBF80430137804F8013BA0450CD0DBF8B4
:10EE10000430002BE8DC59464846FFF713FD002874
:10EE2000E2D0A6423FF48BAEA61B3FF4B8AD079AE2
:10EE3000013200230792049A0692237037442C462D
:10EE4000A7E50CAB1846082200210893FBF7B0F9A0
:10EE500016F0100309934AD04FF0000A00250DF177
:10EE60003808FAF715FEA8423FF469AE9BE80C009B
:10EE700012F8010BCBF80020013B089A00926E1C9F
:10EE8000CBF8043008F80500334642465146484660
:10EE9000FFF7CCF8431C3FF452AEC0B9099B6BBBE3
:10EEA000CAF800303744013C0AF1040ADBF80430A8
:10EEB000002B4FF0000511DD002CD2D1099B002B57
:10EEC0003FF47FAF80E7B04646463744B7E70230AD
:10EED00017D1DBF80430002B3546C2DC59464846D2
:10EEE000FFF7B0FC0028E7D0002DE7D027E6069A10
:10EEF00013460433D2F800A00693AFE73744013C31
:10EF0000D4E7099B3744013C002BCDD0CEE7002D40
:10EF10007FF45EAE13E6002E3FF441AD37448EE73A
:10EF2000069D23462968CDF800B001224846FFF728
:10EF3000A7FC2E1D00283FF402AE079B049D0696F9
:10EF40000133074407932C4623E559464846FFF70B
:10EF500079FC00283FF4B3ADF1E5002B46F0010643
:10EF60003FF706AEA3E695F8028046F002060235AA
:10EF70001FE5F1070CD4B2070AD5069A049D136861
:10EF80003846F91704320692C3E900012C4600E521
:10EF9000069A049D13681F601346043306932C469B
:10EFA000F7E459464846FFF74DFC00283FF4A2AE6F
:10EFB000C5E559464846FFF745FC00283FF4E4AD57
:10EFC000BDE559464846FFF73DFC00283FF486AEB4
:10EFD000B5E559464846FFF735FC00287FF4AFAD4C
:10EFE000864B0390059303258AE559464846FFF76B
:10EFF00029FC00283FF4FCADA1E5032D40F09580ED
:10F00000631E262B4FF0000A8CBFA4F12703034692
:10F0100051460EAD10463A46039F9A4688BF2724B4
:10F0200046F45866A8460B46AEF12B014D2952D83E
:10F03000DFE801F076517651516470707070707035
:10F04000704C4C51515151515151474747474747D7
:10F0500051515151515151515151515151515151A0
:10F0600051275151515151515151474747474747F6
:10F070005151515151515151515151515151515180
:10F08000512706F4C061B1F5007F24D126F4007643
:10F0900046F4A066102788F800E008F10108DBF8C4
:10F0A000041001390029CBF8041040F39A80013094
:10F0B000CBF80000013C0ED0DBF8000090F800E037
:10F0C000B2E70A2F07DD26F43866E4E74C4931F948
:10F0D0001770082FF7DCF00503979A46174605D5F9
:10F0E000A84500F2E880A8453FF459AC16F010049A
:10F0F00000F0B980C5EB0805554469E53105CAD56E
:10F1000017B946F400760827710540F1C18026F44E
:10F11000B066C0E73A4926F4386631F91770BAE7A5
:10F120003106D8D526F08006B5E7002C08BF4FF091
:10F13000FF3416F001057FF421AEF30638D4069AA9
:10F140001568161D2C44A846FAF7B4FCDBF800201D
:10F1500013781844511C4378180715D4DBF8043091
:10F16000CBF80010013BCBF80430137808F8013BD2
:10F1700044450AD0DBF80430002BE5DC594648460C
:10F18000FFF760FB0028DFD04446651B079A069610
:10F190002F44049D00230132237007922C46FFF771
:10F1A000F8BB59464846FFF74DFB00287FF410ADE9
:10F1B000FAF780FCDBF800301A781044013342780B
:10F1C00016073FF505ADDBF80420CBF8003001351C
:10F1D000531EA542CBF804303FF4FAAC002BE7DC19
:10F1E000DFE75946484608930392FFF72BFB039A43
:10F1F000089B00283FF45EAF6DE700BF2D5D020065
:10F2000020070020FAF744FC86423FF498AC9BE8C4
:10F210000C0012F8010BCBF80020089A00920EAAFD
:10F22000013B751CCBF80430414690552B464846AF
:10F23000FEF7FCFE411C3FF482AC00285AD002309D
:10F2400008BF2E4675D1DBF80430002B3FF7A8AD80
:10F2500059464846FFF7F6FA00283FF4A1AD002EC4
:10F260007FF46DACA8E52246294688F80040039B50
:10F27000059C4846A047B10614D4720724D5069AC7
:10F280001368043206921880079B0133079331E715
:10F2900026F46076BAF1000F02D00AF1FF3A013489
:10F2A0000133FCE6069A1368043206921860EBE715
:10F2B0000DF12C0873E518F8011C5A464846FFF773
:10F2C0007FFA08F1FF380EE716F00102EAD1B30722
:10F2D000E8D5059B19461A4B99424846039B294697
:10F2E0002AD0FFF777F8069A136804320692C3E92A
:10F2F0000001C9E7C8F80000FEF700FE70B1002D5C
:10F300003FF45AAD0EAB5C19013D5A4614F8011D8D
:10F310004846FFF755FA002DF6D14DE52F44013C44
:10F32000BAF1000F03D108F1040856468BE70646F0
:10F3300089E7D8F80000DFE7FFF730FAD3E700BF2E
:10F340007182020001F140032DE9F0410C46096B86
:10F35000994214D0666B77003A46FBF71BFD0546D1
:10F3600040B300EB0608324640462946F6F7A2FBBA
:10F37000C4F80080256367630020BDE8F0814FF486
:10F380008061FAF7B1FBA8B194F8423020634FF4E2
:10F390008062626380F8FF3394F8413080F8FE3376
:10F3A00094F8403080F8FD3300F2FD3020600020FA
:10F3B000BDE8F0814FF0FF30BDE8F081F8B50D46B3
:10F3C0001446064610B1836B002B4AD0B4F90C20CA
:10F3D000A369A36091B2080738D52369002B35D003
:10F3E0008904EFB215D522686169D31A8B421CDA01
:10F3F0000133A168501C0139A16020601570626959
:10F400009A421AD0A389DB0701D50A2F15D03846B6
:10F41000F8BD616E42F4005221F40051A2812268CD
:10F4200061666169D31A8B42E2DB21463046FEF702
:10F430003BF940B922680123DBE721463046FEF75D
:10F4400033F90028E3D04FF0FF37E0E7214630469C
:10F45000FDF7F0FF0028F6D1B4F90C20236991B232
:10F46000BEE7FEF7B5F9B1E7F0B5064685B01F4631
:10F4700089B1104C104D2468646B002C08BF2C46D9
:10F48000D4F8E040A047431C03D100228A233A600D
:10F49000336005B0F0BD0C460649074A0968496B60
:10F4A000002908BF11462246D1F8E04001A9A04733
:10F4B000E9E700BFC48B002048860020704700BFEA
:10F4C000704700BF00293DD070B505460C4608B115
:10F4D000836B7BB3B4F90C300BB9002070BD2146AF
:10F4E0002846FEF73DF8E36A064633B1E16928464F
:10F4F00098470028B8BF4FF0FF36A3891B061CD4DD
:10F50000216B41B104F14003994202D02846FEF735
:10F5100017FA00232363616C21B12846FEF710FA25
:10F5200000236364FEF75AF90023A381FEF758F91C
:10F53000304670BDFEF74CF9CCE721692846FEF74E
:10F54000FFF9DDE70020704738B50B46074C05464C
:10F550001146184600232360F6F76CFC431C00D0CC
:10F5600038BD2368002BFBD02B6038BD40C3002082
:10F5700038B5074C0023054608462360F6F760FCC3
:10F58000431C00D038BD2368002BFBD02B6038BD56
:10F5900040C30020000000005FF800F06D30006004
:10F5A0005FF800F0611D00605FF800F0E125006089
:10F5B0005FF800F0F12400605FF800F0193100609E
:04F5C000F8B500BFDB
:08F5C400C09EFF7F0100000062
:10F5CC00000000000000000000000000000000002F
:10F5DC00000000000000000000000000000000001F
:10F5EC00000000000000000000000000000000000F
:10F5FC0000000000000000000000000000000000FF
:10F60C0000000000000000000000000000000000EE
:10F61C0000000000000000000000000000000000DE
:10F62C0000000000000000000000000000000000CE
:10F63C0000000000000000000000000000000000BE
:10F64C0000000000000000000000000000000000AE
:10F65C00000000000000000000000000000000009E
:10F66C00000000000000000000000000000000008E
:10F67C00000000000000000000000000000000007E
:10F68C00000000000000000000000000000000006E
:10F69C00000000000000000000000000000000005E
:10F6AC00000000000000000000000000000000004E
:10F6BC00000000000000000000000000000000003E
:10F6CC00000000000000000000000000000000002E
:10F6DC00000000000000000000000000000000001E
:10F6EC00000000000000000000000000000000000E
:10F6FC0000000000000000000000000000000000FE
:10F70C0000000000000000000000000000000000ED
:10F71C0000000000000000000000000000000000DD
:10F72C0000000000000000000000000000000000CD
:10F73C0000000000000000000000000000000000BD
:10F74C0000000000000000000000000000000000AD
:10F75C00000000000000000000000000000000009D
:10F76C00000000000000000000000000000000008D
:10F77C00000000000000000000000000000000007D
:10F78C00000000000000000000000000000000006D
:10F79C00000000000000000000000000000000005D
:10F7AC00000000000000000000000000000000004D
:10F7BC00000000000000000000000000000000003D
:10F7CC00000000000000000000000000000000002D
:10F7DC00000000000000000000000000000000001D
:10F7EC00000000000000000000000000000000000D
:10F7FC0000000000000000000000000000000000FD
:10F80C0000000000000000000000000000000000EC
:10F81C0000000000000000000000000000000000DC
:10F82C0000000000000000000000000000000000CC
:10F83C0000000000000000000000000000000000BC
:10F84C00000000000000304300000000000030C346
:10F85C004FBB610567ACDD3F182D4454FB21E93FDC
:10F86C009BF681D20B73EF3F182D4454FB21F93FCB
:10F87C00E2652F227F2B7A3C075C143326A6813C51
:10F88C00BDCBF07A8807703C075C143326A6913CFC
:10F89C000016002008160020101600201816002054
:10F8AC005030005031005032005033005034005072
:10F8BC003500503600503700503800503900503168
:10F8CC003000503131005031320050313300503162
:10F8DC003400503135005031360050313700503142
:10F8EC003800503139005032300050323100503233
:10F8FC0032005032330000004530004531004532B3
:10F90C000045330045340045350045360045370089
:10F91C00453800453900453130004531310045311D
:10F92C00320045313300453134004531350000009B
:10F93C00A01B0020883A0020A41700208C3A00203D
:10F94C00C8A4002089B901005DBA01002DB80100DE
:10F95C0015BA01002DB6010004A2002065BC0100FF
:10F96C0049BB010071BB0100B1BB0100504C4153BC
:10F97C004D412028000000000000000000000000A5
:10F98C00000000000000000000000000C4B30020D4
:10F99C00000000000000000000000000000000005B
:10F9AC00000000002CA100200CA10020541D002000
:10F9BC007C3A0020383A0020803A0020183200208F
:10F9CC0018320020003100206C3600201832002044
:10F9DC001832002018320020183200201832002073
:10F9EC001832002018320020843A002018320020EF
:10F9FC001832002018320020183200201832002053
:10FA0C001832002018320020183200201832002042
:10FA1C001832002018320020183200201832002032
:10FA2C0018320020641E0020783A0020E8320020B2
:10FA3C00641D00201F0000001C0000001F000000BF
:10FA4C001E0000001F0000001E0000001F00000030
:10FA5C001F0000001E0000001F0000001E00000020
:10FA6C001F0000000000C93F0000F0390000DA3729
:10FA7C000000A2330000842E0000502B0000C2278F
:10FA8C000000D0220000C41F0000C61B0000441759
:10FA9C00000000001F0000003B0000005A000000A6
:10FAAC007800000097000000B5000000D4000000B2
:10FABC00F300000011010000300100004E010000B5
:10FACC000000000000000000450502003D0502009A
:10FADC003905020035050200310502002D05020032
:10FAEC0029050200250502006E76735F6275666655
:10FAFC0065725F616C6C6F630000000073657474F9
:10FB0C00696E67735F77726974655F737461727421
:10FB1C0075705F6C696E650073657474696E67737C
:10FB2C005F726561645F737461727475705F6C6928
:10FB3C006E65000073657474696E67735F777269C4
:10FB4C0074655F636F6F72645F6461746100000061
:10FB5C0073657474696E67735F726561645F636FFC
:10FB6C006F72645F64617461000000001F0000002C
:10FB7C001C0000001F0000001E0000001F00000001
:10FB8C001E0000001F0000001F0000001E000000EF
:10FB9C001F0000001E0000001F0000001F000000DE
:10FBAC001D0000001F0000001E0000001F000000D0
:10FBBC001E0000001F0000001F0000001E000000BF
:10FBCC001F0000001E0000001F000000002020206D
:10FBDC0020202020202028282828282020202020F1
:10FBEC0020202020202020202020202020881010C1
:10FBFC00101010101010101010101010100404041D
:10FC0C0004040404040404101010101010104141DA
:10FC1C0041414141010101010101010101010101C8
:10FC2C0001010101010101011010101010104242DC
:10FC3C004242424202020202020202020202020298
:10FC4C000202020202020202101010102000000038
:10FC5C000000000000000000000000000000000098
:10FC6C000000000000000000000000000000000088
:10FC7C000000000000000000000000000000000078
:10FC8C000000000000000000000000000000000068
:10FC9C000000000000000000000000000000000058
:10FCAC000000000000000000000000000000000048
:10FCBC000000000000000000000000000000000038
:10FCCC000000000000000000000000000000000028
:10FCDC00107D0020D01A0020F862002000000007E0
:10FCEC000A000100020003000400050006000700E2
:10FCFC00080009000A000B000C000D000E000F009C
:10FD0C001000000020202020202020202020202057
:10FD1C0020202020400100002C100020E1110000C8
:10FD2C0003000000301000204101000000004040A2
:10FD3C000000803F5A000000640000000000803F7B
:10FD4C0000000000000000000000404000004040A7
:10FD5C000000803F00000000CDCCCC3D0000C8422C
:10FD6C000000164303000A00000000000000803F62
:10FD7C000000000000000000000000000000000077
:10FD8C00000000000000000000000000FFFFFFFF6B
:10FD9C0000000042C8801F40B8821F4008000000CD
:10FDAC0000000042C4801F40B4821F4004000000C9
:10FDBC0000C0004224801F4014821F40100000002D
:10FDCC0000C0004228801F4018821F402000000005
:10FDDC0000C000422C801F401C821F4040000000CD
:10FDEC0000C0004234801F4024821F4000010000EC
:10FDFC000040004264811F4054831F4000040000F7
:10FE0C000040004280811F4070831F4000000200B0
:10FE1C00004000427C811F406C831F4000000100A9
:10FE2C000040004268811F4058831F4000080000BA
:10FE3C00004000423C811F402C831F400100000009
:10FE4C000040004244811F4034831F4004000000E6
:10FE5C000040004240811F4030831F4002000000E0
:10FE6C000040004248811F4038831F4008000000BA
:10FE7C000000004204811F40F4821F400000040077
:10FE8C000000004208811F40F8821F40000008005B
:10FE9C000000004218811F4008831F4000008000B2
:10FEAC000000004214811F4004831F4000004000EA
:10FEBC000000004200811F40F0821F400000020041
:10FECC0000000042FC801F40EC821F40000001003B
:10FEDC000000004224811F4014831F4000000004D6
:10FEEC000000004228811F4018831F4000000008BA
:10FEFC00000000421C811F400C831F4000000001C9
:10FF0C000000004220811F4010831F4000000002AF
:10FF1C0000000042EC801F40DC821F4000100000FB
:10FF2C0000000042F0801F40E0821F4000200000D3
:10FF3C000000004234811F4024831F400000004019
:10FF4C000000004238811F4028831F4000000080C1
:10FF5C000080004294801F4084821F4000000400F7
:10FF6C0000C0004290801F4080821F400000008033
:10FF7C0000800042A8801F4098821F400000800033
:10FF8C0000800042A4801F4094821F40000040006B
:10FF9C00004000426C811F405C831F400010000039
:10FFAC0000C0004230801F4020821F4080000000B3
:10FFBC0000400042B0811F40A0831F400000002081
:10FFCC0000400042AC811F409C831F400000001089
:10FFDC000040004284811F4074831F4000000400D5
:10FFEC000040004288811F4078831F4000000800B9
:04FFFC0000000042BF
:02000004600397
:100000002C811F401C831F40000000100000004294
:1000100030811F4020831F4000000020000000426C
:100020000C811F40FC821F400000100000000042B5
:1000300010811F4000831F4000002000008000420C
:10004000C8811F40B8831F4000800000008000422C
:10005000C4811F40B4831F40004000000080004264
:10006000C0811F40B0831F4000200000008000427C
:10007000BC811F40AC831F40001000000080004284
:10008000D0811F40C0831F4000000200008000425A
:10009000CC811F40BC831F400000010000C0004213
:1000A00074801F4064821F400000000100C00042B5
:1000B00080801F4070821F400000000800C0004286
:1000C00084801F4074821F400000001000C0004266
:1000D0006C801F405C821F400000400000C0004256
:1000E0007C801F406C821F400000000400C0004262
:1000F00078801F4068821F400000000200C000425C
:1001000088801F4078821F40000000200000003FD0
:10011000CDCC4C3D0AD7A33B6F12033A17B75138E9
:10012000ACC5A736BD37063595BF563377CCAB3156
:100130005F700930FFE65B2E000000000000000049
:10014000BDAF010035B1010029B10100C1AF01000F
:10015000C5AF0100C9AF0100D1AF01000000000030
:100160002DB10100D5AF01007DB00100D5AF010078
:100170003DB00100E9AF0100DDAF0100000000006B
:1001800039B1010000000000E1AF010000000000F3
:100190000000000080C00F400000000319000000B4
:1001A00010000000E8841F4001000000180000005B
:1001B00010000000E4841F400100000000C03F4028
:1001C0001F000000300000000400000007000000D5
:1001D0000900000000120000C82B002000000000F1
:1001E00072011200982B00200000000001000000A6
:1001F000B495002000000000000000000100000095
:10020000D96E000011770000CD76000000000000DC
:1002100074011200B02B002000000000010000005B
:100220009096002000000000000000000100000087
:10023000D96E000011770000CD76000000000000AC
:1002400072010000682B002074010000802B002048
:10025000490000000004000003000000000FC93F37
:10026000000F494000CB9640000FC9400053FB40AF
:1002700000CB164100ED2F41000F49410031624192
:1002800000537B41003A8A4100CB9641005CA34178
:1002900000EDAF41007EBC41000FC94100A0D54137
:1002A0000031E24100C2EE410053FB4100F2034243
:1002B000003A0A420083104200CB164200141D424D
:1002C000005C234200A5294200ED2F420036364251
:1002D000007E3C4200C74242000F4942000000003D
:1002E00000000000000000003088000070682C70E2
:1002F000642C66722C63682C63762C70652C6A689B
:100300002C6A642C6B772C63612C67702C636D2CCA
:100310006E752C6E612C74680000000050494552C7
:1003200043455F4845494748542C50494552434549
:100330005F44454C41592C4355545F535045454407
:100340002C4355545F4845494748542C4355545F06
:10035000564F4C54532C50415553455F41545F45C3
:100360004E442C505544444C455F4A554D505F48CF
:1003700045494748542C505544444C455F4A554DD7
:10038000505F44454C41592C4B4552465F574944B8
:1003900054482C4355545F414D50532C4741535FB3
:1003A00050524553535552452C4355545F4D4F447D
:1003B000452C2D2C4E414D452C5448430000000047
:1003C0005069657263655C206865696768742C5064
:1003D00069657263655C2064656C61792C4665654E
:1003E000645C20726174652C4375745C2068656977
:1003F0006768742C63762C50617573655C2061743A
:100400005C20656E645C206F665C206375742C6A8A
:10041000682C6A642C4B6572665C2077696474682A
:100420002C63612C67702C636D2C546F6F6C5C2097
:100430006E756D6265722C4E616D652C746800007E
:1004400080CA180000000300F9EA00001DEB00005C
:1004500081F8000019FA000095F10000C1F70000D2
:10046000C8000000100000000000000000000000B4
:100470000000000000000000C40000000E000000AA
:100480000000000018000000040000000000000050
:10049000C50000000E000000000000001900000070
:1004A00004000000000000001F00000052485344F8
:1004B0004C54454F464D2051202050200000000054
:1004C0004154454F46425220205648554420202052
:1004D00020000000000000000000000005000000F7
:1004E000000000000000000000000000000000000C
:1004F0000000000000000000995501009D5501001A
:10050000A9550100A5550100AD55010000000000EE
:1005100000000000000000000007000000000000D4
:1005200001000001000000000000000000000000C9
:100530000000000000000000000000009D1400000A
:10054000950A00000000000000000000000000000C
:10055000000000000000000000000000456E74650F
:1005600072696E6720626F6F746C6F616465720090
:100570005553422E31200000694D585254313036C7
:10058000320000003235313031330000687474704D
:10059000733A2F2F6769746875622E636F6D2F67CA
:1005A00072626C48414C2F694D585254313036328A
:1005B000000000005434315535584242000000001C
:1005C00068747470733A2F2F6769746875622E634C
:1005D0006F6D2F7068696C2D626172726574742F13
:1005E0006772626C2D7465656E73792D340000003E
:1005F0004261736963000000424C0000656E7465DF
:100600007220626F6F746C6F61646572000000002D
:1006100048617264206C696D69742068617320623E
:1006200065656E207472696767657265642E204D1A
:10063000616368696E6520706F736974696F6E209D
:100640006973206C696B656C79206C6F73742064BE
:10065000756520746F2073756464656E2068616CC5
:10066000742E2052652D686F6D696E672069732046
:10067000686967686C79207265636F6D6D656E641B
:1006800065642E00536F6674206C696D6974206117
:100690006C61726D2E20472D636F6465206D6F74E1
:1006A000696F6E2074617267657420657863656533
:1006B0006473206D616368696E652074726176652C
:1006C0006C2E204D616368696E6520706F7369746C
:1006D000696F6E2072657461696E65642E20416C6D
:1006E00061726D206D617920626520736166656C51
:1006F0007920756E6C6F636B65642E00526573654F
:10070000742F452D73746F70207768696C6520694C
:100710006E206D6F74696F6E2E204D616368696E17
:100720006520706F736974696F6E206973206C69DE
:100730006B656C79206C6F73742064756520746FC1
:100740002073756464656E2068616C742E20526538
:100750002D686F6D696E6720697320686967686CC2
:1007600079207265636F6D6D656E6465642E00003F
:1007700050726F6265206661696C2E2050726F62E4
:1007800065206973206E6F7420696E20746865201F
:10079000657870656374656420696E697469616CFD
:1007A000207374617465206265666F72652073746E
:1007B000617274696E672070726F6265206379631D
:1007C0006C65207768656E204733382E3220616E65
:1007D00064204733382E33206973206E6F74207481
:1007E000726967676572656420616E64204733389B
:1007F0002E3420616E64204733382E3520697320F3
:100800007472696767657265642E000050726F626A
:1008100065206661696C2E2050726F626520646984
:1008200064206E6F7420636F6E74616374207468EB
:100830006520776F726B706965636520776974688E
:10084000696E207468652070726F6772616D6D6586
:10085000642074726176656C20666F72204733384D
:100860002E3220616E64204733382E342E00000073
:10087000486F6D696E67206661696C2E20546865EB
:100880002061637469766520686F6D696E672063A7
:1008900079636C65207761732072657365742E00CF
:1008A000486F6D696E67206661696C2E20536166C2
:1008B00065747920646F6F7220776173206F706543
:1008C0006E656420647572696E6720686F6D696E0D
:1008D00067206379636C652E00000000486F6D69C6
:1008E0006E67206661696C2E2050756C6C206F6697
:1008F000662074726176656C206661696C6564203F
:10090000746F20636C656172206C696D697420730B
:1009100077697463682E2054727920696E637265FA
:100920006173696E672070756C6C2D6F66662073DD
:10093000657474696E67206F7220636865636B20ED
:10094000776972696E672E00486F6D696E67206601
:1009500061696C2E20436F756C64206E6F74206625
:10096000696E64206C696D6974207377697463685B
:100970002077697468696E207365617263682064AA
:10098000697374616E6365732E2054727920696E89
:100990006372656173696E67206D6178207472613E
:1009A00076656C2C2064656372656173696E67207F
:1009B00070756C6C2D6F66662064697374616E630C
:1009C000652C206F7220636865636B20776972699C
:1009D0006E672E004553746F702061737365727477
:1009E00065642E20436C65617220616E64207265BF
:1009F00073657400486F6D696E6720726571756903
:100A00007265642E204578656375746520686F6D26
:100A1000696E6720636F6D6D616E642028244829BC
:100A200020746F20636F6E74696E75652E00000010
:100A30004C696D69742073776974636820656E67AB
:100A4000616765642E20436C656172206265666F24
:100A5000726520636F6E74696E75696E672E000033
:100A600050726F62652070726F74656374696F6E27
:100A7000207472696767657265642E20436C6561D6
:100A800072206265666F726520636F6E74696E7541
:100A9000696E672E000000005370696E646C6520FB
:100AA00061742073706565642074696D656F757419
:100AB0002E20436C656172206265666F72652063EB
:100AC0006F6E74696E75696E672E0000486F6D6990
:100AD0006E67206661696C2E20436F756C64206EB2
:100AE0006F742066696E64207365636F6E64206C3A
:100AF000696D69742073776974636820666F72200A
:100B00006175746F207371756172656420617869B5
:100B1000732077697468696E2073656172636820F9
:100B200064697374616E6365732E205472792069F1
:100B30006E6372656173696E67206D61782074728F
:100B40006176656C2C2064656372656173696E679C
:100B50002070756C6C2D6F66662064697374616EAD
:100B600063652C206F7220636865636B2077697200
:100B7000696E672E00000000506F776572206F6EFF
:100B80002073656C66746573742028504F53292058
:100B90006661696C65642E004D6F746F72206661CA
:100BA000756C742E00000000486F6D696E672066DA
:100BB00061696C2E2042616420636F6E666967759F
:100BC000726174696F6E2E004E2F41005541525470
:100BD000310000005541525432000000554152543A
:100BE00033000000554152543400000052657365D3
:100BF000740000004665656420686F6C6400000046
:100C00004379636C6520737461727400426C6F6326
:100C10006B2064656C6574650000000053746F7030
:100C20002064697361626C6500000000456D657247
:100C300067656E63792073746F70000050726F6225
:100C40006520646973636F6E6E65637400000000F5
:100C50004D6F746F72206661756C74004D6F746FA8
:100C600072207761726E696E670000004C696D6971
:100C70007473206F766572726964650053696E677C
:100C80006C6520626C6F636B0000000050726F62D5
:100C900065206F76657274726176656C0000000085
:100CA00050726F626500000058206D6F746F722083
:100CB0006661756C7400000059206D6F746F72204E
:100CC0006661756C740000005A206D6F746F72203D
:100CD0006661756C7400000058206D6F746F72202F
:100CE0006661756C7420320059206D6F746F7220CC
:100CF0006661756C742032005A206D6F746F7220BB
:100D00006661756C7420320050726F62652032002B
:100D100050726F62652032206F76657274726176F0
:100D2000656C0000546F6F6C7365747465720000BD
:100D3000546F6F6C736574746572206F766572742E
:100D4000726176656C0000004D5047206D6F6465E0
:100D50002073656C6563740058206C696D6974203C
:100D60006D696E0058206C696D6974206D696E2024
:100D70003200000058206C696D6974206D61780044
:100D80005820686F6D6500005820686F6D652032CF
:100D90000000000059206C696D6974206D696E0057
:100DA00059206C696D6974206D696E2032000000F5
:100DB00059206C696D6974206D6178005920686FE5
:100DC0006D6500005920686F6D65203200000000DD
:100DD0005A206C696D6974206D696E005A206C69C7
:100DE0006D6974206D696E20320000005A206C69B4
:100DF0006D6974206D6178005A20686F6D65000020
:100E00005A20686F6D652032000000005370696ED3
:100E1000646C6520696E6465780000005370696ECB
:100E2000646C652070756C736500000041757820F6
:100E3000696E20300000000041757820696E203115
:100E40000000000041757820696E2032000000002B
:100E500041757820696E20330000000041757820CC
:100E6000696E20340000000041757820696E2035DD
:100E70000000000041757820696E203600000000F7
:100E800041757820696E2037000000004175782098
:100E9000696E20380000000041757820696E2039A5
:100EA0000000000041757820696E2031300000009C
:100EB00041757820696E203131000000417578203D
:100EC000696E20313200000041757820696E203152
:100ED0003300000041757820696E20313400000035
:100EE00041757820696E2031350000004175782009
:100EF000696E20313600000041757820696E20311E
:100F00003700000041757820696E203138000000FC
:100F100041757820696E20313900000041757820D4
:100F2000696E20323000000041757820696E2032F1
:100F30003100000041757820696E203232000000D7
:100F400041757820696E20323300000041757820A9
:100F5000616E616C6F6720696E203000417578208A
:100F6000616E616C6F6720696E2031004175782079
:100F7000616E616C6F6720696E2032004175782068
:100F8000616E616C6F6720696E2033004175782057
:100F9000616E616C6F6720696E2034004175782046
:100FA000616E616C6F6720696E2035004175782035
:100FB000616E616C6F6720696E2036004175782024
:100FC000616E616C6F6720696E2037005820737402
:100FD0006570000058322073746570005920737476
:100FE0006570000059322073746570005A20737464
:100FF000657000005A32207374657000582064696F
:10100000720000005832206469720000592064693F
:101010007200000059322064697200005A2064692D
:10102000720000005A3220646972000053746570C7
:1010300070657220706F7765720000005374657080
:101040007065727320656E61626C65005820656E14
:1010500061626C65000000005920656E61626C651C
:10106000000000005A20656E61626C65000000009F
:10107000585920656E61626C650000004D6F746F99
:1010800072204353000000004D6F746F7220435371
:10109000580000004D6F746F7220435359000000D8
:1010A0004D6F746F722043535A0000004D6F746F80
:1010B000722043534D3300004D6F746F72204353C1
:1010C0004D3400004D6F746F722043534D35000056
:1010D0004D6F746F722043534D3600004D6F746F27
:1010E000722043534D3700005370696E646C652065
:1010F0006F6E00005370696E646C65206469726580
:101100006374696F6E0000005370696E646C6520D3
:1011100050574D005370696E646C652032206F6EBD
:10112000000000005370696E646C652032206469B1
:1011300072656374696F6E005370696E646C6520CC
:10114000322050574D0000004D69737400000000BC
:10115000466C6F6F64000000417578206F757420D5
:1011600030000000417578206F7574203100000058
:10117000417578206F757420320000004175782029
:101180006F75742033000000417578206F757420EE
:1011900034000000417578206F7574203500000020
:1011A000417578206F7574203600000041757820F5
:1011B0006F75742037000000417578206F757420BA
:1011C00038000000417578206F75742039000000E8
:1011D000417578206F75742031300000417578209A
:1011E0006F75742031310000417578206F7574205F
:1011F00031320000417578206F7574203133000062
:10120000417578206F757420313400004175782065
:101210006F75742031350000417578206F7574202A
:1012200031360000417578206F7574203137000029
:10123000417578206F757420313800004175782031
:101240006F75742031390000417578206F757420F6
:1012500032300000417578206F7574203231000003
:10126000417578206F757420323200004175782006
:101270006F7574203233000041757820616E616CA7
:101280006F67206F75742030000000004175782072
:10129000616E616C6F67206F757420310000000013
:1012A00041757820616E616C6F67206F75742032B4
:1012B0000000000041757820616E616C6F67206FDF
:1012C000757420330000000041757820616E616CF8
:1012D0006F67206F7574203400000000417578201E
:1012E000616E616C6F67206F7574203500000000BF
:1012F00041757820616E616C6F67206F7574203660
:101300000000000041757820616E616C6F67206F8E
:1013100075742037000000004C4544004C454420C3
:10132000520000004C454420470000004C4544203A
:10133000420000004C454420570000004C4544202A
:1013400061647265737361626C6500004C45442092
:1013500061647265737361626C6520310000000026
:10136000436F50726F632052657365740000000014
:10137000436F50726F6320426F6F74300000000043
:101380004D49534F000000004D4F534900000000ED
:1013900053504920434C4B005350492043530000C5
:1013A000466C61736820435300000000534420637F
:1013B00061726420435300005344206361726420CF
:1013C00064657465637400005350492072657365E9
:1013D00074000000535049204952510049324320C3
:1013E00053434B0049324320534441004B657970CD
:1013F0006164207374726F6265000000493243209B
:101400007374726F626500005258000054580000F7
:101410005254530052533438352052582F545820C8
:10142000646972656374696F6E00000051454920FC
:10143000410000005145492042000000514549202B
:1014400073656C656374000051454920696E64657D
:10145000780000005669727475616C0055415254F1
:101460002058000055415254205900005541525413
:10147000205A000055415254204D330055415254DA
:10148000204D340055415254204D350055415254A1
:10149000204D360055415254204D3700472D636F83
:1014A000646520776F72647320636F6E7369737401
:1014B000206F662061206C657474657220616E64B3
:1014C00020612076616C75652E204C6574746572A0
:1014D00020776173206E6F7420666F756E642E00C6
:1014E0004D697373696E67207468652065787065EF
:1014F0006374656420472D636F646520776F726441
:101500002076616C7565206F72206E756D657269ED
:10151000632076616C756520666F726D61742069F9
:1015200073206E6F742076616C69642E0000000079
:101530002724272073797374656D20636F6D6D6147
:101540006E6420776173206E6F74207265636F67BD
:101550006E697A6564206F7220737570706F727433
:1015600065642E004E656761746976652076616CEE
:10157000756520726563656976656420666F7220A3
:10158000616E20657870656374656420706F73693F
:10159000746976652076616C75652E00486F6D699B
:1015A0006E67206379636C65206661696C7572652E
:1015B0002E20486F6D696E67206973206E6F7420EE
:1015C000636F6E6669677572656420766961207302
:1015D000657474696E67732E000000005374657043
:1015E0002070756C73652074696D65206D757374FA
:1015F0002062652067726561746572206F72206574
:101600007175616C20746F2032206D6963726F7325
:1016100065636F6E64732E00412073657474696E28
:1016200067732072656164206661696C65642E2051
:101630004175746F2D726573746F72696E67206186
:10164000666665637465642073657474696E677338
:1016500020746F2064656661756C742076616C75AA
:1016600065732E0027242720636F6D6D616E6420E3
:1016700063616E6E6F74206265207573656420759A
:101680006E6C65737320636F6E74726F6C6C6572D1
:101690002073746174652069732049444C452E2081
:1016A000456E737572657320736D6F6F7468206F0C
:1016B0007065726174696F6E20647572696E6720FF
:1016C00061206A6F622E0000472D636F646520639E
:1016D0006F6D6D616E647320617265206C6F636BFA
:1016E0006564206F757420647572696E6720616C23
:1016F00061726D206F72206A6F6720737461746508
:101700002E000000536F6674206C696D697473203D
:1017100063616E6E6F7420626520656E61626C65D8
:101720006420776974686F757420686F6D696E677F
:1017300020616C736F20656E61626C65642E0000C1
:101740004D617820636861726163746572732070A3
:101750006572206C696E6520657863656564656493
:101760002E20526563656976656420636F6D6D61D7
:101770006E64206C696E6520776173206E6F7420D3
:1017800065786563757465642E0000002724272042
:1017900073657474696E672076616C75652063612A
:1017A0007573652074686520737465702072617448
:1017B0006520746F206578636565642074686520B2
:1017C0006D6178696D756D20737570706F72746579
:1017D000642E000053616665747920646F6F722017
:1017E0006465746563746564206173206F70656EF1
:1017F000656420616E6420646F6F7220737461741D
:101800006520696E697469617465642E000000006A
:101810004275696C6420696E666F206F7220737404
:101820006172747570206C696E652065786365659A
:10183000646564206C696E65206C656E67746820F1
:101840006C696D69742E204C696E65206E6F742012
:1018500073746F7265642E004A6F672074617267DB
:1018600065742065786365656473206D616368697C
:101870006E652074726176656C2E204A6F672063F6
:101880006F6D6D616E6420686173206265656E20A6
:1018900069676E6F7265642E000000004A6F6720F2
:1018A000636F6D6D616E6420686173206E6F2027B9
:1018B0003D27206F7220636F6E7461696E732070B4
:1018C000726F6869626974656420672D636F64650F
:1018D0002E0000004C61736572206D6F646520728C
:1018E000657175697265732050574D206F757470FE
:1018F00075742E005265736574206173736572741C
:10190000656400004E6F6E20706F73697469766550
:101910002076616C75650000556E737570706F721E
:10192000746564206F7220696E76616C69642067EB
:101930002D636F646520636F6D6D616E6420666FEB
:10194000756E6420696E20626C6F636B2E00000000
:101950004D6F7265207468616E206F6E6520672D13
:10196000636F646520636F6D6D616E642066726F76
:101970006D2073616D65206D6F64616C2067726F9F
:10198000757020666F756E6420696E20626C6F637F
:101990006B2E000046656564207261746520686185
:1019A00073206E6F7420796574206265656E207394
:1019B0006574206F7220697320756E646566696E48
:1019C00065642E00472D636F646520636F6D6D61E4
:1019D0006E6420696E20626C6F636B207265717536
:1019E0006972657320616E20696E74656765722027
:1019F00076616C75652E00004D6F726520746861AC
:101A00006E206F6E6520672D636F646520636F6D58
:101A10006D616E642074686174207265717569729D
:101A20006573206178697320776F72647320666FC5
:101A3000756E6420696E20626C6F636B2E0000000F
:101A4000526570656174656420672D636F646520FD
:101A5000776F726420666F756E6420696E20626CA9
:101A60006F636B2E000000004E6F20617869732059
:101A7000776F72647320666F756E6420696E206282
:101A80006C6F636B20666F7220672D636F646520D7
:101A9000636F6D6D616E64206F7220637572726525
:101AA0006E74206D6F64616C20737461746520774F
:101AB00068696368207265717569726573207468FE
:101AC000656D2E004C696E65206E756D62657220C5
:101AD00076616C756520697320696E76616C6964E6
:101AE0002E000000472D636F646520636F6D6D618C
:101AF0006E64206973206D697373696E672061205D
:101B000072657175697265642076616C75652077A0
:101B10006F72642E000000004735392E7820776FF1
:101B2000726B20636F6F7264696E61746520737984
:101B30007374656D7320617265206E6F74207375A8
:101B400070706F727465642E00000000473533209A
:101B50006F6E6C7920616C6C6F7765642077697447
:101B60006820473020616E64204731206D6F7469B2
:101B70006F6E206D6F6465732E000000417869738D
:101B800020776F72647320666F756E6420696E20B3
:101B9000626C6F636B207768656E206E6F20636F79
:101BA0006D6D616E64206F722063757272656E7404
:101BB000206D6F64616C207374617465207573654A
:101BC00073207468656D2E00473220616E64204773
:101BD000332061726373207265717569726520616B
:101BE00074206C65617374206F6E6520696E2D7052
:101BF0006C616E65206178697320776F72642E0066
:101C00004D6F74696F6E20636F6D6D616E642074CB
:101C1000617267657420697320696E76616C6964AE
:101C20002E00000041726320726164697573207632
:101C3000616C756520697320696E76616C69642ECC
:101C400000000000473220616E642047332061723B
:101C500063732072657175697265206174206C65AB
:101C6000617374206F6E6520696E2D706C616E6596
:101C7000206F666673657420776F72642E000000B3
:101C8000556E757365642076616C756520776F722B
:101C9000647320666F756E6420696E20626C6F637A
:101CA0006B2E00004734332E312064796E616D69EC
:101CB0006320746F6F6C206C656E677468206F664C
:101CC00066736574206973206E6F74206173736925
:101CD000676E656420746F20636F6E6669677572E6
:101CE000656420746F6F6C206C656E67746820612A
:101CF0007869732E00000000546F6F6C206E756D54
:101D00006265722067726561746572207468616EC5
:101D1000206D617820737570706F727465642076C1
:101D2000616C7565206F7220756E646566696E659D
:101D30006420746F6F6C2073656C65637465642ECA
:101D40000000000056616C7565206F7574206F6629
:101D50002072616E67652E00472D636F6465206396
:101D60006F6D6D616E64206E6F7420616C6C6F7747
:101D70006564207768656E20746F6F6C206368619E
:101D80006E67652069732070656E64696E672E00EA
:101D90005370696E646C65206E6F742072756E6E20
:101DA000696E67207768656E206D6F74696F6E204D
:101DB000636F6D6D616E64656420696E204353537B
:101DC000206F72207370696E646C652073796E6326
:101DD000206D6F64652E0000506C616E65206D751E
:101DE0007374206265205A5820666F72207468727E
:101DF000656164696E672E004D61782E20666565A9
:101E00006420726174652065786365656465642E1D
:101E10000000000052504D206F7574206F662072D4
:101E2000616E67652E0000004F6E6C7920686F6DE3
:101E3000696E6720697320616C6C6F7765642077C9
:101E400068656E2061206C696D69742073776974B0
:101E5000636820697320656E67616765642E0000A2
:101E6000486F6D65206D616368696E6520746F20D1
:101E7000636F6E74696E75652E0000004154433ABD
:101E80002063757272656E7420746F6F6C20697355
:101E9000206E6F74207365742E20536574206375F3
:101EA0007272656E7420746F6F6C2077697468202D
:101EB0004D36312E0000000056616C756520776F3D
:101EC000726420636F6E666C6963742E000000009C
:101ED000506F776572206F6E2073656C6620746535
:101EE0007374206661696C65642E2041206861729C
:101EF00064207265736574206973207265717569F9
:101F00007265642E00000000456D657267656E6342
:101F1000792073746F70206163746976652E000098
:101F200053657474696E672076616C75652069739A
:101F3000206F7574206F662072616E67652E0000D9
:101F400053657474696E67206973206E6F742061C5
:101F50007661696C61626C652C20706F7373696265
:101F60006C792064756520746F206C696D69746587
:101F7000642064726976657220737570706F727414
:101F80002E0000005265747261637420706F736973
:101F900074696F6E206973206C6573732074686157
:101FA0006E206472696C6C2064657074682E000029
:101FB000417474656D707420746F20686F6D652056
:101FC00074776F206175746F2073717561726564C9
:101FD0002061786573206174207468652073616D79
:101FE000652074696D652E00436F6F7264696E6160
:101FF00074652073797374656D206973206C6F63E9
:102000006B65642E00000000556E65787065637422
:1020100065642066696C652064656D6172636174D6
:10202000696F6E2E00000000506F7274206973207B
:102030006E6F7420617661696C61626C650000008E
:1020400041757468656E7469636174696F6E20723E
:10205000657175697265642E0000000041636365F7
:1020600073732064656E6965642E00004E6F742082
:10207000616C6C6F776564207768696C652063724A
:1020800069746963616C206576656E74206973207C
:102090006163746976652E00436F756C64206E6FA2
:1020A00074206F70656E2066696C652E00000000FC
:1020B0005573657220646566696E65642065727229
:1020C0006F72206F6363757265642E00506F727457
:1020D000206973206E6F7420757361626C652E00C9
:1020E0004D53472C000000005F76616C7565000061
:1020F0005F76616C75655F72657475726E6564009C
:10210000466174616C3A20496E636F6D70617469E9
:10211000626C652064726976657220280000000098
:102120002900000041757820000000002C417578DE
:1021300020000000496E7665727420494F506F721E
:102140007420696E707574732E000000496E766598
:10215000727420494F506F7274206F75747075746B
:102160002E000000496E7665727420492F4F205072
:102170006F727420696E707574730000496E7665B5
:10218000727420492F4F20506F7274206F757470D5
:102190007574730041757820706F7274730000005D
:1021A000526573657420746F20636F6E74696E7509
:1021B00065000000272448277C2724582720746FB7
:1021C00020756E6C6F636B0043617574696F6E3A56
:1021D00020556E6C6F636B6564000000456E616234
:1021E0006C65640044697361626C656400000000A2
:1021F000436865636B20446F6F72000043686563DA
:102200006B204C696D6974730000000050676D208D
:10221000456E6400526573746F72696E6720646501
:102220006661756C74730000526573746F72696EC9
:1022300067207370696E646C65000000536C65659F
:1022400070696E6700000000456D657267656E63BA
:10225000792073746F70202D20636C6561722C205F
:102260007468656E20726573657420746F20636F87
:102270006E74696E75650000486F6D696E672063E6
:1022800079636C6520726571756972656400000020
:102290005072657373206379636C65207374617227
:1022A0007420746F20726572756E206A6F62000010
:1022B0005265666572656E636520746F6F6C206C25
:1022C000656E677468206F666673657420657374E5
:1022D00061626C6973686564000000004D6F746F23
:1022E00072206661756C74202D20636C6561722CA0
:1022F000207468656E20726573657420746F206346
:102300006F6E74696E7565005072657373206379C2
:10231000636C6520737461727420746F20636F6ED8
:1023200074696E75652E000052656D6F766520616B
:102330006E7920746F75636820706C6174652061BC
:102340006E64207072657373206379636C652073AB
:102350007461727420746F20636F6E74696E75653A
:102360002E00000050726F6265206661696C6564C2
:102370002C2074727920616761696E2E0000000064
:10238000506572666F726D20612070726F62652099
:1023900077697468202454505720666972737421D9
:1023A0000000000050726F62652070726F74656388
:1023B00074696F6E206163746976617465642E0060
:1023C0005072657373206379636C652073746172F6
:1023D0007420746F20706F736974696F6E20666FFC
:1023E0007220746F7563682D6F66662E00000000A2
:1023F0005F746F6F6C5F7461626C655F73697A653F
:10240000000000005F766D616A6F72005F766D6933
:102410006E6F72005F6C696E650000005F6D6F74B7
:10242000696F6E5F6D6F6465000000005F706C61C6
:102430006E6500005F63636F6D7000005F6D6574B3
:10244000726963005F696D70657269616C0000009C
:102450005F6162736F6C7574650000005F696E6325
:1024600072656D656E74616C000000005F696E7668
:10247000657273655F74696D650000005F756E69F4
:1024800074735F7065725F6D696E757465000000CE
:102490005F756E6974735F7065725F726576000058
:1024A0005F636F6F72645F73797374656D000000B2
:1024B0005F746F6F6C5F6F66667365740000000019
:1024C0005F726574726163745F725F706C616E6578
:1024D000000000005F726574726163745F6F6C640A
:1024E0005F7A00005F7370696E646C655F72706D17
:1024F0005F6D6F64650000005F7370696E646C658A
:102500005F6373735F6D6F64650000005F696A6B82
:102510005F6162736F6C7574655F6D6F64650000F9
:102520005F6C617468655F6469616D657465725F35
:102530006D6F6465000000005F6C617468655F72B8
:1025400061646975735F6D6F646500005F737069C6
:102550006E646C655F6F6E005F7370696E646C654E
:102560005F6377005F6D6973740000005F666C6F76
:102570006F6400005F73706565645F6F766572728B
:10258000696465005F666565645F6F766572726930
:10259000646500005F61646170746976655F66659B
:1025A000656400005F666565645F686F6C64000069
:1025B0005F666565640000005F72706D000000007A
:1025C0005F6162735F7800005F6162735F79000032
:1025D0005F6162735F7A00005F6162735F61000038
:1025E0005F6162735F6200005F6162735F6300003E
:1025F0005F6162735F7500005F6162735F76000008
:102600005F6162735F7700005F63757272656E74FD
:102610005F746F6F6C0000005F63757272656E743B
:102620005F706F636B6574005F73656C6563746581
:10263000645F746F6F6C00005F73656C65637465D5
:10264000645F706F636B6574000000005F63616CB2
:102650006C5F6C6576656C005F70726F62655F734E
:1026600074617465000000005F746F6F6C73657453
:102670007465725F73746174650000005F686F6DEC
:1026800065645F7374617465000000005F686F6D5E
:1026900065645F617865730053657474696E677310
:1026A000207772697465206661696C656421000039
:1026B0006E76735F73697A655F6D6178203E3D2049
:1026C0004752424C5F4E56535F53495A45000000F3
:1026D0007372632F6772626C2F6E76735F627566BA
:1026E0006665722E630000004E6F7420656E6F7514
:1026F0006768206865617020666F72204E565320AF
:102700006275666665722100506C616E6E6572203E
:102710006275666665722073697A652077617320D9
:10272000726564756365642100000000244A3D0001
:102730000D0A4772626C48414C20312E3166205B95
:10274000272427206F7220272448454C50272066D5
:102750006F722068656C705D0D0A00005B484C501C
:102760003A242420242320244720244920244E20B6
:1027700024783D76616C20244E783D6C696E65202E
:10278000244A3D6C696E652024534C50202443201C
:102790002458202448202442207E2021203F2063EA
:1027A00074726C2D785D0D0A000000004E00000070
:1027B000500000003F0000005B50494E535441540C
:1027C000453A414F55547C007C0000005D0D0A00E5
:1027D0005B50494E53544154453A41494E7C0000A8
:1027E0007C7C7C002D0000005B5350494E444C45DE
:1027F0003A000000202D2000414C41524D3A00008B
:1028000020202020000000002028000022242D434A
:102810006F6465222C222053657474696E67222CC4
:102820002220556E697473222C22205365747469BA
:102830006E67204465736372697074696F6E220DF0
:102840000A000000242D436F6465095365747469A0
:102850006E6709556E6974730944617461747970A7
:1028600065094461746120666F726D617409536516
:102870007474696E67204465736372697074696FFC
:102880006E094D696E094D61780D0A000D0A2D2DF6
:102890002D2D20003A0D0A005B50494E3A000000F1
:1028A000490000005B50494E53544154453A444F4F
:1028B00055547C00440000005B50494E5354415431
:1028C000453A44494E7C00003D00000024000000D1
:1028D0003D4E2F410D0A00006F6B0D0A00000000F5
:1028E0006572726F723A00005B53455454494E470B
:1028F00047524F55503A00005B4D53473A00000095
:10290000496E666F3A2000005761726E696E673AD1
:10291000200000004572726F723A200044656275B3
:10292000673A2000220000000D0A0D0A5265626F0E
:102930006F742072657175697265642E0000000005
:102940002C207265626F6F74207265717569726593
:10295000640000005C6E5C6E4E4F54453A2041208E
:1029600068617264207265736574206F6620746894
:102970006520636F6E74726F6C6C65722069732072
:102980007265717569726564206166746572206331
:1029900068616E67696E6720746869732073657417
:1029A00074696E672E0000000D0A240020617320F8
:1029B000617869736D61736B0000000020617320A2
:1029C000626F6F6C65616E0020617320626974666E
:1029D00069656C643A000000206173206269746666
:1029E00069656C64207768657265207365747469C5
:1029F0006E6720626974203020656E61626C657359
:102A00002074686520726573743A00002061732039
:102A100049502061646472657373000020696E2000
:102A2000000000002C2072616E67653A20000000F3
:102A30002C206D696E3A20002C206D61783A2000C0
:102A40000D0A0D0A000000005B53455454494E47DF
:102A50003A0000005D000000222C00000900000088
:102A6000696E746567657200666C6F617400000062
:102A7000626F6F6C000000006269746669656C6467
:102A800000000000786269746669656C640000008B
:102A9000726164696F627574746F6E730000000018
:102AA000697076340000000070617373776F726430
:102AB0000000000061786573000000005B45525221
:102AC0004F52434F44453A005B414C41524D434FB6
:102AD00044453A005B504C5547494E3A00000000CF
:102AE000207600005B5052423A0000005B484F4D98
:102AF000453A00005B544C4F3A0000005B50415295
:102B0000414D3A003D4E2F41000000005B473531FA
:102B10003A0000005B47000032380000333000000C
:102B200039323A005B543A005B544C523A00000090
:102B3000204737002047380020473230000000008F
:102B400020473231000000002047393100000000EA
:102B500020473930000000002047393700000000CE
:102B600020473936000000002E3100002E320000D0
:102B700020473939000000002047393800000000A4
:102B80005B47433A4700000033382E002047393274
:102B900000000000204700002047343900000000FA
:102BA0002047343300000000204735313A00000050
:102BB0002047353000000000204D3000204D31000E
:102BC000204D3200204D333000000000204D3630C3
:102BD00000000000204D3800204D3900204D3530D8
:102BE00000000000204D353100000000204D35333D
:102BF00000000000204D3536000000002054000089
:102C00002046000020530000244E00003E0000003B
:102C10002B2C00002D2C00004154433D302C000093
:102C200054432C004154433D312C00004545505243
:102C30004F4D0000464C4153480000004652414D64
:102C4000000000005B5645523A312E31662E0000DE
:102C50005B4F50543A0000005B4158533A0000006B
:102C60005B4E45574F50543A454E554D532C525498
:102C700000000000484F4D452C0000004E4F5052C0
:102C80004F42452C0000000050524F4245533D003A
:102C900050432C004F532C0042442C0045532C0031
:102CA0004D50472C000000004C415448452C00007A
:102CB0005050492C000000005245424F4F542C0008
:102CC00053532C005345442C000000005254432C15
:102CD0000000000043414E2C000000005B464952BA
:102CE0004D574152453A6772626C48414C5D0D0A3E
:102CF000000000005B5349474E414C533A0000002E
:102D00005B4E56532053544F524147453A00000002
:102D10002A0000004B0000005B46524545204D450F
:102D20004D4F52593A0000004B5D0D0A0000000063
:102D30005B4452495645523A000000005B445249F8
:102D40005645522056455253494F4E3A0000000016
:102D50005B445249564552204F5054494F4E533AC6
:102D6000000000005B424F4152443A005B4D415825
:102D7000205354455020524154453A0020487A5D32
:102D80000D0A00005B41555820494F3A00000000F1
:102D90005B6563686F3A20007C4D506F733A0000AA
:102DA0007C57506F733A00007C41523A000000009B
:102DB0007C4152007C4D50473A3100007C4D5047D9
:102DC0003A3000007C443A31000000007C443A3044
:102DD000000000003C00000049646C650000000039
:102DE00052756E003A320000486F6C643A00000081
:102DF0004A6F6700486F6D6500000000416C6172AA
:102E00006D3A0000416C61726D00000043686563BB
:102E10006B000000446F6F723A000000536C6565F0
:102E200070000000546F6F6C000000007C42663A36
:102E3000000000007C4C6E3A000000007C445447C7
:102E40003A0000007C46533A000000007C463A00FD
:102E50007C506E3A000000007C57434F3A0000005F
:102E60007C5743533A0000007C4F763A0000000044
:102E70007C53633A000000007C483A007C543A00DE
:102E80007C503A007C544C523A0000007C496E3A27
:102E9000000000007C496E3A2D3100007C46573A14
:102EA0006772626C48414C007C24433A3100000058
:102EB0003E0D0A005B53455454494E474445534325
:102EC000523A000022416C61726D20436F646520AC
:102ED000696E2076312E312B222C2220416C6172BA
:102EE0006D204D65737361676520696E2076312EA4
:102EF000302D222C2220416C61726D204465736359
:102F000072697074696F6E220D0A00002245727238
:102F10006F7220436F646520696E2076312E312BED
:102F2000222C224572726F72204D65737361676542
:102F300020696E2076312E302D222C224572726F40
:102F400072204465736372697074696F6E220D0A32
:102F50000000000048656C7020746F706963733AFC
:102F60000D0A000020436F6D6D616E64730D0A00E1
:102F70002053657474696E67730D0A00434F4D4D9D
:102F8000414E44530000000053455454494E4753AA
:102F9000000000000D0A4E2F410D0A005B4C41530A
:102FA000544556454E54533A000000005B4C494D81
:102FB0004954533A000000003A4800003A4C0000DF
:102FC0005B484F4D45533A005B5350494E444C4586
:102FD000454E434F4445523A000000002D7C00000E
:102FE0005B504F52543A00002C500000383700001C
:102FF0004E454F4D53000000464300005B52544382
:103000003A000000540000004E6F207370696E6437
:103010006C657320726567697374657265642E0DE3
:103020000A0000005B4D4F544F525741524E494EDB
:10303000473A00005B4D4F544F524641554C543A6D
:1030400000000000550000004600000043000000A2
:103050004C000000312E3500302E35002A2A2A2A55
:103060002A2A2A2A00000000696478203C204E5F4A
:10307000535441525455505F4C494E450000000096
:103080007372632F6772626C2F73657474696E67F5
:10309000732E63006964203C3D204E5F436F6F7266
:1030A00064696E61746553797374656D73000000B3
:1030B0002C4E2F4100000000537465702070756C19
:1030C0007365206C656E67746820696E206D696336
:1030D000726F7365636F6E64732E5C6E4D696E699B
:1030E0006D756D20646570656E6473206F6E2074FD
:1030F00068652070726F636573736F7220616E64B0
:10310000206973207479706963616C6C7920696ED1
:10311000207468652072616E6765206F66203120BB
:103120002D20322E352E5C6E5C6E546865206C65E9
:103130006E6774682068617320746F206265207206
:103140006564756365642066726F6D2074686520C0
:1031500064656661756C742076616C7565206F6658
:103160002035207768656E206D61782E2073746538
:103170007020726174652065786365656420617094
:1031800070726F78696D6174656C792031343020AC
:103190006B487A2E00000000536574732061207321
:1031A000686F727420686F6C642064656C6179204C
:1031B0007768656E2073746F7070696E6720746FC6
:1031C000206C65742064796E616D6963732073652A
:1031D00074746C65206265666F72652064697361E2
:1031E000626C696E672073746570706572732E20EF
:1031F00056616C756520323535206B6565707320BE
:103200006D6F746F727320656E61626C65642E0001
:10321000496E766572747320746865207374657086
:10322000207369676E616C732028616374697665C9
:10323000206C6F77292E0000496E766572747320BA
:1032400074686520646972656374696F6E20736960
:10325000676E616C732028616374697665206C6F9A
:1032600077292E00496E7665727473207468652024
:10327000737465707065722064726976657220651A
:103280006E61626C65207369676E616C732E204D90
:103290006F737420647269766572732075736573D9
:1032A00020616374697665206C6F7720656E61625A
:1032B0006C6520726571756972696E6720696E76DA
:1032C000657273696F6E2E5C6E5C6E4E4F54453A3C
:1032D000204966207468652073746570706572207B
:1032E00064726976657273207368617265732074A5
:1032F00068652073616D6520656E61626C65207321
:1033000069676E616C206F6E6C792058206973203C
:10331000757365642E000000496E766572747320C3
:103320007468652061786973206C696D69742069BF
:103330006E707574207369676E616C732E00000087
:10334000496E7665727473207468652070726F625E
:103350006520696E707574207369676E616C28737F
:10336000292E0000456E61626C6520636F6E747279
:103370006F6C732050574D206F7574707574206199
:103380007661696C6162696C6974792E5C6E5768EC
:10339000656E206052504D20636F6E74726F6C7357
:1033A000207370696E646C6520656E61626C652067
:1033B0007369676E616C6020697320636865636B15
:1033C000656420616E64204D33206F72204D34207F
:1033D000697320616374697665205330207377695F
:1033E0007463686573206974206F666620616E641B
:1033F0002053203E20302073776974636865732002
:103400006974206F6E2E0000496E766572747320A9
:1034100074686520646972656374696F6E2073698E
:10342000676E616C7320666F7220746865207365C7
:10343000636F6E64206D6F746F72207573656420A6
:10344000666F722067616E67656420617865732EB0
:103450005C6E5C6E4E4F54453A2054686973206927
:103460006E76657273696F6E2077696C6C20626529
:10347000206170706C69656420696E2061646469A4
:1034800074696F6E20746F2074686520696E76654C
:103490007273696F6E2066726F6D207365747469E4
:1034A0006E672024332E000053706563696669657A
:1034B00073206F7074696F6E616C20646174612039
:1034C000696E636C7564656420696E2073746174E1
:1034D0007573207265706F72747320616E642069F9
:1034E00066207265706F72742069732073656E74E4
:1034F000207768656E20686F6D696E672E5C6E4917
:10350000662052756E2073756273746174757320D2
:10351000697320656E61626C6564206974206D61F9
:1035200079206265207573656420666F7220736907
:103530006D706C652070726F62652070726F74655B
:103540006374696F6E2E5C6E5C6E4E4F54453A200C
:103550005061727365722073746174652077696C51
:103560006C2062652073656E742073657061726192
:1035700074656C7920616674657220746865207367
:103580007461747573207265706F727420616E64FB
:10359000206F6E6C79206F6E206368616E67657353
:1035A0002E0000005365747320686F772066617386
:1035B00074206772626C48414C2074726176656C4D
:1035C00073207468726F75676820636F6E736563CC
:1035D0007574697665206D6F74696F6E732E204CFB
:1035E0006F7765722076616C756520736C6F777389
:1035F00020697420646F776E2E0000005365747329
:103600002074686520473220616E64204733206152
:1036100072632074726163696E672061636375729F
:10362000616379206261736564206F6E20726164EA
:1036300069616C206572726F722E204265776172CB
:10364000653A2041207665727920736D616C6C203B
:1036500076616C7565206D61792065666665637459
:1036600020706572666F726D616E63652E0000007A
:10367000456E61626C657320696E636820756E6962
:103680007473207768656E2072657475726E696EEA
:103690006720616E7920706F736974696F6E206145
:1036A0006E6420726174652076616C756520746843
:1036B0006174206973206E6F742061207365747467
:1036C000696E67732076616C75652E00496E76654C
:1036D0007274732074686520636F6E74726F6C20EF
:1036E0007369676E616C7320286163746976652005
:1036F0006C6F77292E5C6E4E4F54453A20426C6FAA
:10370000636B2064656C6574652C204F7074696F01
:103710006E616C2073746F702C204553746F702031
:10372000616E642050726F626520636F6E6E6563B8
:1037300074656420617265206F7074696F6E616C6E
:10374000207369676E616C732C20617661696C61AE
:1037500062696C6974792069732064726976657234
:1037600020646570656E64656E742E00496E7665C2
:103770007274732074686520636F6F6C616E74205F
:10378000616E64206D697374207369676E616C7318
:103790002028616374697665206C6F77292E00009C
:1037A000496E766572747320746865207370696EF3
:1037B000646C65206F6E2C20636F756E7465726328
:1037C0006C6F636B7769736520616E642050574D31
:1037D000207369676E616C73202861637469766514
:1037E000206C6F77292E000044697361626C65203C
:1037F00074686520636F6E74726F6C207369676E96
:10380000616C732070756C6C757020726573697370
:10381000746F72732E20506F74656E7469616C6C76
:103820007920656E61626C65732070756C6C646F75
:10383000776E207265736973746F72206966206198
:103840007661696C61626C652E5C6E4E4F54453AD0
:1038500020426C6F636B2064656C6574652C204F2F
:103860007074696F6E616C2073746F7020616E6428
:10387000204553746F7020617265206F7074696F9A
:103880006E616C207369676E616C732C2061766168
:10389000696C6162696C697479206973206472690A
:1038A00076657220646570656E64656E742E0000C6
:1038B00044697361626C6520746865206C696D6928
:1038C00074207369676E616C732070756C6C7570B1
:1038D000207265736973746F72732E20506F7465F4
:1038E0006E7469616C6C7920656E61626C657320C1
:1038F00070756C6C646F776E207265736973746F2A
:10390000727320696620617661696C61626C652EF4
:103910000000000044697361626C65207468652072
:1039200070726F6265207369676E616C2070756C70
:103930006C7570207265736973746F722873292EA9
:1039400020506F74656E7469616C6C7920656E616E
:10395000626C65732070756C6C646F776E20726535
:10396000736973746F7228732920696620617661A8
:10397000696C61626C652E00456E61626C657320D6
:10398000736F6674206C696D697473206368656316
:103990006B732077697468696E206D616368696E06
:1039A000652074726176656C20616E642073657445
:1039B0007320616C61726D207768656E2065786335
:1039C00065656465642E2052657175697265732042
:1039D000686F6D696E672E005768656E20656E6151
:1039E000626C656420696D6D6564696174656C798C
:1039F0002068616C7473206D6F74696F6E20616EE6
:103A000064207468726F777320616E20616C6172DC
:103A10006D207768656E2061206C696D6974207314
:103A20007769746368206973207472696767657267
:103A300065642E20496E20737472696374206D6F03
:103A40006465206F6E6C7920686F6D696E672069A0
:103A50007320706F737369626C65207768656E2080
:103A6000612073776974636820697320656E67618C
:103A70006765642E00000000456E61626C6573200E
:103A8000686F6D696E67206379636C652E2052657F
:103A9000717569726573206C696D697420737769DB
:103AA0007463686573206F6E206178657320746F2E
:103AB000206265206175746F6D61746963616C6CFF
:103AC0007920686F6D65642E5C6E5C6E5768656EFC
:103AD0002060456E61626C652073696E676C65205D
:103AE0006178697320636F6D6D616E6473602069C6
:103AF0007320636865636B65642C2073696E676C03
:103B000065206178697320686F6D696E67206361F5
:103B10006E20626520706572666F726D65642062EA
:103B2000792024483C61786973206C6574746572EF
:103B30003E20636F6D6D616E64732E5C6E5C6E57BC
:103B400068656E2060416C6C6F77206D616E756189
:103B50006C6020697320636865636B65642C206109
:103B6000786573206E6F7420686F6D656420617571
:103B7000746F6D61746963616C6C79206D6179201B
:103B8000626520686F6D6564206D616E75616C6C37
:103B900079206279202448206F722024483C617883
:103BA0006973206C65747465723E20636F6D6D611E
:103BB0006E64732E5C6E5C6E604F766572726964C3
:103BC00065206C6F636B736020697320666F722071
:103BD000616C6C6F77696E67206120736F6674200B
:103BE000726573657420746F2064697361626C65BB
:103BF0002060486F6D696E67206F6E20737461720C
:103C0000747570207265717569726564602E00004C
:103C1000486F6D696E6720736561726368657320B4
:103C2000666F7220612073776974636820696E2003
:103C300074686520706F7369746976652064697251
:103C4000656374696F6E2E205365742061786973A3
:103C50002062697420746F207365617263682069E3
:103C60006E206E656761746976652064697265634C
:103C700074696F6E2E000000466565642072617481
:103C80006520746F20736C6F776C7920656E676147
:103C90006765206C696D6974207377697463682047
:103CA000746F2064657465726D696E6520697473E4
:103CB000206C6F636174696F6E20616363757261FC
:103CC00074656C792E0000005365656B2072617419
:103CD0006520746F20717569636B6C792066696EFD
:103CE0006420746865206C696D69742073776974E9
:103CF0006368206265666F72652074686520736C06
:103D00006F776572206C6F636174696E672070688D
:103D10006173652E00000000536574732061207389
:103D2000686F72742064656C617920626574776570
:103D3000656E20706861736573206F6620686F6DB3
:103D4000696E67206379636C6520746F206C65749D
:103D5000206120737769746368206465626F756E93
:103D600063652E00526574726163742064697374B4
:103D7000616E63652061667465722074726967673D
:103D80006572696E672073776974636820746F2049
:103D9000646973656E676167652069742E20486F7A
:103DA0006D696E672077696C6C206661696C20694B
:103DB00066207377697463682069736E2774206363
:103DC0006C65617265642E004737332072657472CA
:103DD0006163742064697374616E63652028666F23
:103DE00072206368697020627265616B696E67201A
:103DF0006472696C6C696E67292E0000537465707B
:103E00002070756C73652064656C61792E5C6E5CE6
:103E10006E5768656E20736574203E203020616E99
:103E200064206C657373207468616E20322074683E
:103E3000652076616C756520697320726F756E649C
:103E4000656420757020746F2032206D6963726F15
:103E50007365636F6E64732E000000004D617869B6
:103E60006D756D207370696E646C65207370656527
:103E7000642C2063616E206265206F7665727269C2
:103E80006464656E206279207370696E646C65206D
:103E9000706C7567696E732E000000004D696E6965
:103EA0006D756D207370696E646C652073706565E7
:103EB000642C2063616E206265206F766572726982
:103EC0006464656E206279207370696E646C65202D
:103ED000706C7567696E732E5C6E5C6E5768656E8C
:103EE00020736574203E203020243335202850571D
:103EF0004D206D696E2076616C756529206D617944
:103F0000206861766520746F206265207365742077
:103F1000746F206765742074686520636F6E6669CE
:103F200067757265642052504D2E00004C617365B8
:103F300072206D6F64653A20636F6E73656375748C
:103F40006976652047312F322F3320636F6D6D61A5
:103F50006E64732077696C6C206E6F742068616C7E
:103F600074207768656E207370696E646C65207369
:103F700070656564206973206368616E6765642E8F
:103F80005C6E4C61746865206D6F64653A20616C8D
:103F90006C6F777320757365206F662047372C2010
:103FA00047382C2047393620616E64204739372E38
:103FB000000000005370696E646C652050574D20FE
:103FC0006672657175656E63792E00005370696E57
:103FD000646C652050574D206F66662076616C7565
:103FE0006520696E2070657263656E742028647543
:103FF0007479206379636C65292E00005370696EB3
:10400000646C652050574D206D696E2076616C752B
:104010006520696E2070657263656E742028647512
:104020007479206379636C65292E00005370696E82
:10403000646C652050574D206D61782076616C75F9
:104040006520696E2070657263656E7420286475E2
:104050007479206379636C65292E00005370656361
:104060006966696573207768696368207374657031
:1040700070657273206E6F7420746F206469736151
:10408000626C65207768656E2073746F707065640C
:104090002E0000005370696E646C6520656E636F5E
:1040A0006465722070756C73657320706572207220
:1040B00065766F6C7574696F6E2E0000456E616277
:1040C0006C657320226E6F726D616C222070726F4E
:1040D00063657373696E67206F66203F2C20212013
:1040E000616E64207E2063686172616374657273BF
:1040F000207768656E2070617274206F6620242DB1
:1041000073657474696E67206F7220636F6D6D657F
:104110006E742E2049662064697361626C65642048
:104120007468656E207468657920617265206164C9
:1041300064656420746F2074686520696E7075749E
:1041400020737472696E6720696E73746561642E82
:10415000000000004C696D6974206A6F6720636F0E
:104160006D6D616E647320746F206D616368696E3C
:104170006520776F726B737061636520666F722064
:10418000686F6D656420617865732E00456E6162AD
:104190006C6573207061726B696E67206379636C04
:1041A000652C207265717569726573207061726B20
:1041B000696E67206178697320686F6D65642E0091
:1041C000446566696E65207768696368206178690F
:1041D00073207468617420706572666F726D7320ED
:1041E000746865207061726B696E67206D6F7469A9
:1041F0006F6E2E004E756D626572206F6620686F5F
:104200006D696E67207061737365732E204D696EE2
:10421000696D756D20312C206D6178696D756D202B
:104220003132382E000000004178657320746F2011
:10423000686F6D6520696E2066697273742070689E
:104240006173652E000000004178657320746F2053
:10425000686F6D6520696E207365636F6E64207092
:10426000686173652E0000004178657320746F20CB
:10427000686F6D6520696E2074686972642070686B
:104280006173652E0000000053746570206A6F67CB
:1042900067696E6720737065656420696E206D695B
:1042A0006C6C696D657465727320706572206D69E0
:1042B0006E7574652E000000536C6F77206A6F670F
:1042C00067696E6720737065656420696E206D692B
:1042D0006C6C696D657465727320706572206D69B0
:1042E0006E7574652E00000046617374206A6F67F6
:1042F00067696E6720737065656420696E206D69FB
:104300006C6C696D657465727320706572206D697F
:104310006E7574652E0000004A6F672064697374BF
:10432000616E636520666F722073696E676C6520CD
:1043300073746570206A6F6767696E672E0000008E
:104340004A6F672064697374616E63652062656695
:104350006F7265206175746F6D6174696320737429
:104360006F702E005370696E646C652070756C6C94
:104370002D6F757420616E6420706C756E6765209A
:1043800064697374616E636520696E206D6D2E497A
:104390006E6372656D656E74616C206469737461BF
:1043A0006E63652E000000005370696E646C6520BA
:1043B00070756C6C2D6F75742F706C756E676520E1
:1043C000736C6F772066656564207261746520691F
:1043D0006E206D6D2F6D696E2E0000005061726B46
:1043E000696E672061786973207461726765742EE5
:1043F00020496E206D6D2C206173206D61636869AA
:104400006E6520636F6F7264696E617465205B2DE9
:104410006D61785F74726176656C2C20305D2E0062
:104420005061726B696E672066617374207261748B
:104430006520746F207461726765742061667465AD
:10444000722070756C6C2D6F757420696E206D6DA7
:104450002F6D696E2E000000526573746F726520B7
:104460006F766572726964657320746F2064656627
:1044700061756C742076616C756573206174207051
:10448000726F6772616D20656E642E00456E6162A9
:104490006C6520746869732069662069742069738B
:1044A00020646573697261626C6520746F206F703F
:1044B000656E207468652073616665747920646F29
:1044C0006F72207768656E20696E2049444C4520E4
:1044D0006D6F6465202865672E20666F72206A6F95
:1044E0006767696E67292E00456E61626C6520738F
:1044F0006C656570206D6F64652E000041637469A2
:104500006F6E732074616B656E20647572696E677F
:10451000206665656420686F6C6420616E64206F3E
:104520006E20726573756D652066726F6D206665AD
:10453000656420686F6C642E000000005374617223
:104540007420696E20616C61726D206D6F646520EE
:104550006166746572206120636F6C64207265739C
:1045600065742E00416C6C6F772066656564206F02
:104570007665727269646520647572696E67207011
:10458000726F62696E6720616E642F6F72206C6952
:104590006D69742070726F62696E6720636F6D6DF4
:1045A000616E647320746F206D616368696E65204D
:1045B000776F726B737061636520666F7220686FCE
:1045C0006D656420617865732E0000005370696E1C
:1045D000646C652073796E6320504944206D617866
:1045E00020696E7465677261746F72206572726F94
:1045F000722E000054726176656C207265736F6C68
:104600007574696F6E20696E2073746570732070A5
:104610006572206D696C6C696D657465722E000041
:1046200054726176656C207265736F6C7574696F16
:104630006E20696E207374657073207065722064DB
:1046400065677265652E00004D6178696D756D2036
:10465000726174652E205573656420617320473044
:1046600020726170696420726174652E0000000020
:10467000416363656C65726174696F6E2E2055735A
:10468000656420666F72206D6F74696F6E20706C48
:10469000616E6E696E6720746F206E6F742065782E
:1046A00063656564206D6F746F7220746F727175CD
:1046B0006520616E64206C6F736520737465707320
:1046C0002E0000004D6178696D756D206178697309
:1046D0002074726176656C2064697374616E6365C1
:1046E0002066726F6D20686F6D696E6720737769E1
:1046F0007463682E2044657465726D696E657320FD
:1047000076616C6964206D616368696E65207370A1
:1047100061636520666F7220736F66742D6C696DBE
:1047200069747320616E6420686F6D696E672073B1
:1047300065617263682064697374616E6365732E6A
:10474000000000004F6666736574206265747765CB
:10475000656E20736964657320746F20636F6D707C
:10476000656E7361746520666F7220686F6D696E27
:104770006720737769746368657320696E6163632A
:10478000757261636965732E000000005370696E75
:10479000646C6520617420737065656420746F6C4F
:1047A0006572616E63652061732070657263656E0A
:1047B0007461676520646576696174696F6E2066EF
:1047C000726F6D2070726F6772616D6D65642073BA
:1047D000706565642C2073657420746F20302074BC
:1047E0006F2064697361626C652E5C6E4966206E31
:1047F0006F742077697468696E20746F6C6572617C
:104800006E63652061667465722074696D656F758D
:104810007420736574206279207370696E646C65AE
:10482000206F6E2064656C61792028243339342927
:1048300020616C61726D203134206973207261696E
:104840007365642E5C6E4E4F54453A206966207441
:104850006865207370696E646C65206F6E20646596
:104860006C61792069732073657420746F20302027
:104870007468652074696D656F7574206465666120
:10488000756C747320746F206F6E65206D696E7522
:1048900074652E004E6F726D616C3A20616C6C6FA6
:1048A0007773206A6F6767696E6720666F72206D25
:1048B000616E75616C20746F756368206F66662E1B
:1048C00020536574206E657720706F736974696F0B
:1048D0006E206D616E75616C6C792E5C6E5C6E4DD8
:1048E000616E75616C20746F756368206F66663ADF
:1048F0002072617069647320746F20746F6F6C2014
:104900006368616E676520706F736974696F6E2C80
:1049100020757365206A6F6767696E67206F722004
:104920002454505720666F7220746F756368206F2F
:1049300066662E5C6E5C6E4D616E75616C20746F88
:10494000756368206F66662040204735392E333AFC
:104950002072617069647320746F20746F6F6C20B3
:104960006368616E676520706F736974696F6E2C20
:10497000206166746572206368616E676520746F7C
:10498000204735392E3320706F736974696F6E203C
:10499000666F72206D616E75616C20746F756368EF
:1049A000206F66662E20557365206A6F6767696E93
:1049B00067206F72202454505720666F7220746FE6
:1049C000756368206F66662E5C6E5C6E4175746FF1
:1049D0006D6174696320746F756368206F6666200B
:1049E00040204735392E333A207261706964732054
:1049F000746F20746F6F6C206368616E67652070E0
:104A00006F736974696F6E2C2061667465722063C0
:104A100068616E676520746F204735392E332070CA
:104A20006F736974696F6E20666F72206175746F41
:104A30006D6174696320746F756368206F66662E9C
:104A40005C6E5C6E446570656E64696E67206F6E47
:104A50002073657474696E67732074686520746F61
:104A60006F6C2028636F6E74726F6C6C656420705D
:104A70006F696E74292077696C6C206265206D6F98
:104A8000766564206261636B20746F2074686520B2
:104A9000746F206F726967696E616C20706F7369E3
:104AA00074696F6E20616674657220746F756368D7
:104AB000206F66662E2022746F6F6C206368616EB3
:104AC000676520706F736974696F6E222069732047
:104AD00065697468657220746F6F6C2061786973A2
:104AE00020686F6D652C204735392E33206F72207A
:104AF00047333020706F736974696F6E206465701E
:104B0000656E64696E67206F6E2073657474696E7C
:104B100067732E004D6178696D756D2070726F62DC
:104B2000696E672064697374616E636520666F7275
:104B3000206175746F6D61746963206F72202454F5
:104B4000505720746F756368206F66662E000000F2
:104B500046656564207261746520746F20736C6FA4
:104B6000776C7920656E6761676520746F6F6C2064
:104B70006368616E67652073656E736F7220746F12
:104B80002064657465726D696E6520746865207453
:104B90006F6F6C206F6666736574206163637572F6
:104BA0006174656C792E00005365656B20726174C9
:104BB0006520746F20717569636B6C792066696E0E
:104BC000642074686520746F6F6C206368616E6721
:104BD000652073656E736F72206265666F72652003
:104BE00074686520736C6F776572206C6F63617495
:104BF000696E672070686173652E000050756C6C7B
:104C00002D6F6666207261746520666F722074680D
:104C1000652072657472616374206D6F76652062C1
:104C200065666F72652074686520736C6F77657256
:104C3000206C6F636174696E672070686173652EA4
:104C400000000000526573746F726520706F7369A5
:104C500074696F6E206166746572204D363A2077F4
:104C600068656E2073657420746865207370696E62
:104C7000646C65206973206D6F76656420736F20A6
:104C8000746861742074686520636F6E74726F6CF1
:104C90006C656420706F696E742028746F6F6C206F
:104CA00074697029206973207468652073616D656B
:104CB000206173206265666F726520746865204D9F
:104CC0003620636F6D6D616E642C6966206E6F7443
:104CD00020746865207370696E646C652069732048
:104CE0006F6E6C79206D6F76656420746F207468C8
:104CF00065205A20686F6D6520706F736974696FE5
:104D00006E2E5C6E5C6E4368616E676520746F6FBB
:104D10006C206174204733303A207768656E2073C9
:104D200065742072617069647320746F20746865A3
:104D30002047333020706F736974696F6E20766915
:104D40006120746F6F6C206178697320686F6D6586
:104D50002E205265717569726573206178657320C4
:104D6000746F20626520686F6D65642E5C6E5C6E8A
:104D7000466173742070726F62652070756C6C6F21
:104D800066663A20757365204733382E3420737475
:104D9000796C652070726F62696E6720666F722031
:104DA00066617374657220746F756368206F6666E0
:104DB0002E0000004475616C2061786973206C6579
:104DC0006E677468206661696C20696E2070657218
:104DD00063656E74206F662061786973206D6178F9
:104DE0002074726176656C2E000000004475616C61
:104DF0002061786973206C656E67746820666169EC
:104E00006C206D696E696D756D2064697374616E77
:104E100063652E004475616C2061786973206C6550
:104E20006E677468206661696C206D6178696D7564
:104E30006D2064697374616E63652E0044697361EB
:104E4000626C657320736176652F726573746F721F
:104E500065206F6620473932206F6666736574205F
:104E6000746F206E6F6E2D766F6C6174696C652047
:104E700073746F7261676520284E5653292E0000A7
:104E800044656C617920746F20616C6C6F7720735E
:104E900070696E646C6520746F207370696E207524
:104EA0007020616674657220736166657479206430
:104EB0006F6F7220697320636C6F736564206F720B
:104EC000206F6E20726573756D652066726F6D2040
:104ED0007061726B2E00000044656C617920746F04
:104EE00020616C6C6F7720636F6F6C616E742074DF
:104EF0006F207265737461727420616674657220CC
:104F000073616665747920646F6F722069732063C2
:104F10006C6F736564206F72206F6E20726573759D
:104F20006D652066726F6D207061726B2E000000DF
:104F300044656C617920746F20616C6C6F772073AD
:104F400070696E646C6520746F207370696E207573
:104F5000702E2030206F7220302E35202D203230E0
:104F6000735C6E4966207370696E646C652073753E
:104F700070706F7274732022617420737065656441
:104F8000222066756E6374696F6E616C6974792036
:104F90006974206973207468652074696D65207474
:104FA0006F2077616974206265666F726520616C3D
:104FB00061726D2031342069732072616973656498
:104FC0002E0000005370696E646C652073656C651B
:104FD00063746564206F6E20737461727475702ED3
:104FE000000000004E756D626572206F6620626C75
:104FF0006F636B7320696E2074686520706C616EDE
:105000006E6572206275666665722E00496E746503
:105010007276616C20746865207265616C207469B9
:105020006D65207265706F72742077696C6C206298
:10503000652073656E742C2073657420746F203046
:1050400020746F2064697361626C652E000000003B
:105050004F666673657420696E20686F7572732081
:1050600066726F6D205554432E0000004966207310
:10507000657420756E6C6F636B2028627920736590
:105080006E64696E672024582920697320726571E7
:1050900075697265642061667465722072657365F6
:1050A0007474696E67206120636C65617265642049
:1050B000452D53746F7020636F6E646974696F6EF1
:1050C0002E0000004C6F636B20636F6F7264696E1B
:1050D0006174652073797374656D732061676169AC
:1050E0006E7374206163636964656E74616C2063C0
:1050F00068616E6765732E0044656C617920746F1A
:1051000020616C6C6F77207370696E646C652074BD
:105110006F207370696E20646F776E2E2030206F61
:105120007220302E35202D203230735C6E4966207F
:105130007370696E646C6520737570706F727473D0
:1051400020226174207370656564222066756E6329
:1051500074696F6E616C6974792069742069732059
:105160007468652074696D6520746F207761697457
:10517000206265666F726520616C61726D203134EA
:10518000206973207261697365642E0053706563D2
:105190006966696573207768696368207370696EF2
:1051A000646C65206861732074686520656E636F48
:1051B0006465722061747461636865642E00000028
:1051C0004175746F206D6F756E7420534420636158
:1051D0007264206F6E20737461727475702E00009B
:1051E000496E76657274732074686520617869739E
:1051F00020686F6D6520696E707574207369676EC5
:10520000616C732E0000000044656C617920746F3E
:1052100020616C6C6F7720636F6F6C616E742074AB
:105220006F2073746172742E2030206F7220302EC4
:1052300035202D203230732E00000000436F6E7435
:10524000726F6C7320616374696F6E732074616B2D
:10525000656E206F6E206120736F667420726573B7
:1052600065742E0044656C61792066726F6D2073E1
:1052700074657070657220656E61626C6520746F14
:105280002066697273742073746570206F75747012
:1052900075742E2054686520647269766572207476
:1052A00079706963616C6C792061646473207E320B
:1052B0006D7320746F20746869732E005374657069
:1052C0002070756C73652074696D65006D6963721B
:1052D0006F7365636F6E64730000000053746570D4
:1052E0002069646C652064656C6179006D696C6C23
:1052F000697365636F6E64730000000023232323CA
:1053000030000000363535333500000053746570C9
:105310002070756C736520696E766572740000008C
:105320005374657020646972656374696F6E206977
:105330006E76657274000000496E76657274207333
:1053400074657070657220656E61626C65206F7542
:105350007470757428732900496E76657274206CB8
:10536000696D697420696E7075747300496E766535
:1053700072742070726F626520696E70757473004C
:1053800044657072656361746564000047616E67AF
:105390006564206178657320646972656374696F00
:1053A0006E20696E766572740000000050574D20C3
:1053B0007370696E646C65206F7074696F6E7300D2
:1053C000456E61626C652C52504D20636F6E747235
:1053D0006F6C73207370696E646C6520656E6162BA
:1053E0006C65207369676E616C2C44697361626CD3
:1053F00065206C61736572206D6F646520636170F8
:105400006162696C69747900537461747573207298
:1054100065706F7274206F7074696F6E7300000036
:10542000506F736974696F6E20696E206D61636877
:10543000696E6520636F6F7264696E6174652C427A
:1054400075666665722073746174652C4C696E654F
:10545000206E756D626572732C466565642026202A
:1054600073706565642C50696E2073746174652C6B
:10547000576F726B20636F6F7264696E6174652021
:105480006F66667365742C4F7665727269646573B6
:105490002C50726F626520636F6F7264696E617405
:1054A00065732C4275666665722073796E63206F32
:1054B0006E2057434F206368616E67652C506172A0
:1054C0007365722073746174652C416C61726D2018
:1054D0007375627374617475732C52756E20737575
:1054E000627374617475732C456E61626C652077AC
:1054F00068656E20686F6D696E672C4469737461AE
:105500006E63652D746F2D676F0000004A756E63C2
:1055100074696F6E20646576696174696F6E0000EE
:105520006D6D00002323232323302E303030000004
:1055300041726320746F6C6572616E636500000078
:105540005265706F727420696E20696E636865734E
:1055500000000000496E7665727420636F6E74728D
:105560006F6C20696E70757473000000496E76650B
:10557000727420636F6F6C616E74206F75747075D8
:1055800074730000496E76657274207370696E647E
:105590006C65207369676E616C73000050756C6C8C
:1055A00075702064697361626C6520636F6E7472DC
:1055B0006F6C20696E7075747300000050756C6CB0
:1055C00075702064697361626C65206C696D6974C3
:1055D00020696E707574730050756C6C7570206402
:1055E000697361626C652070726F626520696E70AC
:1055F00075747300536F6674206C696D69747320E1
:10560000656E61626C65000048617264206C696D52
:1056100069747320656E61626C650000456E61623D
:105620006C652C537472696374206D6F646500003F
:10563000486F6D696E67206379636C6500000000D8
:10564000486F6D696E6720646972656374696F6E17
:1056500020696E7665727400486F6D696E67206CA4
:105660006F636174652066656564207261746500AE
:105670006D6D2F6D696E00002323232323302E30A0
:1056800000000000486F6D696E672073656172638A
:1056900068207365656B207261746500486F6D6981
:1056A0006E6720737769746368206465626F756ED6
:1056B00063652064656C617900000000232330007D
:1056C000486F6D696E6720737769746368207075C1
:1056D0006C6C2D6F66662064697374616E6365001F
:1056E0004737332052657472616374206469737440
:1056F000616E63650000000050756C736520646521
:105700006C6179004D6178696D756D207370696E9B
:10571000646C6520737065656400000052504D0034
:105720004D696E696D756D207370696E646C65206E
:1057300073706565640000004D6F6465206F6620BE
:105740006F7065726174696F6E0000004E6F726DEC
:10575000616C2C4C61736572206D6F64652C4C61BB
:10576000746865206D6F6465000000005370696E99
:10577000646C652050574D206672657175656E6367
:1057800079000000487A00002323232323300000FF
:105790005370696E646C652050574D206F666620AB
:1057A00076616C756500000070657263656E7400EB
:1057B0002323302E30000000313030005370696EEA
:1057C000646C652050574D206D696E2076616C7554
:1057D000650000005370696E646C652050574D2061
:1057E0006D61782076616C7565000000537465709A
:1057F0007065727320746F206B65657020656E61D3
:10580000626C6564000000005370696E646C652012
:1058100070756C73657320706572207265766F6C3D
:105820007574696F6E20285050522900232323304D
:1058300000000000456E61626C65206C6567616305
:105840007920525420636F6D6D616E6473000000A7
:105850004C696D6974206A6F6720636F6D6D616E4E
:10586000647300005061726B696E67206379636CCA
:1058700065000000456E61626C652C44656163746F
:1058800069766174652075706F6E20696E69742C1D
:10589000456E61626C65207061726B696E67206F26
:1058A0007665727269646520636F6E74726F6C00E6
:1058B0005061726B696E6720617869730000000047
:1058C000582C592C5A000000486F6D696E67207083
:1058D000617373657300000031323800417865737D
:1058E00020686F6D696E672C206669727374207012
:1058F00068617365000000004178657320686F6D12
:10590000696E672C207365636F6E642070686173C5
:10591000650000004178657320686F6D696E672CC3
:10592000207468697264207068617365000000000B
:105930005061726B696E672070756C6C2D6F757439
:105940002064697374616E63650000002323233053
:105950002E3000005061726B696E672070756C6C40
:105960002D6F757420726174650000005061726B58
:10597000696E672074617267657400002D232323AC
:10598000302E30002D313030303030005061726BAD
:10599000696E67206661737420726174650000002F
:1059A000526573746F7265206F7665727269646593
:1059B0007300000053616665747920646F6F722014
:1059C0006F7074696F6E730049676E6F72652077D0
:1059D00068656E2069646C652C4B65657020636F2B
:1059E0006F6C616E74207374617465206F6E206FCC
:1059F00070656E00536C65657020656E61626C65E4
:105A0000000000004665656420686F6C6420616377
:105A100074696F6E7300000044697361626C652085
:105A20006C6173657220647572696E6720686F6C53
:105A3000642C526573746F7265207370696E646C48
:105A40006520616E6420636F6F6C616E7420737487
:105A5000617465206F6E20726573756D650000005E
:105A6000466F72636520696E697420616C61726D46
:105A70000000000050726F62696E67206F70746979
:105A80006F6E73005370696E646C652073796E631A
:105A900020502D6761696E00232323302E30303073
:105AA000000000005370696E646C652073796E634A
:105AB00020492D6761696E005370696E646C6520C2
:105AC00073796E6320442D6761696E005370696E4F
:105AD000646C652073796E6320504944206D617851
:105AE0002049206572726F72000000002D61786994
:105AF000732074726176656C207265736F6C757457
:105B0000696F6E002323232323302E30303023236C
:105B1000000000002D61786973206D6178696D75F2
:105B20006D207261746500002D6178697320616376
:105B300063656C65726174696F6E00002D617869D0
:105B400073206D6178696D756D2074726176656C16
:105B5000000000002D61786973206475616C20611C
:105B6000786973206F666673657400002D302E307F
:105B7000303000002D3130002D6178697320686F5E
:105B80006D696E67206C6F6361746520666565641E
:105B900020726174650000002D6178697320686F60
:105BA0006D696E6720736561726368207365656BEC
:105BB00020726174650000005370696E646C65202A
:105BC000617420737065656420746F6C6572616EBA
:105BD00063650000546F6F6C206368616E676520B9
:105BE0006D6F6465000000004E6F726D616C2C4D2E
:105BF000616E75616C20746F756368206F66662CCA
:105C00004D616E75616C20746F756368206F666698
:105C10002040204735392E332C4175746F6D6174E7
:105C2000696320746F756368206F66662040204743
:105C300035392E332C49676E6F7265204D36000062
:105C4000546F6F6C206368616E67652070726F625D
:105C5000696E672064697374616E6365000000009B
:105C6000546F6F6C206368616E6765206C6F636151
:105C700074652066656564207261746500000000CB
:105C8000546F6F6C206368616E6765207365617225
:105C90006368207365656B207261746500000000A5
:105CA000546F6F6C206368616E67652070726F62FD
:105CB000652070756C6C2D6F66662072617465006E
:105CC000546F6F6C206368616E6765206F707469D4
:105CD0006F6E7300526573746F726520706F7369B5
:105CE00074696F6E206166746572204D362C43684E
:105CF000616E676520746F6F6C206174204733306C
:105D00002C466173742070726F62652070756C6CC4
:105D1000206F6666000000004475616C2061786940
:105D200073206C656E677468206661696C000000A2
:105D30004475616C2061786973206C656E67746866
:105D4000206661696C206D696E0000004475616CAD
:105D50002061786973206C656E677468206661697C
:105D60006C206D617800000044697361626C65208D
:105D70004739322070657273697374656E636500AC
:105D80005370696E646C65206F6E2064656C617918
:105D900000000000436F6F6C616E74206F6E2064B2
:105DA000656C61790000000044656661756C742063
:105DB0007370696E646C6500506C616E6E65722004
:105DC00062756666657220626C6F636B73000000BB
:105DD00031303030000000004175746F7265706FB3
:105DE000727420696E74657276616C006D73000068
:105DF000556E6C6F636B2072657175697265642096
:105E0000616674657220452D53746F700000000048
:105E10004B65657020746F6F6C206E756D62657276
:105E2000206F766572207265626F6F7400000000EB
:105E30004C6F636B20636F6F7264696E6174652071
:105E400073797374656D73004735392E312C47357E
:105E5000392E322C4735392E33000000456E636FE2
:105E6000646572207370696E646C65005370696E4E
:105E7000646C65206F66662064656C617900000063
:105E800046696C652073797374656D73206F7074E7
:105E9000696F6E7300000000496E76657274206849
:105EA0006F6D6520696E7075747300004D6F746F4F
:105EB00072207761726E696E6720696E7075747397
:105EC00020656E61626C6500496E76657274206D46
:105ED0006F746F72207761726E696E6720696E7081
:105EE000757473004D6F746F72206661756C7420E9
:105EF000696E7075747320656E61626C6500000078
:105F0000496E76657274206D6F746F72206661756C
:105F10006C7420696E70757473000000526573654F
:105F20007420616374696F6E73000000436C656177
:105F30007220686F6D656420737461747573206975
:105F40006620706F736974696F6E20776173206C5F
:105F50006F73742C436C656172206F666673657431
:105F600073202865786365707420473932292C4383
:105F70006C65617220726170696473206F766572FE
:105F8000726964652C436C65617220666565642086
:105F90006F76657272696465000000005374657005
:105FA00070657220656E61626C652064656C6179F4
:105FB0000000000032353000526F6F7400000000A6
:105FC00047656E6572616C00436F6E74726F6C2012
:105FD0007369676E616C73004C696D69747300005E
:105FE0004475616C2061786973000000436F6F6CC9
:105FF000616E74005370696E646C65005370696EF5
:10600000646C652073796E6300000000546F6F6CE0
:10601000206368616E676500486F6D696E67000098
:1060200050726F62696E67005061726B696E672FA4
:1060300053616665747920646F6F72004A6F676799
:10604000696E670053746570706572005374657093
:1060500070657220647269766572000041786973B8
:1060600000000000582D617869730000592D617897
:10607000697300005A2D6178697300004E554C4CCD
:10608000000000004D50470053455249414C2053F9
:10609000545245414D2041435449564500000000AB
:1060A00054454C4E45542053545245414D20414394
:1060B0005449564500000000574542534F434B4555
:1060C000542053545245414D2041435449564500B4
:1060D000424C5545544F4F54482053545245414D1E
:1060E00020414354495645005072696D61727920D0
:1060F00055415254000000006F7574707574207320
:10610000746570706572206472697665722073744C
:106110006174757300000000656E756D6572617461
:10612000652070696E2062696E64696E6773000035
:106130006F757470757420617578696C69617279B6
:106140002070696E20737461746573002452544327
:10615000202D206F75747075742063757272656E72
:10616000742074696D652E0D0A000000245254439A
:106170003D3C49534F383630312064617465746951
:106180006D653E202D207365742063757272656E97
:10619000742074696D652E0D0A000000746F6767C6
:1061A0006C6520626C6F636B2064656C6574652040
:1061B0007377697463680000746F67676C65206F3C
:1061C0007074696F6E616C2073746F70207377697F
:1061D00074636820284D312900000000746F6767E0
:1061E0006C652073696E676C652073746570706987
:1061F0006E67207377697463680000002448202D5F
:1062000020686F6D6520636F6E666967757265647F
:1062100020617865732E0D0A0000000024483C615F
:106220007869736C65747465723E202D20686F6D9B
:10623000652073696E676C6520617869732E0D0A3D
:1062400000000000245253543D2A202D2072657313
:10625000746F72652F726573657420616C6C207346
:10626000657474696E67732E0D0A000024525354CE
:106270003D24202D20726573746F726520646566FD
:1062800061756C742073657474696E67732E0D0A82
:1062900000000000245253543D26202D20726573C7
:1062A000746F72652064726976657220616E642015
:1062B000706C7567696E2064656661756C742073B7
:1062C000657474696E67732E0D0A0000245253546E
:1062D0003D23202D207265736574206F666673659B
:1062E000747320616E6420746F6F6C2064617461DC
:1062F0002E0D0A00245253543D23202D2072657325
:106300006574206F6666736574732E0D0A00000055
:10631000245352202D207265736574207370696E4A
:10632000646C6520656E636F64657220646174617E
:106330002E0D0A00245344202D206F75747075743F
:10634000207370696E646C6520656E636F6465723E
:1063500020646174612E0D0A0000000048454C5015
:10636000000000006F757470757420706172736541
:1063700072207374617465004A000000244A3D3C39
:1063800067636F64653E202D206A6F67206D6163CF
:1063900068696E6500000000230000006F7574706E
:1063A0007574206F6666736574732C20746F6F6CE0
:1063B000207461626C652C2070726F62696E672058
:1063C000616E6420686F6D6520706F736974696FAA
:1063D0006E0D0A24233D3C6E3E202D206F75747097
:1063E00075742076616C756520666F7220706172BD
:1063F000616D65746572203C6E3E0000243C6E3E0B
:10640000202D206F75747075742073657474696EB7
:1064100067203C6E3E2076616C75650D0A243C6EEB
:106420003E3D3C76616C75653E202D20617373693D
:10643000676E203C76616C75653E20746F207365D5
:106440007474696E6773203C6E3E0D0A2424202DFF
:10645000206F757470757420616C6C207365747432
:10646000696E672076616C7565730D0A24243D3C66
:106470006E3E202D206F7574707574207365747472
:10648000696E672064657461696C7320666F722041
:1064900073657474696E67203C6E3E002B000000CB
:1064A0006F757470757420616C6C20736574746999
:1064B0006E672076616C756573000000534544007B
:1064C000245345443D3C6E3E202D206F75747075FD
:1064D000742073657474696E677320646573637286
:1064E000697074696F6E20666F7220736574746969
:1064F0006E67203C6E3E00004F000000656E6162DA
:106500006C6520636865636B206D6F64652C203C4F
:1065100052657365743E20746F206578697400005D
:10652000756E6C6F636B206D616368696E650000EA
:106530004858000048590000485A0000485353008A
:106540007265706F727420686F6D696E6720737703
:1065500069746368657320737461747573000000F7
:106560002448454C50202D206F7574707574206838
:10657000656C7020746F706963730D0A2448454C14
:1065800050203C746F7069633E202D206F757470CD
:1065900075742068656C7020666F72203C746F7033
:1065A00069633E005350494E444C4553000000007F
:1065B000656E756D6572617465207370696E646C6B
:1065C00065732C2068756D616E207265616461620F
:1065D0006C6500005350494E444C45534800000040
:1065E000656E756D6572617465207370696E646C3B
:1065F00065732C206D616368696E652072656164E6
:1066000061626C6500000000534C5000656E74655B
:106610007220736C656570206D6F6465000000000A
:10662000544C520073657420746F6F6C206F6666F3
:10663000736574207265666572656E63650000003F
:106640005450570070726F626520746F6F6C2070C9
:106650006C617465000000006F7574707574207350
:10666000797374656D20696E666F726D6174696FA0
:106670006E0D0A24493D3C737472696E673E202D8D
:1066800020736574206275696C6420696E666F2082
:10669000737472696E670000492B00006F75747027
:1066A000757420657874656E64656420737973749D
:1066B000656D20696E666F726D6174696F6E000042
:1066C000525354006F7574707574207374617274D2
:1066D0007570206C696E6573000000004E3000001C
:1066E0004E303D3C67636F64653E202D20736574BA
:1066F0002073746172747570206C696E652030004F
:106700004E3100004E313D3C67636F64653E202D85
:10671000207365742073746172747570206C696E77
:106720006520310045410000656E756D65726174CC
:106730006520616C61726D73000000004541470087
:10674000656E756D657261746520616C61726D73E3
:106750002C204772626C20666F726D617474656480
:106760000000000045450000656E756D657261743E
:10677000652073746174757320636F6465730000C2
:1067800045454700656E756D65726174652073746B
:106790006174757320636F6465732C204772626C3B
:1067A00020666F726D617474656400004547000077
:1067B000656E756D65726174652073657474696E5C
:1067C000672067726F75707300000000455300000A
:1067D000656E756D65726174652073657474696E3C
:1067E0006773000045534700656E756D657261748F
:1067F000652073657474696E67732C204772626CD0
:1068000020666F726D6174746564000045534800C2
:10681000656E756D65726174652073657474696EFB
:1068200067732C206772626C48414C20666F726DF2
:106830006174746564000000452A0000656E756D22
:10684000657261746520616C61726D732C20737464
:106850006174757320636F64657320616E64207367
:10686000657474696E67730050494E5300000000F0
:1068700050494E535441544500000000504F52546B
:1068800053000000656E756D6572617465207365F7
:106890007269616C2028554152542920706F7274BE
:1068A000730000004C4556006F7574707574206C51
:1068B00061737420636F6E74726F6C207369676E9E
:1068C000616C206576656E74730000004C494D0064
:1068D0006F75747075742063757272656E74206C58
:1068E000696D69742070696E730000005344000084
:1068F00053520000534453005254430044574E47F0
:1069000052440000746F67676C6520736574746926
:106910006E6720666C61677320666F7220646F77A4
:106920006E677261646500002F0000002E2E00006B
:106930002F6C696E7578636E632F6D617465726913
:10694000616C2E63666700002F7368656574636110
:106950006D2F64656661756C742E746F6F6C730057
:1069600050302C44756D6D79206F757400000000F7
:1069700050312C44756D6D79206F757400000000E6
:10698000544843440000000050322C544843206FC8
:106990006E2F6F666600000050332C5448432074FD
:1069A0006F72636820636F6E74726F6C000000001A
:1069B000544843410000000045302C44756D6D790A
:1069C000206F75740000000045312C44756D6D79A1
:1069D000206F75740000000045322C44756D6D7990
:1069E000206F75740000000045332C544843206626
:1069F000656564206F7665727269646500000000E9
:106A00005448432066656564206F766572726964D8
:106A10006500000054484320656E61626C652F6418
:106A2000697361626C65000054484320746F72633F
:106A30006820636F6E74726F6C0000004172632097
:106A40006F6B000043757474657220646F776E001D
:106A50004375747465722075700000004172632084
:106A6000766F6C7461676500506C61736D61206D49
:106A70006F6465206368616E676564206475652076
:106A8000746F206C61636B206F6620696E70757423
:106A900073210000506C61736D61206D6F6465201F
:106AA0006661696C656420746F20696E69746961E0
:106AB0006C697A6521000000503000005031000000
:106AC00050320000503300004530000045310000D6
:106AD00045320000453300007C5448433A00000032
:106AE0005B4D4154455249414C3A6F3A0000000019
:106AF0007C6E753A000000007C6E613A0000000078
:106B00007C74683A000000007C20203A00000000FD
:106B1000302E3235000000002C54484300000000A5
:106B2000506C61736D61206D6F6465206E6F7420B1
:106B3000617661696C61626C65210000617263203D
:106B40006F6E0000617263206F6B000061726320E2
:106B50006661696C656400006172632064656C61E4
:106B600079000000454D00006F75747075747320D6
:106B7000706C61736D61206D6174657269616C73B5
:106B8000206C69737400000044656C617920667242
:106B90006F6D2063757420737461727420756E74E8
:106BA000696C20544843206163746976617465732D
:106BB0002E000000566172696174696F6E20667202
:106BC0006F6D2074617267657420766F6C74616795
:106BD0006520666F722054484320746F20636F7283
:106BE00072656374206865696768742E0000000030
:106BF00050657263656E74616765206F66204375CA
:106C000074204665656420526174652076656C6FFA
:106C100063697479206E6565647320746F206661A2
:106C20006C6C2062656C6F7720746F206C6F636B87
:106C3000205448432E00000048696768657220763A
:106C4000616C756573206E6565642067726561743B
:106C5000657220766F6C74616765206368616E672A
:106C60006520746F206C6F636B205448432E0000C6
:106C700054686520616D6F756E74206F662074694D
:106C80006D6520746F20776169742066726F6D2066
:106C9000746F726368206F6E20756E74696C20610A
:106CA000206661696C757265206966206172632077
:106CB0006973206E6F742064657465637465642EF7
:106CC000000000005468652074696D652062657479
:106CD0007765656E20616E20617263206661696C04
:106CE00075726520616E6420616E6F7468657220D4
:106CF00061726320737461727420617474656D7065
:106D0000742E0000546865206E756D626572206F88
:106D10006620617474656D7074732061742073747F
:106D2000617274696E6720616E206172632E00006B
:106D30005468652076616C7565207265717569723D
:106D4000656420746F207363616C652074686520CE
:106D500061726320766F6C7461676520696E70750F
:106D60007420746F20646973706C61792074686535
:106D700020636F72726563742061726320766F6C3A
:106D8000746167652E0000005468652076616C753B
:106D90006520726571756972656420746F2064691D
:106DA00073706C6179207A65726F20766F6C747382
:106DB000207768656E207468657265206973207A33
:106DC00065726F2061726320766F6C7461676520F5
:106DD000696E7075742E5C6E466F7220696E697490
:106DE00069616C207365747570206D756C74697061
:106DF0006C79207468652061726320766F6C7461B1
:106E00006765206F75742076616C756520627920E6
:106E10002D3120616E6420656E7465722074686126
:106E20007420666F7220566F6C74616765204F66C0
:106E3000667365742E00000054686520646973747D
:106E4000616E63652074686520746F726368207773
:106E50006F756C64206E65656420746F206D6F764D
:106E60006520746F206368616E67652074686520B3
:106E700061726320766F6C74616765206279206F40
:106E80006E6520766F6C742E5C6E000048696768D2
:106E900020766F6C74616765207468726573686FC3
:106EA0006C6420666F7220417263204F4B2E00008D
:106EB0004C6F7720766F6C746167652074687265BB
:106EC00073686F6C6420666F7220417263204F4B51
:106ED0002E00000041757820706F7274206E756D01
:106EE00062657220746F2075736520666F72206111
:106EF000726320766F6C746167652E205365742011
:106F0000746F202D3120746F2064697361626C6529
:106F10002E00000041757820706F7274206E756DC0
:106F200062657220746F2075736520666F722061D0
:106F30007263206F6B207369676E616C2E205365DE
:106F40007420746F202D3120746F20646973616226
:106F50006C652E0041757820706F7274206E756DAF
:106F600062657220746F2075736520666F7220638E
:106F7000757474657220646F776E207369676E61D3
:106F80006C2E2053657420746F202D3120746F2077
:106F900064697361626C652E0000000041757820A1
:106FA000706F7274206E756D62657220746F2075DB
:106FB000736520666F7220637574746572207570D6
:106FC000207369676E616C2E2053657420746F2086
:106FD0002D3120746F2064697361626C652E00002E
:106FE0005A2D6178697320666565647261746520E5
:106FF000746F2075736520666F72206865696768B5
:107000007420636F7272656374696F6E732061734D
:1070100020612070657263656E74616765206F66BC
:10702000207468652061637475616C20585920660E
:10703000656564726174652E00000000506C6173B8
:107040006D61206D6F646500506C61736D612054DB
:1070500048432064656C617900000000506C6173E6
:107060006D6120544843207468726573686F6C6466
:10707000000000005600000023302E3030000000D9
:10708000506C61736D612054484320502D676169D5
:107090006E000000506C61736D61205448432049BC
:1070A0002D6761696E000000506C61736D61205442
:1070B000484320442D6761696E000000506C617385
:1070C0006D612054484320564144207468726573B2
:1070D000686F6C6400000000506C61736D61205437
:1070E000484320566F6964206F76657272696465E3
:1070F00000000000506C61736D6120417263206676
:1071000061696C2074696D656F7574007365636F78
:107110006E647300506C61736D6120417263207204
:10712000657472792064656C61790000506C6173DC
:107130006D6120417263206D61782072657472699F
:1071400065730000506C61736D612041726320763D
:107150006F6C74616765207363616C65000000008B
:10716000232323302E30303023230000506C6173F2
:107170006D612041726320766F6C74616765206F6A
:107180006666736574000000506C61736D61204128
:107190007263206865696768742070657220766F15
:1071A0006C740000506C61736D6120417263206FDC
:1071B0006B206869676820766F6C7473000000004C
:1071C000506C61736D6120417263206F6B206C6F36
:1071D0007720766F6C74730041726320766F6C74E5
:1071E00061676520706F7274000000002D2330000D
:1071F000417263206F6B20706F72740043757474FA
:10720000657220646F776E20706F727400000000EA
:1072100043757474657220757020706F727400000D
:10722000506C61736D61206F7074696F6E730000D4
:107230005669727475616C20706F7274732C537917
:107240006E63205A20706F736974696F6E0000005E
:10725000506C61736D61205A2066656564206661BB
:1072600063746F7200000000506C61736D61000008
:107270004D4350333232313A000000004E6F2070DF
:107280006F77657200000000706F77660000000085
:1072900073717274660000002C2066756E637469E9
:1072A0006F6E3A2000000000617373657274696F3D
:1072B0006E2022257322206661696C65643A20661F
:1072C000696C6520222573222C206C696E6520254F
:1072D00064257325730A0000504F5349580000007D
:1072E000545A0000474D54002531305B5E302D3933
:1072F0002C2B2D5D256E0000256875256E3A2568BE
:1073000075256E3A256875256E0000004D25687557
:10731000256E2E256875256E2E256875256E000054
:107320002F256875256E3A256875256E3A2568758E
:10733000256E00003031323334353637383941422A
:10734000434445460000000030313233343536378F
:10735000383961626364656600000000286E756CF0
:107360006C290000070000003987010069870100CF
:1073700079870100000000007587010089870100FE
:107380003187010071C3000071C3000095870100BF
:10739000818701007D8701008187010071870100DD
:1073A0007187010071C300008587010000000000A3
:1073B000000000000000000000000000D0000000FD
:1073C00001000000000202000E0202011C02020283
:1073D0002A0202033802020446020205540202068F
:1073E00062020207700202087E0202098C02020A8F
:1073F0009A02020B260303006E030301B703040085
:107400000000000098750020B5DB010003000000BB
:107410009C750020A2000000F9000000830000001D
:107420006E0000004E000000440000001500000047
:1074300029000000FC0000002700000057000000A9
:10744000D1000000F500000034000000DD00000065
:10745000C0000000DB00000062000000950000009A
:10746000990000003C000000430000009000000074
:1074700041000000FE000000510000006300000019
:10748000AB000000DE000000BB000000C5000000F3
:1074900061000000B7000000240000006E00000042
:1074A0003A000000420000004D000000D200000041
:1074B000E000000006000000490000002E0000006F
:1074C000EA00000009000000D10000009200000066
:1074D0001C000000FE0000001D000000EB0000008A
:1074E0001C000000B100000029000000A7000000FF
:1074F0003E000000E80000008200000035000000AF
:10750000F50000002E000000BB0000004400000059
:1075100084000000E90000009C00000070000000F2
:1075200026000000B40000005F0000007E000000A4
:10753000410000003900000091000000D60000006A
:1075400039000000830000005300000039000000F3
:10755000F40000009C000000840000005F000000B8
:107560008B000000BD000000F900000028000000B2
:107570003B0000001F000000F80000009700000022
:10758000FF000000DE000000050000009800000081
:107590000F000000EF0000002F00000011000000AD
:1075A0008B0000005A0000000A0000006D0000007F
:1075B0001F0000006D000000360000007E0000008B
:1075C000CF00000027000000CB00000009000000F1
:1075D000B70000004F000000460000003F00000020
:1075E000660000009E0000005F000000EA0000004E
:1075F0002D0000007500000027000000BA00000008
:10760000C7000000EB000000E5000000F1000000F2
:107610007B0000003D000000070000003900000072
:10762000F70000008A0000005200000092000000F5
:10763000EA0000006B000000FB0000005F0000009B
:10764000B10000001F0000008D0000005D00000080
:107650000800000056000000030000003000000099
:1076600046000000FC0000007B0000006B000000F2
:10767000AB000000F0000000CF000000BC000000E4
:10768000200000009A000000F40000003600000016
:107690001D000000A9000000E300000091000000B0
:1076A000610000005E000000E60000001B0000001A
:1076B000080000006500000099000000850000003F
:1076C0005F00000014000000A0000000680000003F
:1076D000400000008D000000FF000000D800000006
:1076E000800000004D000000730000002700000033
:1076F0003100000006000000060000001500000038
:1077000056000000CA00000073000000A80000003E
:10771000C900000060000000E20000007B000000E3
:10772000C00000008C0000006B000000C9000000D9
:107730001000000000000000010000000200000036
:107740000000000000010000408D00201200000039
:1077500000060000E46200600A0000000002000071
:10776000986200604B000000000700004C6200605F
:107770004B000000000300004862006000000000B1
:1077800001030904306200600000000002030904E4
:10779000186200600000000003030904709A0020D2
:1077A00000000000000000000000000000000000D9
:1077B0007C000000070000003030303030303030C6
:1077C0003030303030303030000000000000000039
:1077D000EC84002054850020BC85002000000000BF
:1077E0000000000000000000000000000000000099
:1077F0000000000000000000000000000000000089
:107800000000000000000000000000000000000078
:107810000000000000000000000000000000000068
:107820000000000000000000000000000000000058
:107830000000000000000000000000000000000048
:107840000000000000000000000000000000000038
:107850000000000000000000000000000000000028
:107860000000000000000000000000000000000018
:107870000000000001000000000000000E33CDAB4E
:1078800034126DE6ECDE05000B0000000000000085
:1078900000000000000000000000000000000000E8
:1078A00000000000000000000000000000000000D8
:1078B00000000000000000000000000000000000C8
:1078C00000000000000000000000000000000000B8
:1078D00000000000000000000000000000000000A8
:1078E0000000000000000000000000000000000098
:1078F0000000000000000000000000000000000088
:107900000000000000000000000000000000000077
:107910000000000000000000000000000000000067
:107920000000000000000000000000000000000057
:107930000000000000000000000000000000000047
:107940000000000000000000000000000000000037
:107950000000000000000000000000000000000027
:107960000000000000000000000000000000000017
:107970000000000000000000000000000000000007
:1079800000000000000000000000000000000000F7
:1079900000000000000000000000000000000000E7
:1079A00000000000000000000000000000000000D7
:1079B00000000000000000000000000000000000C7
:1079C00000000000000000000000000000000000B7
:1079D00000000000000000000000000000000000A7
:1079E0000000000000000000000000000000000097
:1079F0000000000000000000000000000000000087
:107A00000000000000000000000000000000000076
:107A10000000000000000000000000000000000066
:107A20000000000000000000000000000000000056
:107A30000000000000000000000000000000000046
:107A40000000000000000000000000000000000036
:107A50000000000000000000000000000000000026
:107A60000000000000000000000000000000000016
:107A70000000000000000000000000000000000006
:107A800000000000000000000000000000000000F6
:107A900000000000000000000000000000000000E6
:107AA00000000000000000000000000000000000D6
:107AB00000000000000000000000000000000000C6
:107AC00000000000000000000000000000000000B6
:107AD00000000000000000000000000000000000A6
:107AE0000000000000000000000000000000000096
:107AF0000000000000000000000000000000000086
:107B00000000000000000000000000000000000075
:107B10000000000000000000000000000000000065
:107B20000000000000000000000000000000000055
:107B30000000000000000000000000000000000045
:107B40000000000000000000000000000000000035
:107B50000000000000000000000000000000000025
:107B60000000000000000000000000000000000015
:107B70000000000000000000000000000000000005
:107B800000000000000000000000000000000000F5
:107B900000000000000000000000000000000000E5
:107BA00000000000000000000000000000000000D5
:107BB00000000000000000000000000000000000C5
:107BC00000000000000000000000000000000000B5
:107BD00000000000000000000000000000000000A5
:107BE0000000000000000000000000000000000095
:107BF000000000000029DE07007B9A17080500201E
:107C000000000000E803000000000000B1E50000F3
:107C1000A03B202043000000000000000000000006
:107C20000000000000000000000000000000000054
:107C30000000000043000000000000000000000001
:107C40000000000000000000000000000000000034
:107C500000000000430000000000000000000000E1
:107C60000000000000000000000000000000000014
:107C700000000000430000000000000000000000C1
:107C800000000000000000000000000000000000F4
:107C900000000000430000000000000000000000A1
:107CA00000000000000000000000000000000000D4
:107CB0000000000043000000000000000000000081
:107CC00000000000000000000000000000000000B4
:107CD0000000000043000000000000000000000061
:107CE0000000000000000000000000000000000094
:107CF00000000000FD700200693D0200000000006D
:107D00000C060020A01200207834002078340020D7
:107D10007834002078340020783400207834002033
:107D2000783400207834002078340020FFFFFFFFF3
:107D3000FFFFFFFFFFFFFFFFFFFF000001004153B8
:107D4000434949000000000000000000000000005E
:107D5000000000000000000000000000000041538F
:107D6000434949000000000000000000000000003E
:107D70000000000000000000000000000000000003
:107D80000000000000000000B4870020B48700203D
:107D9000BC870020BC870020C4870020C487002047
:107DA000CC870020CC870020D4870020D4870020F7
:107DB000DC870020DC870020E4870020E4870020A7
:107DC000EC870020EC870020F4870020F487002057
:107DD000FC870020FC870020048800200488002005
:107DE0000C8800200C8800201488002014880020B3
:107DF0001C8800201C880020248800202488002063
:107E00002C8800202C880020348800203488002012
:107E10003C8800203C8800204488002044880020C2
:107E20004C8800204C880020548800205488002072
:107E30005C8800205C880020648800206488002022
:107E40006C8800206C8800207488002074880020D2
:107E50007C8800207C880020848800208488002082
:107E60008C8800208C880020948800209488002032
:107E70009C8800209C880020A4880020A4880020E2
:107E8000AC880020AC880020B4880020B488002092
:107E9000BC880020BC880020C4880020C488002042
:107EA000CC880020CC880020D4880020D4880020F2
:107EB000DC880020DC880020E4880020E4880020A2
:107EC000EC880020EC880020F4880020F488002052
:107ED000FC880020FC880020048900200489002000
:107EE0000C8900200C8900201489002014890020AE
:107EF0001C8900201C89002024890020248900205E
:107F00002C8900202C89002034890020348900200D
:107F10003C8900203C8900204489002044890020BD
:107F20004C8900204C89002054890020548900206D
:107F30005C8900205C89002064890020648900201D
:107F40006C8900206C8900207489002074890020CD
:107F50007C8900207C89002084890020848900207D
:107F60008C8900208C89002094890020948900202D
:107F70009C8900209C890020A4890020A4890020DD
:107F8000AC890020AC890020B4890020B48900208D
:107F9000BC890020BC890020C4890020C48900203D
:107FA000CC890020CC890020D4890020D4890020ED
:107FB000DC890020DC890020E4890020E48900209D
:107FC000EC890020EC890020F4890020F48900204D
:107FD000FC890020FC890020048A0020048A0020FB
:107FE0000C8A00200C8A0020148A0020148A0020A9
:107FF0001C8A00201C8A0020248A0020248A002059
:108000002C8A00202C8A0020348A0020348A002008
:108010003C8A00203C8A0020448A0020448A0020B8
:108020004C8A00204C8A0020548A0020548A002068
:108030005C8A00205C8A0020648A0020648A002018
:108040006C8A00206C8A0020748A0020748A0020C8
:108050007C8A00207C8A0020848A0020848A002078
:108060008C8A00208C8A0020948A0020948A002028
:108070009C8A00209C8A0020A48A0020A48A0020D8
:10808000AC8A0020AC8A0020B48A0020B48A002088
:10809000BC8A0020BC8A0020C48A0020C48A002038
:1080A000CC8A0020CC8A0020D48A0020D48A0020E8
:1080B000DC8A0020DC8A0020E48A0020E48A002098
:1080C000EC8A0020EC8A0020F48A0020F48A002048
:1080D000FC8A0020FC8A0020048B0020048B0020F6
:1080E0000C8B00200C8B0020148B0020148B0020A4
:1080F0001C8B00201C8B0020248B0020248B002054
:108100002C8B00202C8B0020348B0020348B002003
:108110003C8B00203C8B0020448B0020448B0020B3
:108120004C8B00204C8B0020548B0020548B002063
:108130005C8B00205C8B0020648B0020648B002013
:108140006C8B00206C8B0020748B0020748B0020C3
:108150007C8B00207C8B0020848B0020848B002073
:108160008C8B00208C8B0020948B0020948B002023
:108170009C8B00209C8B0020A48B0020A48B0020D3
:10818000AC8B0020AC8B0020FFFFFFFF0000020043
:1081900000820020187D0020187D002006FF0300CB
:1081A00040000E00000000000000000001FF03007E
:1081B00002001000000000000000000002FF0300A9
:1081C0000400110000000000000000000EFF03008A
:1081D00000000F0000000000000000008AFF0C00FB
:1081E000000000000000000091FF130000000000EC
:1081F0000000000090FF12000000000000000000DE
:108200006D6D2F7365635E32000000006D6D0000C0
:108210006D6D2F6D696E0000737465702F6D6D004C
:1082200000000000010000005807002000000000CE
:1082300000000000FFFFFFFF148D002052657365F2
:10824000742C4665656420686F6C642C4379636C9C
:10825000652073746172742C53616665747920644F
:108260006F6F722C426C6F636B2064656C65746514
:108270002C4F7074696F6E616C2073746F702C4535
:1082800053746F702C50726F626520636F6E6E65F1
:10829000637465642C4D6F746F72206661756C74C5
:1082A0002C4D6F746F72207761726E696E672C4C03
:1082B000696D697473206F766572726964652C5399
:1082C000696E676C65207374657020626C6F636B98
:1082D00073000000466C6F6F642C4D69737400006E
:1082E0002F000000E45700600000000000000000C4
:1082F00038980020120000003432006000000000B6
:10830000410000006438006000000000120100021B
:10831000EF020140C0168304800201020301000045
:10832000FF000000B1E50000B1E50000CCA6002090
:108330004175746F206D6F756E74205344206361B6
:1083400072642C48696465204C6974746C6546538A
:1083500000000000582D417869732C592D4178692F
:10836000732C5A2D4178697300000000456E6162DC
:108370006C652C456E61626C652073696E676C6517
:10838000206178697320636F6D6D616E64732C4832
:108390006F6D696E67206F6E207374617274757093
:1083A0002072657175697265642C536574206D6106
:1083B0006368696E65206F726967696E20746F20EB
:1083C000302C54776F2073776974636865732073FA
:1083D0006861726573206F6E6520696E7075742CAC
:1083E000416C6C6F77206D616E75616C2C4F76659A
:1083F0007272696465206C6F636B732C4E2F412C15
:10840000557365206C696D6974207377697463684E
:1084100065732C50657220617869732066656564A8
:1084200072617465732C52756E2073746172747509
:10843000702073637269707473206F6E6C79206F33
:108440006E20686F6D696E6720636F6D706C657408
:10845000656400001F000000000000000000140020
:10846000000000000002000014A100200000000035
:1084700000000000000000000000000000000000FC
:1084800024000000000000000000150000000000B3
:10849000000200001CA100200000000000000000FD
:1084A00000000000000000000000000029000000A3
:1084B00000000000000016000000000000020000A4
:1084C00024A10020000000000000000000000000C7
:1084D00000000000000000003F000000000000005D
:1084E00000002400000000000000100064A0002034
:1084F000000000000000000000000000000000007C
:1085000000000000400000000000000000001E000D
:1085100000000000000010006CA00020000000001F
:10852000000000000000000000000000000000004B
:1085300041000000000000000000220000000000D8
:10854000000010007CA000200000000000000000DF
:1085500000000000000000000000000042000000D9
:1085600000000000000023000000000000001000D8
:1085700084A00020000000000000000000000000B7
:1085800000000000000000004300000000000000A8
:108590000000290000000000000010008CA0002056
:1085A00000000000000000000000000000000000CB
:1085B00000000000440000000000000000001C005B
:1085C000000000000000100094A000200000000047
:1085D000000000000000000000000000000000009B
:1085E000450000000000000000001D000000000029
:1085F000000010009CA0002000000000000000000F
:108600000000000000000000000000004600000024
:108610000000000000000F0000000000000010003B
:10862000A4A00020000000000000000000000000E6
:1086300000000000000000004700000000000000F3
:1086400000000E000000000000001000ACA00020A0
:10865000000000000000000000000000000000001A
:1086600000000000480000000000000000001000B2
:108670000000000000001000B4A000200000000076
:1086800000000000000000000000000000000000EA
:108690004900000000000000000011000000000080
:1086A0000000100074A00020000000000000000086
:1086B00000000000000000000000000040420F0029
:1086C00000000000005700000A00000028BB002046
:1086D000000000000000000001480D00020800003A
:1086E000000000000000000000000000000000008A
:1086F00001000000D85700600000000000080000E2
:10870000000800000600000000000000000000005B
:108710000000000000000000000000000000000059
:108720000000000000000000000000000000000049
:108730000000000000000000000000000000000039
:108740000000000000000000000000000000000029
:108750000000000000000000000000005F000000BA
:1087600048B70020020000000700000000000000E1
:1087700000000000000000006100000050B7002071
:1087800004000000070000000000000000000000DE
:10879000000000006300000060B700200600000039
:1087A00007000000000000000000000000000000C2
:1087B0006200000058B70020080000000700000019
:1087C0000000000000000000000000006A0000003F
:1087D000DCA40020030000000800000000000000EE
:1087E00000000000000000006C000000E4A4002075
:1087F000050000000800000000000000000000006C
:10880000000000006E000000F4A40020070000003B
:108810000800000000000000000000000000000050
:108820006D000000ECA4002009000000080000001A
:1088300000000000000000000000000080000000B8
:108840002CA500200A000000060000000000000027
:1088500000000000000000008100000034A500209E
:1088600028000000060000000000000000000000DA
:10887000000000008200000044A500202700000046
:1088800006000000000000000000000000000000E2
:10889000810000003CA5002026000000060000002A
:1088A0000000000000000000000000009200000036
:1088B000BCA000201F000000090000000000000014
:1088C000000000000000000093000000C4A0002091
:1088D000200000000900000000000000000000006F
:1088E0000000000094000000CCA000202100000047
:1088F000090000000000000000000000000000006F
:1089000095000000D4A000200C0000000900000029
:1089100000000000000000000000000096000000C1
:10892000DCA000200B000000090000000000000097
:10893000000000000000000097000000E4A00020FC
:108940000D00000009000000000000000000000011
:108950000000000098000000ECA0002013000000C0
:1089600009000000000000000000000000000000FE
:1089700099000000F4A0002012000000090000008F
:1089800000000000000000000000000000000000E7
:1089900000D00000180000000000000000000000EF
:1089A0000000000000000000024000000000000085
:1089B00000000000000000000000000000000000B7
:1089C00000000000000000000000000000000000A7
:1089D0000000000000000000000000000000000097
:1089E0000000000000000000000000000000000087
:1089F0000000000000000000000000000000000077
:108A00000000000000000000000000000000000066
:108A10000000000000000000000000000000000056
:108A20000000000000000000000000000000000046
:108A30000000000000000000000000000000000036
:108A40000000000000000000000000000000000026
:108A50000000000000000000000000000000000016
:108A60000000000000000000000000000000000006
:108A70000700FFFFFFFF00000800575E0000000036
:108A800000000000000000000000000000000000E6
:108A900000000000000000000100000000000000D5
:108AA00000000000000000000000000000000000C6
:108AB00000000000000000000000000000000000B6
:108AC00000000000000000000000000000000000A6
:108AD0000000000000000000000000000000000096
:108AE0000000000000000000000000000000000086
:108AF0000000000000000000000000000000000076
:108B00000000000000000000000000000000000065
:108B10000000000000000000000000000000000055
:108B20000000000000000000000000000000000045
:108B30000000000000000000000000000000000035
:108B40000000000000000000000000000700FFFF20
:108B5000FFFF00000800AAB10000000000000000B4
:108B60000000000000000000000000000000000005
:108B700000000000020000000000000000000000F3
:108B800000000000000000000000000000000000E5
:108B900000000000000000000000000000000000D5
:108BA00000000000000000000000000000000000C5
:108BB00000000000000000000000000000000000B5
:108BC00000000000000000000000000000000000A5
:108BD0000000000000000000000000000000000095
:108BE0000000000000000000000000000000000085
:108BF0000000000000000000000000000000000075
:108C00000000000000000000000000000000000064
:108C10000000000000000000000000000000000054
:108C200000000000000000001700FFFFFFFF000031
:108C300018003F5600000000000000000000000087
:108C40000000000000000000000000000000000024
:108C50000300000000000000000000000000000011
:108C60000000000000000000000000000000000004
:108C700000000000000000000000000000000000F4
:108C800000000000000000000000000000000000E4
:108C900000000000000000000000000000000000D4
:108CA00000000000000000000000000000000000C4
:108CB00000000000000000000000000000000000B4
:108CC00000000000000000000000000000000000A4
:108CD0000000000000000000000000000000000094
:108CE0000000000000000000000000000000000084
:108CF0000000000000000000000000000000000074
:108D0000000000001700FFFFFFFF0000180092A9FD
:108D10000000000000000000000000000000000053
:108D200000000000000000000000000070AC002007
:108D300050726F62652C546F6F6C736574746572DA
:108D40002C50726F626520320000000002000000AB
:108D5000416C6C6F772066656564206F7665727212
:108D60006964652C4170706C7920736F6674206C37
:108D7000696D6974732C4E2F412C4175746F20738B
:108D8000656C65637420746F6F6C73657474657261
:108D90002C4175746F2073656C6563742070726FFD
:108DA00062652032000000002020202C2072656DBA
:108DB00061707065642066726F6D20503220627938
:108DC0002054484300002020202C2072656D6170E3
:108DD0007065642066726F6D205033206279205474
:108DE000484300002020202C2072656D6170706562
:108DF000642066726F6D20453320627920544843A9
:108E0000000000002F000000000000000000000033
:108E10000000000000000000000000000000000052
:108E20000000000000000000000000000000000042
:108E30000000000000000000000000000000000032
:108E4000000000006C0B0020130000000000000078
:108E50000000000000000000000000000000000012
:108E60000000803F0000803F0000803F00001500B0
:108E70008DE80100CDE4010001130000F45600600C
:108E8000630000003C41006065000000CC530060BE
:108E9000000000000000000025400100000000006C
:108EA00000000000000000000000000001010000C0
:108EB000080C002002000000140C0020020000003A
:108EC000740C00200000000000000000254001009C
:108ED0000000000000000000000000000000000092
:108EE00000010000A45F006016000000845B0060C9
:108EF00016000000D45A006000000000F5CE01000A
:108F0000E1C3010059C6010009C4010000000000CE
:108F100000000000AC9800205370696E646C6520FE
:108F2000656E61626C652C5370696E646C6520645B
:108F30006972656374696F6E2C50574D00000000B4
:108F400001670100C5D001000000000000C201005F
:108F5000000000002491002001000000A0980020E3
:108F60000000000001000000387E0020000000002A
:108F7000000000004F66662C566F6C746167652CAC
:108F800055702F646F776E2C417263206F6B0000F9
:108F9000FFFFFFFF000000000000000000000000D5
:108FA00000000000000000000000000000000000C1
:108FB00000000000000000000000000000000000B1
:108FC00000000000000000000000000000000000A1
:108FD0000000000000000000000000000000000091
:108FE0000000000000000000000000000000000081
:108FF0000000000000000000000000000100000070
:10900000000000004A000000000000000000000016
:109010000000000000000000000000000000000050
:109020004A000000000000000000000000000000F6
:109030000000000000000000000000000C03000021
:109040000000000000000000000000000000000020
:10905000000001010000000000000000000000000E
:109060000000000000000000000000000000000000
:1090700000000000000000000000000000000000F0
:1090800000000000000000000000000000000000E0
:1090900000000000000000000000000000000000D0
:1090A00000000000000000000000000000000000C0
:1090B00000000000000000000000000000000000B0
:1090C00000000000000000000000000000000000A0
:1090D0000000000000000000000000000000000090
:1090E0000000000000000000000000000000000080
:1090F0000000000000000000000000000000000070
:10910000000000000000000000000000000000005F
:10911000000000000000000000000000000000004F
:10912000000000000000000000000000000000003F
:10913000000000000000000000000000000000002F
:10914000000000000000000000000000000000001F
:10915000000000000000000000000000000000000F
:1091600000000000000000000000000000000000FF
:1091700000000000000000000000000000000000EF
:1091800000000000000000000000000000000000DF
:1091900000000000000000000000000000000000CF
:1091A00000000000000000000000000000000000BF
:1091B00000000000000000000000000000000000AF
:1091C000000000000000000000000000000000009F
:1091D000000000000000000000000000000000008F
:1091E000000000000000000000000000000000007F
:1091F000000000000000000000000000000000006F
:10920000000000000000000000000000000000005E
:10921000000000000000000000000000000000004E
:10922000000000000000000000000000000000003E
:10923000000000000000000000000000000000002E
:10924000000000000000000000000000000000001E
:10925000000000000000000000000000000000000E
:1092600000000000000000000000000000000000FE
:1092700000000000000000000000000000000000EE
:1092800000000000000000000000000000000000DE
:1092900000000000000000000000000000000000CE
:1092A00000000000000000000000000000000000BE
:1092B00000000000000000000000000000000000AE
:1092C000000000000000000000000000000000009E
:1092D000000000000000000000000000000000008E
:1092E000000000000000000000000000000000007E
:1092F000000000000000000000000000000000006E
:10930000000000000000000000000000000000005D
:10931000000000000000000000000000000000004D
:10932000000000000000000000000000000000003D
:10933000000000000000000000000000000000002D
:10934000000000000000000000000000000000001D
:10935000000000000000000000000000000000000D
:1093600000000000000000000000000000000000FD
:1093700000000000000000000000000000000000ED
:1093800000000000000000000000000000000000DD
:1093900000000000000000000000000000000000CD
:1093A00000000000000000000000000000000000BD
:1093B00000000000000000000000000000000000AD
:1093C000000000000000000000000000000000009D
:1093D000000000000000000000000000000000008D
:1093E000000000000000000000000000000000007D
:1093F000000000000000000000000000000000006D
:10940000000000000000000000000000000000005C
:10941000000000000000000000000000000000004C
:10942000000000000000000000000000000000003C
:10943000000000000000000000000000000000002C
:10944000000000000000000000000000000000001C
:10945000000000000000000000000000000000000C
:1094600000000000000000000000000000000000FC
:1094700000000000000000000000000000000000EC
:0C948000000000000000000000000000E0
:10948C00FFFFFFFFFFFFFFFFFFFFFFFFFFFFFFFFE0
:10949C00FFFFFFFFFFFFFFFFFFFFFFFFFFFFFFFFD0
:1094AC00FFFFFFFFFFFFFFFFFFFFFFFFFFFFFFFFC0
:1094BC00FFFFFFFFFFFFFFFFFFFFFFFFFFFFFFFFB0
:1094CC00FFFFFFFFFFFFFFFFFFFFFFFFFFFFFFFFA0
:1094DC00FFFFFFFFFFFFFFFFFFFFFFFFFFFFFFFF90
:1094EC00FFFFFFFFFFFFFFFFFFFFFFFFFFFFFFFF80
:1094FC00FFFFFFFFFFFFFFFFFFFFFFFFFFFFFFFF70
:10950C00FFFFFFFFFFFFFFFFFFFFFFFFFFFFFFFF5F
:10951C00FFFFFFFFFFFFFFFFFFFFFFFFFFFFFFFF4F
:10952C00FFFFFFFFFFFFFFFFFFFFFFFFFFFFFFFF3F
:10953C00FFFFFFFFFFFFFFFFFFFFFFFFFFFFFFFF2F
:10954C00FFFFFFFFFFFFFFFFFFFFFFFFFFFFFFFF1F
:10955C00FFFFFFFFFFFFFFFFFFFFFFFFFFFFFFFF0F
:10956C00FFFFFFFFFFFFFFFFFFFFFFFFFFFFFFFFFF
:10957C00FFFFFFFFFFFFFFFFFFFFFFFFFFFFFFFFEF
:10958C00FFFFFFFFFFFFFFFFFFFFFFFFFFFFFFFFDF
:10959C00FFFFFFFFFFFFFFFFFFFFFFFFFFFFFFFFCF
:1095AC00FFFFFFFFFFFFFFFFFFFFFFFFFFFFFFFFBF
:1095BC00FFFFFFFFFFFFFFFFFFFFFFFFFFFFFFFFAF
:1095CC00FFFFFFFFFFFFFFFFFFFFFFFFFFFFFFFF9F
:1095DC00FFFFFFFFFFFFFFFFFFFFFFFFFFFFFFFF8F
:1095EC00FFFFFFFFFFFFFFFFFFFFFFFFFFFFFFFF7F
:1095FC00FFFFFFFFFFFFFFFFFFFFFFFFFFFFFFFF6F
:10960C00FFFFFFFFFFFFFFFFFFFFFFFFFFFFFFFF5E
:10961C00FFFFFFFFFFFFFFFFFFFFFFFFFFFFFFFF4E
:10962C00FFFFFFFFFFFFFFFFFFFFFFFFFFFFFFFF3E
:10963C00FFFFFFFFFFFFFFFFFFFFFFFFFFFFFFFF2E
:10964C00FFFFFFFFFFFFFFFFFFFFFFFFFFFFFFFF1E
:10965C00FFFFFFFFFFFFFFFFFFFFFFFFFFFFFFFF0E
:10966C00FFFFFFFFFFFFFFFFFFFFFFFFFFFFFFFFFE
:10967C00FFFFFFFFFFFFFFFFFFFFFFFFFFFFFFFFEE
:10968C00FFFFFFFFFFFFFFFFFFFFFFFFFFFFFFFFDE
:10969C00FFFFFFFFFFFFFFFFFFFFFFFFFFFFFFFFCE
:1096AC00FFFFFFFFFFFFFFFFFFFFFFFFFFFFFFFFBE
:1096BC00FFFFFFFFFFFFFFFFFFFFFFFFFFFFFFFFAE
:1096CC00FFFFFFFFFFFFFFFFFFFFFFFFFFFFFFFF9E
:1096DC00FFFFFFFFFFFFFFFFFFFFFFFFFFFFFFFF8E
:1096EC00FFFFFFFFFFFFFFFFFFFFFFFFFFFFFFFF7E
:1096FC00FFFFFFFFFFFFFFFFFFFFFFFFFFFFFFFF6E
:10970C00FFFFFFFFFFFFFFFFFFFFFFFFFFFFFFFF5D
:10971C00FFFFFFFFFFFFFFFFFFFFFFFFFFFFFFFF4D
:10972C00FFFFFFFFFFFFFFFFFFFFFFFFFFFFFFFF3D
:10973C00FFFFFFFFFFFFFFFFFFFFFFFFFFFFFFFF2D
:10974C00FFFFFFFFFFFFFFFFFFFFFFFFFFFFFFFF1D
:10975C00FFFFFFFFFFFFFFFFFFFFFFFFFFFFFFFF0D
:10976C00FFFFFFFFFFFFFFFFFFFFFFFFFFFFFFFFFD
:10977C00FFFFFFFFFFFFFFFFFFFFFFFFFFFFFFFFED
:10978C00FFFFFFFFFFFFFFFFFFFFFFFFFFFFFFFFDD
:10979C00FFFFFFFFFFFFFFFFFFFFFFFFFFFFFFFFCD
:1097AC00FFFFFFFFFFFFFFFFFFFFFFFFFFFFFFFFBD
:1097BC00FFFFFFFFFFFFFFFFFFFFFFFFFFFFFFFFAD
:1097CC00FFFFFFFFFFFFFFFFFFFFFFFFFFFFFFFF9D
:1097DC00FFFFFFFFFFFFFFFFFFFFFFFFFFFFFFFF8D
:1097EC00FFFFFFFFFFFFFFFFFFFFFFFFFFFFFFFF7D
:1097FC00FFFFFFFF00000000000000000000000061
:10980C00000000000000000000000000000000004C
:10981C00000000000000000000000000000000003C
:10982C00000000000000000000000000000000002C
:10983C00000000000000000000000000000000001C
:10984C00000000000000000000000000000000000C
:10985C0000000000000000000000000000000000FC
:10986C0000000000000000000000000000000000EC
:10987C0000000000000000000000000000000000DC
:10988C0000000000000000000000000000000000CC
:10989C0000000000000000000000000000000000BC
:1098AC0000000000000000000000000000000000AC
:1098BC00000000000000000000000000000000009C
:1098CC00000000000000000000000000000000008C
:1098DC00000000000000000000000000000000007C
:1098EC00000000000000000000000000000000006C
:1098FC00000000000000000000000000000000005C
:10990C00000000000000000000000000000000004B
:10991C00000000000000000000000000000000003B
:10992C00000000000000000000000000000000002B
:10993C00000000000000000000000000000000001B
:10994C00000000000000000000000000000000000B
:10995C0000000000000000000000000000000000FB
:10996C0000000000000000000000000000000000EB
:10997C0000000000000000000000000000000000DB
:10998C0000000000000000000000000000000000CB
:10999C0000000000000000000000000000000000BB
:1099AC0000000000000000000000000000000000AB
:1099BC00000000000000000000000000000000009B
:1099CC00000000000000000000000000000000008B
:1099DC00000000000000000000000000000000007B
:1099EC00000000000000000000000000000000006B
:1099FC00000000000000000000000000000000005B
:109A0C00000000000000000000000000000000004A
:109A1C00000000000000000000000000000000003A
:109A2C00000000000000000000000000000000002A
:109A3C00000000000000000000000000000000001A
:109A4C00000000000000000000000000000000000A
:109A5C0000000000000000000000000000000000FA
:109A6C0000000000000000000000000000000000EA
:109A7C0000000000000000000000000000000000DA
:109A8C0000000000000000000000000000000000CA
:109A9C0000000000000000000000000000000000BA
:109AAC0000000000000000000000000000000000AA
:109ABC00000000000000000000000000000000009A
:109ACC00000000000000000000000000000000008A
:109ADC00000000000000000000000000000000007A
:109AEC00000000000000000000000000000000006A
:109AFC00000000000000000000000000000000005A
:109B0C000000000000000000000000000000000049
:109B1C000000000000000000000000000000000039
:109B2C000000000000000000000000000000000029
:109B3C000000000000000000000000000000000019
:109B4C000000000000000000000000000000000009
:109B5C0000000000000000000000000000000000F9
:109B6C0000000000000000000000000000000000E9
:109B7C0000000000000000000000000000000000D9
:109B8C0000000000000000000000000000000000C9
:109B9C0000000000000000000000000000000000B9
:109BAC0000000000000000000000000000000000A9
:109BBC000000000000000000000000000000000099
:109BCC000000000000000000000000000000000089
:109BDC000000000000000000000000000000000079
:109BEC000000000000000000000000000000000069
:109BFC000000000000000000000000000000000059
:109C0C000000000000000000000000000000000048
:109C1C000000000000000000000000000000000038
:109C2C000000000000000000000000000000000028
:109C3C000000000000000000000000000000000018
:109C4C000000000000000000000000000000000008
:109C5C0000000000000000000000000000000000F8
:109C6C0000000000000000000000000000000000E8
:109C7C0000000000000000000000000000000000D8
:109C8C0000000000000000000000000000000000C8
:109C9C0000000000000000000000000000000000B8
:109CAC0000000000000000000000000000000000A8
:109CBC000000000000000000000000000000000098
:109CCC000000000000000000000000000000000088
:109CDC000000000000000000000000000000000078
:109CEC000000000000000000000000000000000068
:109CFC000000000000000000000000000000000058
:109D0C000000000000000000000000000000000047
:109D1C000000000000000000000000000000000037
:109D2C000000000000000000000000000000000027
:109D3C000000000000000000000000000000000017
:109D4C000000000000000000000000000000000007
:109D5C0000000000000000000000000000000000F7
:109D6C0000000000000000000000000000000000E7
:109D7C0000000000000000000000000000000000D7
:109D8C0000000000000000000000000000000000C7
:109D9C0000000000000000000000000000000000B7
:109DAC0000000000000000000000000000000000A7
:109DBC000000000000000000000000000000000097
:109DCC000000000000000000000000000000000087
:109DDC000000000000000000000000000000000077
:109DEC000000000000000000000000000000000067
:109DFC000000000000000000000000000000000057
:109E0C000000000000000000000000000000000046
:109E1C000000000000000000000000000000000036
:109E2C000000000000000000000000000000000026
:109E3C000000000000000000000000000000000016
:109E4C000000000000000000000000000000000006
:109E5C0000000000000000000000000000000000F6
:109E6C0000000000000000000000000000000000E6
:109E7C0000000000000000000000000000000000D6
:109E8C0000000000000000000000000000000000C6
:109E9C0000000000000000000000000000000000B6
:109EAC0000000000000000000000000000000000A6
:109EBC000000000000000000000000000000000096
:109ECC000000000000000000000000000000000086
:109EDC000000000000000000000000000000000076
:109EEC000000000000000000000000000000000066
:109EFC000000000000000000000000000000000056
:109F0C000000000000000000000000000000000045
:109F1C000000000000000000000000000000000035
:109F2C000000000000000000000000000000000025
:109F3C000000000000000000000000000000000015
:109F4C000000000000000000000000000000000005
:109F5C0000000000000000000000000000000000F5
:109F6C0000000000000000000000000000000000E5
:109F7C0000000000000000000000000000000000D5
:109F8C0000000000000000000000000000000000C5
:109F9C0000000000000000000000000000000000B5
:109FAC0000000000000000000000000000000000A5
:109FBC000000000000000000000000000000000095
:109FCC000000000000000000000000000000000085
:109FDC000000000000000000000000000000000075
:109FEC000000000000000000000000000000000065
:109FFC000000000000000000000000000000000055
:10A00C000000000000000000000000000000000044
:10A01C000000000000000000000000000000000034
:10A02C000000000000000000000000000000000024
:10A03C000000000000000000000000000000000014
:10A04C000000000000000000000000000000000004
:10A05C0000000000000000000000000000000000F4
:10A06C0000000000000000000000000000000000E4
:10A07C0000000000000000000000000000000000D4
:10A08C0000000000000000000000000000000000C4
:10A09C0000000000000000000000000000000000B4
:10A0AC0000000000000000000000000000000000A4
:10A0BC000000000000000000000000000000000094
:10A0CC000000000000000000000000000000000084
:10A0DC000000000000000000000000000000000074
:10A0EC000000000000000000000000000000000064
:10A0FC000000000000000000000000000000000054
:10A10C000000000000000000000000000000000043
:10A11C000000000000000000000000000000000033
:10A12C000000000000000000000000000000000023
:10A13C000000000000000000000000000000000013
:10A14C000000000000000000000000000000000003
:10A15C0000000000000000000000000000000000F3
:10A16C0000000000000000000000000000000000E3
:10A17C0000000000000000000000000000000000D3
:10A18C0000000000000000000000000000000000C3
:10A19C0000000000000000000000000000000000B3
:10A1AC0000000000000000000000000000000000A3
:10A1BC000000000000000000000000000000000093
:10A1CC000000000000000000000000000000000083
:10A1DC000000000000000000000000000000000073
:10A1EC000000000000000000000000000000000063
:10A1FC000000000000000000000000000000000053
:10A20C000000000000000000000000000000000042
:10A21C000000000000000000000000000000000032
:10A22C000000000000000000000000000000000022
:10A23C000000000000000000000000000000000012
:10A24C000000000000000000000000000000000002
:10A25C0000000000000000000000000000000000F2
:10A26C0000000000000000000000000000000000E2
:10A27C0000000000000000000000000000000000D2
:10A28C0000000000000000000000000000000000C2
:10A29C0000000000000000000000000000000000B2
:10A2AC0000000000000000000000000000000000A2
:10A2BC000000000000000000000000000000000092
:10A2CC000000000000000000000000000000000082
:10A2DC000000000000000000000000000000000072
:10A2EC000000000000000000000000000000000062
:10A2FC000000000000000000000000000000000052
:10A30C000000000000000000000000000000000041
:10A31C000000000000000000000000000000000031
:10A32C000000000000000000000000000000000021
:10A33C000000000000000000000000000000000011
:10A34C000000000000000000000000000000000001
:10A35C0000000000000000000000000000000000F1
:10A36C0000000000000000000000000000000000E1
:10A37C0000000000000000000000000000000000D1
:10A38C0000000000000000000000000000000000C1
:10A39C0000000000000000000000000000000000B1
:10A3AC0000000000000000000000000000000000A1
:10A3BC000000000000000000000000000000000091
:10A3CC000000000000000000000000000000000081
:10A3DC000000000000000000000000000000000071
:10A3EC000000000000000000000000000000000061
:04A3FC00000000005D
:040000056000100087
:00000001FF
